Fecha,Numero_de_Ley,Texto_Original,Texto_Actualizado,Titulo,Asunto,Leyes_Referenciadas,Leyes_que_referencia
2026-09-23,20530,https://parlamento.gub.uy/documentosyleyes/leyes/ley/20530,https://www.impo.com.uy/bases/leyes/20530-2026,"FRIGORÍFICO CASA BLANCA S.A. TRABAJADOR. SEGURO DESEMPLEO. PRÓRROGA.",175124,0,0
2026-09-22,20529,https://parlamento.gub.uy/documentosyleyes/leyes/ley/20529,https://www.impo.com.uy/bases/leyes/20529-2026,"ENCUENTRO CON EL PATRIARCA. INTERÉS NACIONAL. (Declaración).",174397,0,0
2026-09-19,20528,https://parlamento.gub.uy/documentosyleyes/leyes/ley/20528,https://www.impo.com.uy/bases/leyes/20528-2026,"CASMU-IAMPP. FONDO GARANTÍA REESTRUCTURACIÓN PASIVOS DE INSTITUCIONES DE ASISTENCIA MÉDICA COLECTIVA. ARTÍCULOS DESGLOSADOS (Aprobación)",174533,0,0
2026-09-18,20527,https://parlamento.gub.uy/documentosyleyes/leyes/ley/20527,https://www.impo.com.uy/bases/leyes/20527-2026,"DISEÑO INSTITUCIONAL DEL SISTEMA DE CIENCIA, TECNOLOGÍA E INNOVACIÓN. 20 DE OCTUBRE DE 2026. FECHA LÍMITE PARA LA ELEVACIÓN AL PODER EJECUTIVO.",174680,0,0
2026-09-16,20526,https://parlamento.gub.uy/documentosyleyes/leyes/ley/20526,https://www.impo.com.uy/bases/leyes/20526-2026,"BUQUE ROU 22 ""OYARVIDE"". SALIDA PAÍS. AUTORIZACIÓN.",174212,0,0
2026-09-16,20525,https://parlamento.gub.uy/documentosyleyes/leyes/ley/20525,https://www.impo.com.uy/bases/leyes/20525-2026,"INTERCAMBIO PROFESIONAL .GUARDIA NACIONAL DE CONNECTICUT EE.UU. Y FF.AA. URUGUAYAS. DELEGACIÓN. INGRESO AL PAÍS. (Aprobación)",174615,0,0
2026-09-16,20524,https://parlamento.gub.uy/documentosyleyes/leyes/ley/20524,https://www.impo.com.uy/bases/leyes/20524-2026,"DÍA NACIONAL DE LA AGROECOLOGÍA. 3 DE SETIEMBRE DE CADA AÑO. (Declaración).",173892,0,0
2026-09-09,20523,https://parlamento.gub.uy/documentosyleyes/leyes/ley/20523,https://www.impo.com.uy/bases/leyes/20523-2026,"ACUERDO SOBRE LA CREACIÓN DEL INSTITUTO INTERNACIONAL DE VACUNAS.(Aprobación)",166494,0,0
2026-09-09,20522,https://parlamento.gub.uy/documentosyleyes/leyes/ley/20522,https://www.impo.com.uy/bases/leyes/20522-2026,"CONMEMORACIÓN INDEPENDENCIA REPÚBLICA FEDERATIVA DE BRASIL. 7 DE SETIEMBRE 2026. EJERCITO NACIONAL. SALIDA DEL PAÍS. (Aprobación).",174614,0,0
2026-09-09,20521,https://parlamento.gub.uy/documentosyleyes/leyes/ley/20521,https://www.impo.com.uy/bases/leyes/20521-2026,"CUBA-URUGUAY. SERVICIOS DE TRANSPORTE AÉREO. ACUERDO BILATERAL.",164341,0,0
2026-09-09,20520,https://parlamento.gub.uy/documentosyleyes/leyes/ley/20520,https://www.impo.com.uy/bases/leyes/20520-2026,"ESPAÑA-URUGUAY. TRANSPORTE AÉREO. ACUERDO. APROBACIÓN.",167259,0,0
2026-09-04,20519,https://parlamento.gub.uy/documentosyleyes/leyes/ley/20519,https://www.impo.com.uy/bases/leyes/20519-2026,"PROGRAMA PILOTO DE JUSTICIA TERAPÉUTICA - Creación",169088,1,0
2026-08-19,20518,https://parlamento.gub.uy/documentosyleyes/leyes/ley/20518,https://www.impo.com.uy/bases/leyes/20518-2026,"JAPÓN. ESCUELA 138 RÍO BRANCO (CERRO LARGO). DENOMINACIÓN.",169776,0,0
2026-08-19,20517,https://parlamento.gub.uy/documentosyleyes/leyes/ley/20517,https://www.impo.com.uy/bases/leyes/20517-2026,"""ACUERDO PARA LA PROTECCIÓN MUTUA DE LAS INDICACIONES GEOGRÁFICAS ORIGINARIAS EN LOS TERRITORIOS DE LOS ESTADOS PARTE DEL MERCOSUR"". (Aprobación).",172194,0,0
2026-08-14,20516,https://parlamento.gub.uy/documentosyleyes/leyes/ley/20516,https://www.impo.com.uy/bases/leyes/20516-2026,"EJERCICIO COMBINADO ""CEIBO 2026"". INGRESO DE EFECTIVOS MILITARES. EJÉRCITO ARGENTINO. (Autorización).",174172,0,0
2026-08-14,20515,https://parlamento.gub.uy/documentosyleyes/leyes/ley/20515,https://www.impo.com.uy/bases/leyes/20515-2026,"""EJERCICIO DE SIMULACIÓN CONSTRUCTIVA Y VIRTUAL- EJ MINUANO"". SALIDA PAÍS. (Autorización).",173764,0,0
2026-08-13,20514,https://parlamento.gub.uy/documentosyleyes/leyes/ley/20514,https://www.impo.com.uy/bases/leyes/20514-2026,"MARTÍNEZ GARCÍA, Juan Raúl. PENSIÓN GRACIABLE.",166052,0,0
2026-07-28,20513,https://parlamento.gub.uy/documentosyleyes/leyes/ley/20513,https://www.impo.com.uy/bases/leyes/20513-2026,"FONDO DE GARANTÍA PARA REESTRUCTURACIÓN DE PASIVOS DE LAS INSTITUCIONES DE ASISTENCIA MÉDICA COLECTIVA. CASMU-IAMPP. NUEVO ACCESO (Aprobación).",174206,1,0
2026-07-23,20512,https://parlamento.gub.uy/documentosyleyes/leyes/ley/20512,https://www.impo.com.uy/bases/leyes/20512-2026,"MAESTRO MIGUEL SOLER ROCA. Designación a la Escuela N° 60, de poblado La Mina, departamento de Cerro Largo.",152062,0,0
2026-07-23,20511,https://parlamento.gub.uy/documentosyleyes/leyes/ley/20511,https://www.impo.com.uy/bases/leyes/20511-2026,"ACUÑAR MONEDA BCU. CIENTO SETENTA ANIVERSARIO. NACIMIENTO JOSE BATLLE Y ORDOÑEZ.",172940,0,0
2026-07-23,20510,https://parlamento.gub.uy/documentosyleyes/leyes/ley/20510,https://www.impo.com.uy/bases/leyes/20510-2026,"DEFENSA DEL CONSUMIDOR. INTERNALIZACIÓN DE PRINCIPIOS FUNDAMENTALES. MERCOSUR/GMC/RES. N.º 36/19. INCORPORACIÓN.",170635,0,0
2026-07-10,20509,https://parlamento.gub.uy/documentosyleyes/leyes/ley/20509,https://www.impo.com.uy/bases/leyes/20509-2026,"CUERPO DE MARINES SUR DE LOS ESTADOS UNIDOS DE AMÉRICA. INGRESO.",172922,0,0
2026-07-10,20508,https://parlamento.gub.uy/documentosyleyes/leyes/ley/20508,https://www.impo.com.uy/bases/leyes/20508-2026,"MEMORANDUM DE ENTENDIMIENTO ROU-SUIZA.COOPERACIÓN TÉCNICA CON ÉNFASIS EN OTROS PAÍSES.(Aprobación).",169279,0,0
2026-06-26,20507,https://parlamento.gub.uy/documentosyleyes/leyes/ley/20507,https://www.impo.com.uy/bases/leyes/20507-2026,"100 AÑOS DEL PRIMER EJERCICIO DEL DERECHO AL VOTO DE LA MUJER. ACUÑAR MONEDAS CONMEMORATIVAS. AUTORIZACION AL BANCO CENTRAL DEL URUGUAY",172576,0,0
2026-06-26,20506,https://parlamento.gub.uy/documentosyleyes/leyes/ley/20506,https://www.impo.com.uy/bases/leyes/20506-2026,"PROMOCIÓN DEL EMPLEO. (Aprobación).",171629,12,0
2026-06-26,20505,https://parlamento.gub.uy/documentosyleyes/leyes/ley/20505,https://www.impo.com.uy/bases/leyes/20505-2026,"DIROX S.A.. SUBSIDIO POR DESEMPLEO. EXTENSIÓN (Aprobación).",173491,2,0
2026-06-26,20504,https://parlamento.gub.uy/documentosyleyes/leyes/ley/20504,https://www.impo.com.uy/bases/leyes/20504-2026,"FACILIDADES DE PAGO PARA LA CANCELACIÓN DE ADEUDOS CON EL BPS. APROBACIÓN.",173133,0,0
2026-06-26,20503,https://parlamento.gub.uy/documentosyleyes/leyes/ley/20503,https://www.impo.com.uy/bases/leyes/20503-2026,"DUQUE CURBELO, Víctor Edison. PENSIÓN GRACIABLE.",166051,0,0
2026-06-26,20502,https://parlamento.gub.uy/documentosyleyes/leyes/ley/20502,https://www.impo.com.uy/bases/leyes/20502-2026,"LAGE, Walter. PENSIÓN GRACIABLE.",166050,0,0
2026-06-26,20501,https://parlamento.gub.uy/documentosyleyes/leyes/ley/20501,https://www.impo.com.uy/bases/leyes/20501-2026,"SOMICAR S.A. TRABAJADORES. SEGURO DESEMPLEO. PRÓRROGA.",173134,2,0
2026-06-26,20500,https://parlamento.gub.uy/documentosyleyes/leyes/ley/20500,https://www.impo.com.uy/bases/leyes/20500-2026,"MERCOSUR-EFTA. TRATADO DE LIBRE COMERCIO. APROBACIÓN.",173058,0,0
2026-06-18,20499,https://parlamento.gub.uy/documentosyleyes/leyes/ley/20499,https://www.impo.com.uy/bases/leyes/20499-2026,"LUXEMBURGO-URUGUAY. TRANSPORTE AÉREO. ACUERDO. APROBACIÓN.",167360,0,0
2026-06-18,20498,https://parlamento.gub.uy/documentosyleyes/leyes/ley/20498,https://www.impo.com.uy/bases/leyes/20498-2026,"ACUERDO MARCO SOBRE ESTABLECIMIENTO DE LA ALIANZA SOLAR INTERNACIONAL(ISA). (Aprobación)",167318,0,0
2026-06-12,20497,https://parlamento.gub.uy/documentosyleyes/leyes/ley/20497,https://www.impo.com.uy/bases/leyes/20497-2026,"MERCOSUR. BOLIVIA. CHILE. COOPERACION Y ASISTENCIA JURISDICCIONAL. MATERIA CIVIL, COMERCIAL, LABORAL Y ADMINISTRATIVA. ACUERDO. APROBACION.",152305,0,0
2026-06-12,20496,https://parlamento.gub.uy/documentosyleyes/leyes/ley/20496,https://www.impo.com.uy/bases/leyes/20496-2026,"PROGRAMA ""URUGUAY IMPULSA: TRABAJO Y CAPACITACIÓN"". APROBACIÓN.",172305,6,0
2026-06-12,20495,https://parlamento.gub.uy/documentosyleyes/leyes/ley/20495,https://www.impo.com.uy/bases/leyes/20495-2026,"INMUEBLES CON DEUDA COMPENSABLE. TRAMITE EXPROPIATORIO. ABREVIACION.",152369,2,0
2026-06-12,20494,https://parlamento.gub.uy/documentosyleyes/leyes/ley/20494,https://www.impo.com.uy/bases/leyes/20494-2026,"FRIGORIFICO CARRASCO S.A. SUBSIDIO POR DESEMPLEO. EXTENSIÓN. (Aprobación)",172787,2,0
2026-06-12,20493,https://parlamento.gub.uy/documentosyleyes/leyes/ley/20493,https://www.impo.com.uy/bases/leyes/20493-2026,"ARGENTINA-URUGUAY. COORDINACIÓN DE ASISTENCIA MÉDICA Y TRASLADOS SANITARIOS PRIMARIOS TRANSFRONTERIZOS TERRESTRES, FLUVIALES Y AÉREOS EN CASOS DE URGENCIAS Y EMERGENCIAS. PROTOCOLO.",164344,0,0
2026-06-12,20492,https://parlamento.gub.uy/documentosyleyes/leyes/ley/20492,https://www.impo.com.uy/bases/leyes/20492-2026,"RUMANIA-URUGUAY. COOPERACION ANTARTICA. ACUERDO. PROTOCOLO ENMIENDA. APROBACION.",164142,0,0
2026-06-12,20491,https://parlamento.gub.uy/documentosyleyes/leyes/ley/20491,https://www.impo.com.uy/bases/leyes/20491-2026,"CONVENIO INTERNACIONAL DEL ACEITE DE OLIVA Y DE LAS ACEITUNAS DE MESA DE 2015. MODIFICACIÓN. APROBACIÓN.",168886,0,0
2026-06-12,20490,https://parlamento.gub.uy/documentosyleyes/leyes/ley/20490,https://www.impo.com.uy/bases/leyes/20490-2026,"DECLARACIÓN RELATIVA A LA CONCLUSIÓN DE LAS NEGOCIACIONES SOBRE LA REGLAMENTACIÓN NACIONAL EN EL ÁMBITO DE LOS SERVICIOS Y SUS ANEXOS. Aprobación",166894,1,0
2026-05-22,20489,https://parlamento.gub.uy/documentosyleyes/leyes/ley/20489,https://www.impo.com.uy/bases/leyes/20489-2026,"CAPITAL NACIONAL COOPERATIVISMO. MINAS (CIUDAD). AÑO 2026. DECLARACIÓN.",170435,0,0
2026-05-22,20488,https://parlamento.gub.uy/documentosyleyes/leyes/ley/20488,https://www.impo.com.uy/bases/leyes/20488-2026,"DÍA NACIONAL DEL APICULTOR - Se declara el 13 de junio",169733,0,0
2026-05-22,20487,https://parlamento.gub.uy/documentosyleyes/leyes/ley/20487,https://www.impo.com.uy/bases/leyes/20487-2026,"FONDO MULTILATERAL DE INVERSIONES IV (CONVENIO FOMIN IV), EL CONVENIO DE ADMINISTRACIÓN DEL FONDO MULTILATERAL DE INVERSIONES IV (CONVENIO DE ADMINISTRACIÓN DEL FOMIN IV) Y SUS ANEXOS. APROBACIÓN.",165801,0,0
2026-05-13,20486,https://parlamento.gub.uy/documentosyleyes/leyes/ley/20486,https://www.impo.com.uy/bases/leyes/20486-2026,"SUBSIDIO POR DESEMPLEO. TRABAJADORES FRIGORÍFICO CASA BLANCA SA. EXTENSIÓN (Aprobación)",172143,2,0
2026-04-23,20485,https://parlamento.gub.uy/documentosyleyes/leyes/ley/20485,https://www.impo.com.uy/bases/leyes/20485-2026,"100 AÑOS FIRMA DE LA ADJUDICACION DE FRACCIONES DE CAMPO. COLONIA LARRAÑAGA. DEPARTAMENTO SORIANO. 24 DE MAYO DE CADA AÑO FERIADO LABORABLE. DECLARACION",169474,0,0
2026-04-23,20484,https://parlamento.gub.uy/documentosyleyes/leyes/ley/20484,https://www.impo.com.uy/bases/leyes/20484-2026,"ORGANIZACIÓN INTERNACIONAL DEL TRABAJO (OIT). INSTRUMENTO DE ENMIENDA A LA CONSTITUCIÓN 1986. APROBACIÓN.",167309,0,0
2026-04-23,20483,https://parlamento.gub.uy/documentosyleyes/leyes/ley/20483,https://www.impo.com.uy/bases/leyes/20483-2026,"BANCO INTERAMERICANO DE DESARROLLO. AUMENTO CAPITAL. (Autorización).",171653,0,0
2026-04-23,20482,https://parlamento.gub.uy/documentosyleyes/leyes/ley/20482,https://www.impo.com.uy/bases/leyes/20482-2026,"COSTA RICA-URUGUAY. SERVICIOS AÉREOS. CONVENIO BILATERAL.",164340,0,0
2026-04-23,20481,https://parlamento.gub.uy/documentosyleyes/leyes/ley/20481,https://www.impo.com.uy/bases/leyes/20481-2026,"ECUADOR-URUGUAY. SERVICIOS AÉREOS. ACUERDO. APROBACIÓN.",166797,0,0
2026-04-23,20480,https://parlamento.gub.uy/documentosyleyes/leyes/ley/20480,https://www.impo.com.uy/bases/leyes/20480-2026,"EL SALVADOR-URUGUAY. TRANSPORTE AÉREO. CONVENIO. APROBACIÓN.",166802,0,0
2026-04-22,20479,https://parlamento.gub.uy/documentosyleyes/leyes/ley/20479,https://www.impo.com.uy/bases/leyes/20479-2026,"MERCOSUR. ESTADOS PARTES. BOLIVIA. CHILE-URUGUAY. TRASLADO PERSONAS SUJETAS A REGIMENES ESPECIALES. PROTOCOLO. APROBACION.",152317,0,0
2026-04-22,20478,https://parlamento.gub.uy/documentosyleyes/leyes/ley/20478,https://www.impo.com.uy/bases/leyes/20478-2026,"RECICLAJE SEGURO Y AMBIENTALMENTE RACIONAL DE BUQUES. HONG KONG 2009. CONVENIO. APROBACION.",163302,0,0
2026-04-22,20477,https://parlamento.gub.uy/documentosyleyes/leyes/ley/20477,https://www.impo.com.uy/bases/leyes/20477-2026,"PASO ATAQUES. Se eleva a la categoría de centro poblado.",164918,0,0
2026-04-16,20476,https://parlamento.gub.uy/documentosyleyes/leyes/ley/20476,https://www.impo.com.uy/bases/leyes/20476-2026,"160 AÑOS DE LA FUNDACIÓN DE LA CIUDAD DE CASTILLOS DEL DEPARTAMENTO DE ROCHA. Se declara feriado el día 19 de abril de 2026 para la mencionada ciudad.",170814,0,0
2026-04-16,20475,https://parlamento.gub.uy/documentosyleyes/leyes/ley/20475,https://www.impo.com.uy/bases/leyes/20475-2026,"REFORMA DE LOS ESTATUTOS DEL INSTITUTO INTERNACIONAL PARA LA DEMOCRACIA Y LA ASISTENCIA ELECTORAL. APROBRACIÓN.",164934,0,0
2026-04-15,20474,https://parlamento.gub.uy/documentosyleyes/leyes/ley/20474,https://www.impo.com.uy/bases/leyes/20474-2026,"PELUFFO DE AUGUCHENKO, Mtra. Aurora. ESCUELA Nº 14. COLONIA OFIR. DEPARTAMENTO DE RÍO NEGRO. DENOMINACION",164343,0,0
2026-03-27,20473,https://parlamento.gub.uy/documentosyleyes/leyes/ley/20473,https://www.impo.com.uy/bases/leyes/20473-2026,"ARQUITECTA JULIA GUARINO FIECHTER. ESCUELA Nº 129. (CANELONES). DENOMINACION",163243,0,0
2026-03-25,20472,https://parlamento.gub.uy/documentosyleyes/leyes/ley/20472,https://www.impo.com.uy/bases/leyes/20472-2026,"SALVADOR MATTOS. Designación a la Escuela Pública Nº 30 de Laureles del departamento de Salto.",157116,0,0
2026-03-20,20471,https://parlamento.gub.uy/documentosyleyes/leyes/ley/20471,https://www.impo.com.uy/bases/leyes/20471-2026,"XXXVI VIAJE DE INSTRUCCION. VELERO ESCUELA ROU 20 ""CAPITAN MIRANDA"". SALIDA PAIS. AUTORIZACIÓN.",170561,0,0
2026-03-20,20470,https://parlamento.gub.uy/documentosyleyes/leyes/ley/20470,https://www.impo.com.uy/bases/leyes/20470-2026,"EJERCICIO ""ACRUX XII"". SALIDA DE BUQUES Y TRIPULACIÓN ROU 11""RÍO NEGRO"" Y ROU 21 ""SIRIUS"". REPÚBLICA DE BRASIL",170842,0,0
2026-03-19,20469,https://parlamento.gub.uy/documentosyleyes/leyes/ley/20469,https://www.impo.com.uy/bases/leyes/20469-2026,"LAVADO DE ACTIVOS.LEY Nº 19.574.MODIFICACIÓN",166897,1,0
2026-03-19,20468,https://parlamento.gub.uy/documentosyleyes/leyes/ley/20468,https://www.impo.com.uy/bases/leyes/20468-2026,"DOCTOR ALEJANDRO ATCHUGARRY - Se designa al viaducto vehicular construido sobre la rambla portuaria Sud América y la rambla Edison",168706,0,0
2026-03-16,20467,https://parlamento.gub.uy/documentosyleyes/leyes/ley/20467,https://www.impo.com.uy/bases/leyes/20467-2026,"DR. MANUEL VARTANIAN PARSEGHIAN. Se designa al Liceo de Migues, departamento de Canelones.",160274,0,0
2026-03-13,20466,https://parlamento.gub.uy/documentosyleyes/leyes/ley/20466,https://www.impo.com.uy/bases/leyes/20466-2026,"CONVENIO SOBRE LA OBTENCIÓN DE PRUEBAS EN EL EXTRANJERO EN MATERIA CIVIL O COMERCIAL. APROBACIÓN.",166175,0,0
2026-03-13,20465,https://parlamento.gub.uy/documentosyleyes/leyes/ley/20465,https://www.impo.com.uy/bases/leyes/20465-2026,"EJERCICIO ""COOPERACIÓN XI"". SALIDA DEL PAÍS DE PERSONAL MILITAR (Autorización).",170706,0,0
2026-03-12,20464,https://parlamento.gub.uy/documentosyleyes/leyes/ley/20464,https://www.impo.com.uy/bases/leyes/20464-2026,"IMPUESTO ESPECÍFICO INTERNO DE FRONTERA. MODIFICACIÓN.",170603,1,0
2026-03-06,20463,https://parlamento.gub.uy/documentosyleyes/leyes/ley/20463,https://www.impo.com.uy/bases/leyes/20463-2026,"EJERCICIO SIMULACIÓN  ""CIBER UY 2025"". EXPERTOS EN CIBERDEFENSA EE.UU . GUARDIA NACIONAL. INGRESO PAIS. (Autorización).",169513,0,0
2026-02-27,20462,https://parlamento.gub.uy/documentosyleyes/leyes/ley/20462,https://www.impo.com.uy/bases/leyes/20462-2026,"ACUERDO INTERINO DE COMERCIO ENTRE EL MERCADO COMÚN DEL SUR, LA REPÚBLICA ARGENTINA, LA REPÚBLICA FEDERATIVA DE BRASIL, LA REPÚBLICA DEL PARAGUAY Y LA REPÚBLICA ORIENTAL DEL URUGUAY, POR UNA PARTE, Y LA UNIÓN EUROPEA POR OTRA PARTE. APROBACIÓN",170729,0,0
2026-02-18,20447,https://parlamento.gub.uy/documentosyleyes/leyes/ley/20447,https://www.impo.com.uy/bases/leyes/20447-2026,"INMUEBLES. PATRIMONIO ESTADO (MDN) A DURAZNO (INTENDENCIA). TRANSFERENCIA.",160100,0,0
2026-01-23,20461,https://parlamento.gub.uy/documentosyleyes/leyes/ley/20461,https://www.impo.com.uy/bases/leyes/20461-2026,"CONMEMORACIÓN CENTENARIO VUELO ""PLUS ULTRA"". EJÉRCITO DEL AIRE Y DEL ESPACIO DEL REINO DE ESPAÑA. INGRESO AL PAÍS. AUTORIZACIÓN.",170575,0,0
2026-01-23,20460,https://parlamento.gub.uy/documentosyleyes/leyes/ley/20460,https://www.impo.com.uy/bases/leyes/20460-2026,"ESCALA TÉCNICA. BUQUE HOSPITAL DE LA ARMADA DEL EJÉRCITO POPULAR DE LIBERACIÓN CHINA ""SILK ROAD ARK"". INGRESO PAÍS. AUTORIZACIÓN.",170560,0,0
2025-12-29,20459,https://parlamento.gub.uy/documentosyleyes/leyes/ley/20459,https://www.impo.com.uy/bases/leyes/20459-2025,"SUBSIDIO POR DESEMPLEO TRABAJADORES DE LA EMPRESA SOMICAR S.A. EXTENSIÓN. (Aprobación)",170410,2,0
2025-12-29,20458,https://parlamento.gub.uy/documentosyleyes/leyes/ley/20458,https://www.impo.com.uy/bases/leyes/20458-2025,"TRABAJADORES EMPRESA LORSINAL S.A. EXTENSIÓN SUBSIDIO POR DESEMPLEO. (Aprobación)",170408,2,0
2025-12-29,20457,https://parlamento.gub.uy/documentosyleyes/leyes/ley/20457,https://www.impo.com.uy/bases/leyes/20457-2025,"SUBSIDIO POR DESEMPLEO TRABAJADORES EMPRESA RONDATEL S.A.. EXTENSIÓN. (Aprobación)",170409,2,0
2025-12-26,20456,https://parlamento.gub.uy/documentosyleyes/leyes/ley/20456,https://www.impo.com.uy/bases/leyes/20456-2025,"BANCO HIPOTECARIO DEL URUGUAY. LEY ORGANICA. INCISO AL ARTICULO 47. INCORPORACION.",170068,0,0
2025-12-23,20455,https://parlamento.gub.uy/documentosyleyes/leyes/ley/20455,https://www.impo.com.uy/bases/leyes/20455-2025,"COMPLEMENTO NUTRICIONAL ANTE INSUFICIENCIA DE VITAMINA B12, VALORES DE HIERRO. CONTROLES DE EMBARAZO ANALISIS. INCLUSION.",168148,0,0
2025-12-23,20454,https://parlamento.gub.uy/documentosyleyes/leyes/ley/20454,https://www.impo.com.uy/bases/leyes/20454-2025,"LEY DE PROTECCIÓN INTEGRAL DE PERSONAS CON DISCAPACIDAD. Modificación de los artículos 2º y 7º de la Ley 18.651.",165064,1,0
2025-12-16,20453,https://parlamento.gub.uy/documentosyleyes/leyes/ley/20453,https://www.impo.com.uy/bases/leyes/20453-2025,"150 AÑOS FUNDACION, CIUDAD DE LASCANO, DEPARTAMENTO DE ROCHA,10 DE FEBRERO DE 2026, PERSONAS NACIDAS EN LA CIUDAD, FERIADO NO LABORABLE.",167469,0,0
2025-12-16,20452,https://parlamento.gub.uy/documentosyleyes/leyes/ley/20452,https://www.impo.com.uy/bases/leyes/20452-2025,"DÍA DEL RESIDENTE DE FLORES - Se declara feriado laborable el día 30 de diciembre de 2025",170040,0,0
2025-12-16,20451,https://parlamento.gub.uy/documentosyleyes/leyes/ley/20451,https://www.impo.com.uy/bases/leyes/20451-2025,"DESIGNACIÓN DE PERSONAL PRESUPUESTADO O CONTRATADO POR LOS GOBIERNOS DEPARTAMENTALES - Normas",164900,1,0
2025-12-16,20450,https://parlamento.gub.uy/documentosyleyes/leyes/ley/20450,https://www.impo.com.uy/bases/leyes/20450-2025,"DÍA NACIONAL DEL FITOMEJORAMIENTO. Se declara el 5 de marzo de cada año.",162988,0,0
2025-12-16,20449,https://parlamento.gub.uy/documentosyleyes/leyes/ley/20449,https://www.impo.com.uy/bases/leyes/20449-2025,"ZORRILLA DE SAN MARTÍN, Concepción “China”. LICEO Nº 77. MONTEVIDEO.  DENOMINACIÓN.",164115,0,0
2025-12-16,20448,https://parlamento.gub.uy/documentosyleyes/leyes/ley/20448,https://www.impo.com.uy/bases/leyes/20448-2025,"FONDO DE CESANTÍA Y RETIRO TRABAJADORES DE LA CONSTRUCCIÓN. MODIFICACIÓN.",168878,3,0
2025-12-16,20446,https://parlamento.gub.uy/documentosyleyes/leyes/ley/20446,https://www.impo.com.uy/bases/leyes/20446-2025,"PRESUPUESTO NACIONAL 2025 -2029. (Aprobación)",168479,0,1
2025-12-12,20445,https://parlamento.gub.uy/documentosyleyes/leyes/ley/20445,https://www.impo.com.uy/bases/leyes/20445-2025,"150 ANIVERSARIO DE LA FUNDACIÓN DE LA CIUDAD DE SARANDÍ DEL YÍ DEL DEPARTAMENTO DE DURAZNO 
Se declara feriado no laborable el día 29 de diciembre de 2025 para los nacidos o radicados en ella",165894,0,0
2025-12-12,20444,https://parlamento.gub.uy/documentosyleyes/leyes/ley/20444,https://www.impo.com.uy/bases/leyes/20444-2025,"DIAZ DE GUERRA, María. LICEO Nº 5. MALDONADO. DENOMINACION",164342,0,0
2025-12-12,20443,https://parlamento.gub.uy/documentosyleyes/leyes/ley/20443,https://www.impo.com.uy/bases/leyes/20443-2025,"MATRIMONIO. EDAD MINIMA. ART. 91 CODIGO CIVIL. MODIFICACION.",158719,0,0
2025-12-12,20442,https://parlamento.gub.uy/documentosyleyes/leyes/ley/20442,https://www.impo.com.uy/bases/leyes/20442-2025,"INDARTE, Mtra. Prof. María Lila. CENTRO EDUCATIVO INTEGRADO. PUEBLO GRECCO (RIO NEGRO).  DENOMINACION.",164125,0,0
2025-12-12,20441,https://parlamento.gub.uy/documentosyleyes/leyes/ley/20441,https://www.impo.com.uy/bases/leyes/20441-2025,"DE CHACRAS. ESCUELA TIEMPO COMPLETO Nº 71. TACUAREMBÓ. DENOMINACIÓN.",164105,0,0
2025-12-12,20440,https://parlamento.gub.uy/documentosyleyes/leyes/ley/20440,https://www.impo.com.uy/bases/leyes/20440-2025,"OPERACIÓN ""ANTARKOS XLII"". BUQUE ROU 04 ""GENERAL ARTIGAS"". SALIDA PAIS. (Autorización).",169515,0,0
2025-12-12,20439,https://parlamento.gub.uy/documentosyleyes/leyes/ley/20439,https://www.impo.com.uy/bases/leyes/20439-2025,"CEREMONIA ""DÍA DO MARINHEIRO"". BUQUE ROU 31 ""TEMERARIO"". BUQUE ROU 22 ""OYARVIDE"". SALIDA PAIS. (Autorización).",169514,0,0
2025-12-05,20438,https://parlamento.gub.uy/documentosyleyes/leyes/ley/20438,https://www.impo.com.uy/bases/leyes/20438-2025,"PROGRAMA URUGUAY IMPULSA.ART. 4 DE LA LEY Nº 20.417.(Modificación)",169183,1,0
2025-12-05,20437,https://parlamento.gub.uy/documentosyleyes/leyes/ley/20437,https://www.impo.com.uy/bases/leyes/20437-2025,"TRABAJADORES INDUSTRIA CITRÍCOLA. SUBSIDIO POR DESEMPLEO. RÉGIMEN ESPECIAL. OTORGAMIENTO.",169843,2,0
2025-11-28,20436,https://parlamento.gub.uy/documentosyleyes/leyes/ley/20436,https://www.impo.com.uy/bases/leyes/20436-2025,"CORPORACIÓN INTERAMERICANA DE INVERSIONES - BID INVEST. MODIFICACIÓN DEL CONVENIO CONSTITUTIVO. AUMENTO GENERAL DE CAPITAL.",165945,2,0
2025-11-28,20435,https://parlamento.gub.uy/documentosyleyes/leyes/ley/20435,https://www.impo.com.uy/bases/leyes/20435-2025,"CONVENIO SOBRE LA NOTIFICACIÓN O TRASLADO EN EL EXTRANJERO DE DOCUMENTOS JUDICIALES Y EXTRAJUDICIALES EN MATERIA CIVIL O COMERCIAL - Aprobación",164637,0,0
2025-11-26,20434,https://parlamento.gub.uy/documentosyleyes/leyes/ley/20434,https://www.impo.com.uy/bases/leyes/20434-2025,"130 AÑOS FUNDACION, LOCALIDAD DE PIRARAJA, DEPARTAMENTO DE LAVALLEJA,20 DE DICIEMBRE DE 2025, PERSONAS NACIDAS O RADICADAS EN LA LOCALIDAD, FERIADO NO LABORABLE PAGO.",169288,0,0
2025-11-21,20433,https://parlamento.gub.uy/documentosyleyes/leyes/ley/20433,https://www.impo.com.uy/bases/leyes/20433-2025,"CAPITAL NACIONAL DE LA PAELLA. CIUDAD DE PIRIAPOLIS. DEPARTAMENTO DE MALDONADO. DECLARACION.",167440,0,0
2025-10-24,20431,https://parlamento.gub.uy/documentosyleyes/leyes/ley/20431,https://www.impo.com.uy/bases/leyes/20431-2025,"MUERTE DIGNA - Regulación",165490,4,0
2025-10-22,20430,https://parlamento.gub.uy/documentosyleyes/leyes/ley/20430,https://www.impo.com.uy/bases/leyes/20430-2025,"""OPERANTAR XLIV"". BUQUE ALMIRANTE MAXIMIANO Y BUQUE ARY RONGEL. INGRESO AL TERRITORIO (Aprobación)",168781,0,0
2025-10-14,20429,https://parlamento.gub.uy/documentosyleyes/leyes/ley/20429,https://www.impo.com.uy/bases/leyes/20429-2025,"RETA, Dra. Adela. LICEO Nº 69. MONTEVIDEO.  DENOMINACION.",164136,0,0
2025-10-13,20432,https://parlamento.gub.uy/documentosyleyes/leyes/ley/20432,https://www.impo.com.uy/bases/leyes/20432-2025,"DÍA NACIONAL DE LOS DERECHOS DE LAS INFANCIAS Y ADOLESCENCIAS. Se declara el día 20 de noviembre de cada año.",161148,2,0
2025-09-19,20428,https://parlamento.gub.uy/documentosyleyes/leyes/ley/20428,https://www.impo.com.uy/bases/leyes/20428-2025,"SINGAPUR-URUGUAY.ACUERDO LIBRE COMERCIO. ACUERDO MERCOSUR. (Aprobación).",167261,0,0
2025-09-19,20427,https://parlamento.gub.uy/documentosyleyes/leyes/ley/20427,https://www.impo.com.uy/bases/leyes/20427-2025,"MERCOSUR. COMERCIO DE SERVICIOS. PROTOCOLO DE MONTEVIDEO. ENMIENDA.",149478,0,0
2025-09-18,20426,https://parlamento.gub.uy/documentosyleyes/leyes/ley/20426,https://www.impo.com.uy/bases/leyes/20426-2025,"CORPORACIÓN ANDINA DE FOMENTO.AUMENTO DE CAPITAL.(Aprobación).",166739,1,0
2025-09-18,20425,https://parlamento.gub.uy/documentosyleyes/leyes/ley/20425,https://www.impo.com.uy/bases/leyes/20425-2025,"MERCOSUR. COMERCIO DE SERVICIOS. PROTOCOLO DE MONTEVIDEO. ENMIENDA",162972,0,0
2025-09-12,20424,https://parlamento.gub.uy/documentosyleyes/leyes/ley/20424,https://www.impo.com.uy/bases/leyes/20424-2025,"ROBALLO, Dra. Alba. LICEO Nº 2. ARTIGAS.  DENOMINACION.",164121,0,0
2025-09-12,20423,https://parlamento.gub.uy/documentosyleyes/leyes/ley/20423,https://www.impo.com.uy/bases/leyes/20423-2025,"LÓPEZ MINISTERI, Ing. Agr. Alfredo. LICEO. VILLA CONSTITUCIÓN (SALTO). DENOMINACION.",164104,0,0
2025-09-12,20422,https://parlamento.gub.uy/documentosyleyes/leyes/ley/20422,https://www.impo.com.uy/bases/leyes/20422-2025,"URUGUAY-CHINA. ASISTENCIA JURIDICA MUTUA EN ASUNTOS PENALES. TRATADO. APROBACION",163369,0,0
2025-09-11,20421,https://parlamento.gub.uy/documentosyleyes/leyes/ley/20421,https://www.impo.com.uy/bases/leyes/20421-2025,"SALIDA DE DELEGACIÓN DEL EJÉRCITO NACIONAL. QUARAÍ, SANTANA DO LIVRAMENTO Y YAGURÓN. AUTORIZACIÓN.",168118,0,0
2025-08-22,20420,https://parlamento.gub.uy/documentosyleyes/leyes/ley/20420,https://www.impo.com.uy/bases/leyes/20420-2025,"ASISTENCIA A PRODUCTORES LECHEROS DE LA COOPERATIVA
AGRARIA DE RESPONSABILIDAD LIMITADA DE CARMELO (CALCAR) Aprobación",168111,1,0
2025-08-22,20419,https://parlamento.gub.uy/documentosyleyes/leyes/ley/20419,https://www.impo.com.uy/bases/leyes/20419-2025,"ZONAS FRONTERIZAS.MITIGACION CONSECUENCIAS DIFERENCIA PRECIOS.MEDIDAS.(Aprobación)",167333,1,0
2025-08-21,20418,https://parlamento.gub.uy/documentosyleyes/leyes/ley/20418,https://www.impo.com.uy/bases/leyes/20418-2025,"VIOLENCIA DE GENERO. RECONOCIMIENTO MUTUO MEDIDAS PROTECCION. MERCOSUR Y ESTADOS ASOCIADOS. ACUERDO. APROBACION.",164088,0,0
2025-08-15,20417,https://parlamento.gub.uy/documentosyleyes/leyes/ley/20417,https://www.impo.com.uy/bases/leyes/20417-2025,"PROGRAMA URUGUAY IMPULSA: TRABAJO Y CAPACITACIÓN. CREACIÓN. APROBACIÓN",167683,2,1
2025-07-31,20416,https://parlamento.gub.uy/documentosyleyes/leyes/ley/20416,https://www.impo.com.uy/bases/leyes/20416-2025,"RENDICIÓN DE CUENTAS Y BALANCE DE EJECUCIÓN PRESUPUESTAL. EJERCICIO 2024.(Aprobación).",166763,4,0
2025-07-25,20415,https://parlamento.gub.uy/documentosyleyes/leyes/ley/20415,https://www.impo.com.uy/bases/leyes/20415-2025,"CONVENCION NACIONES UNIDAS. CONSERVACION Y USO SOSTENIBLE DE LA DIVERSIDAD BIOLOGICA MARINA. ACUERDO. APROBACION.",162882,0,0
2025-07-17,20414,https://parlamento.gub.uy/documentosyleyes/leyes/ley/20414,https://www.impo.com.uy/bases/leyes/20414-2025,"MÉNDEZ ECHEVERRIA, Mónica Inés. PENSIÓN GRACIABLE. OTORGAMIENTO.",164647,0,0
2025-07-17,20413,https://parlamento.gub.uy/documentosyleyes/leyes/ley/20413,https://www.impo.com.uy/bases/leyes/20413-2025,"RABUÑAL FERRARI, Víctor Manuel. PENSION GRACIABLE. OTORGAMIENTO.",164730,0,0
2025-07-17,20412,https://parlamento.gub.uy/documentosyleyes/leyes/ley/20412,https://www.impo.com.uy/bases/leyes/20412-2025,"ANTONIO ALZAMENDI. PENSION GRACIABLE.",164333,0,0
2025-07-11,20411,https://parlamento.gub.uy/documentosyleyes/leyes/ley/20411,https://www.impo.com.uy/bases/leyes/20411-2025,"RADARES DE VELOCIDAD Y PEDAGÓGICOS. PLAZO. PRÓRROGA.",167191,1,0
2025-07-08,20410,https://parlamento.gub.uy/documentosyleyes/leyes/ley/20410,https://www.impo.com.uy/bases/leyes/20410-2025,"LEY ORGÁNICA DE LA CAJA DE JUBILACIONES Y PENSIONES DE PROFESIONALES UNIVERSITARIOS. MODIFICACIÓN.",165993,7,0
2025-06-28,20409,https://parlamento.gub.uy/documentosyleyes/leyes/ley/20409,https://www.impo.com.uy/bases/leyes/20409-2025,"RONDATEL S.A. Y LORSINAL S.A. EXTENSIÓN DE SUBSIDIOS POR DESEMPLEO. Aprobación",167032,2,0
2025-06-13,20408,https://parlamento.gub.uy/documentosyleyes/leyes/ley/20408,https://www.impo.com.uy/bases/leyes/20408-2025,"MODIFICACIÓN LEY 20391. COMISIÓN NACIONAL DE BIOÉTICA.",165667,1,0
2025-05-16,20407,https://parlamento.gub.uy/documentosyleyes/leyes/ley/20407,https://www.impo.com.uy/bases/leyes/20407-2025,"COMICIOS EN LA CAJA DE JUBILACIONES Y PENSIONES DE PROFESIONALES UNIVERSITARIOS. POSTERGACIÓN.",165992,1,0
2025-05-16,20406,https://parlamento.gub.uy/documentosyleyes/leyes/ley/20406,https://www.impo.com.uy/bases/leyes/20406-2025,"PERSONAL MILITAR DEPENDIENTE DEL MINISTERIO DE DEFENSA. FUNCIONES DE GUARDIA PERIMETRAL. PRÓRROGA.",165933,0,0
2025-04-17,20405,https://parlamento.gub.uy/documentosyleyes/leyes/ley/20405,https://www.impo.com.uy/bases/leyes/20405-2025,"SAN JOSÉ DE MAYO. CAPITAL NACIONAL DEL COOPERATIVISMO EN EL AÑO 2025. DECLARACIÓN.",164539,0,0
2025-04-11,20404,https://parlamento.gub.uy/documentosyleyes/leyes/ley/20404,https://www.impo.com.uy/bases/leyes/20404-2025,"INSTITUCIONES ASISTENCIA  MEDICA COLECTIVA. INSTITUCIONES SISTEMA INTEGRADO SALUD. NUEVA NORMATIVA. APROBACIÓN.",165613,6,1
2025-04-08,20403,https://parlamento.gub.uy/documentosyleyes/leyes/ley/20403,https://www.impo.com.uy/bases/leyes/20403-2025,"EVENTO CONJUNTO CAPACITACION OPERACIONES ESPECIALES (J-CET). FUERZAS ESPECIALES DE LOS ESTADOS UNIDOS DE AMERICA. INGRESO PAIS. AUTORIZACION.",164755,0,0
2025-03-25,20402,https://parlamento.gub.uy/documentosyleyes/leyes/ley/20402,https://www.impo.com.uy/bases/leyes/20402-2025,"PUEBLO NUEVO BERLÍN. Se eleva a categoría de ciudad.",164065,0,0
2025-03-25,20401,https://parlamento.gub.uy/documentosyleyes/leyes/ley/20401,https://www.impo.com.uy/bases/leyes/20401-2025,"CAMPAÑA ANTÁRTICA 2024-2025. BUQUE DE INVESTIGACIÓN OCEANOGRÁFICA ""HESPÉRIDES"". INGRESO. AUTORIZACIÓN.",165108,0,0
2025-03-21,20400,https://parlamento.gub.uy/documentosyleyes/leyes/ley/20400,https://www.impo.com.uy/bases/leyes/20400-2025,"VISITA OPERATIVA ""OPERANTAR XLIII"". INGRESO. AUTORIZACION",164416,0,0
2025-03-05,20399,https://parlamento.gub.uy/documentosyleyes/leyes/ley/20399,https://www.impo.com.uy/bases/leyes/20399-2025,"BUQUE ESCUELA ARMADA ESPAÑOLA ""JUAN SEBASTIAN ELCANO"". INGRESO PAIS. AUTORIZACION.",164757,0,0
2025-02-25,20398,https://parlamento.gub.uy/documentosyleyes/leyes/ley/20398,https://www.impo.com.uy/bases/leyes/20398-2025,"SCHNECK S.A. TRABAJADOR. SEGURO DESEMPLEO. PRORROGA.",164700,2,0
2025-02-20,20397,https://parlamento.gub.uy/documentosyleyes/leyes/ley/20397,https://www.impo.com.uy/bases/leyes/20397-2025,"MODIFICACION DEL CAPITULO SEPTIMO DE LA LEY 19.973, RELACIONADA CON LA PROMOCION DEL EMPLEO PARA PERSONAS CON DISCAPACIDAD Y PERSONAS LIBERADAS Y MODIFICACION DE LA LEY 19.973",164648,1,0
2025-02-13,20396,https://parlamento.gub.uy/documentosyleyes/leyes/ley/20396,https://www.impo.com.uy/bases/leyes/20396-2025,"TRABAJADORES PLATAFORMAS DIGITALES. PROTECCION. REGULACION.",156520,6,0
2025-02-13,20395,https://parlamento.gub.uy/documentosyleyes/leyes/ley/20395,https://www.impo.com.uy/bases/leyes/20395-2025,"LEY Nº 20.237. DEUDORES EN UR DEL BHU Y ANV. DEROGACIÓN DEL LITERAL G) DEL ARTÍCULO 2º.",164536,1,0
2024-12-27,20394,https://parlamento.gub.uy/documentosyleyes/leyes/ley/20394,https://www.impo.com.uy/bases/leyes/20394-2024,"INDUSTRIA CITRICOLA. EXTENSION SUBSIDIO DESEMPLEO. PROYECTO.",164463,2,0
2024-12-27,20393,https://parlamento.gub.uy/documentosyleyes/leyes/ley/20393,https://www.impo.com.uy/bases/leyes/20393-2024,"INDUSTRIA FRIGORIFICA. EXTENSION SUBSIDIO DESEMPLEO. PROYECTO.",164464,2,0
2024-12-24,20392,https://parlamento.gub.uy/documentosyleyes/leyes/ley/20392,https://www.impo.com.uy/bases/leyes/20392-2024,"XXXV VIAJE DE INSTRUCCION. VELERO ESCUELA ROU 20 CAPITAN MIRANDA. SALIDA PAIS. AUTORIZACION",164474,0,0
2024-12-20,20391,https://parlamento.gub.uy/documentosyleyes/leyes/ley/20391,https://www.impo.com.uy/bases/leyes/20391-2024,"COMISIÓN NACIONAL DE BIOÉTICA. Creación.",159252,3,1
2024-12-20,20390,https://parlamento.gub.uy/documentosyleyes/leyes/ley/20390,https://www.impo.com.uy/bases/leyes/20390-2024,"LAZAROFF, Jorge. LICEO 1 SOLYMAR - CIUDAD DE LA COSTA (CANELONES). DENOMINACION.",104637,0,0
2024-12-20,20389,https://parlamento.gub.uy/documentosyleyes/leyes/ley/20389,https://www.impo.com.uy/bases/leyes/20389-2024,"CARLOS JULIO ""BECHO"" EIZMENDI. Designación a la Escuela Nº 93 de Lascano.",155148,0,0
2024-12-20,20388,https://parlamento.gub.uy/documentosyleyes/leyes/ley/20388,https://www.impo.com.uy/bases/leyes/20388-2024,"PIÑA de TORRES GARCIA, MANOLITA. JARDIN INFANTES 312 (MONTEVIDEO). DENOMINACION.",145439,0,0
2024-12-20,20387,https://parlamento.gub.uy/documentosyleyes/leyes/ley/20387,https://www.impo.com.uy/bases/leyes/20387-2024,"NICODELLA, Dorley. LICEO BALNEARIO LA CORONILLA (ROCHA). DENOMINACION.",144161,0,0
2024-12-20,20386,https://parlamento.gub.uy/documentosyleyes/leyes/ley/20386,https://www.impo.com.uy/bases/leyes/20386-2024,"FLORENTINA DEFERRARI DE CUERVO. Designación a la Escuela Técnica de Maldonado.",157164,0,0
2024-12-20,20385,https://parlamento.gub.uy/documentosyleyes/leyes/ley/20385,https://www.impo.com.uy/bases/leyes/20385-2024,"CONMEMORACIÓN DÍA DO MARINHEIRO. BUQUE ROU 23 ""MALDONADO"". SALIDA PAÍS. AUTORIZACIÓN.",164409,0,0
2024-12-20,20384,https://parlamento.gub.uy/documentosyleyes/leyes/ley/20384,https://www.impo.com.uy/bases/leyes/20384-2024,"""OPERACION ANTARKOS XLI"". BUQUE ROU 04 ""GENERAL ARTIGAS"" PLANA MAYOR Y TRIPULACION. SALIDA PAIS. AUTORIZACION.",164204,0,0
2024-10-16,20383,https://parlamento.gub.uy/documentosyleyes/leyes/ley/20383,https://www.impo.com.uy/bases/leyes/20383-2024,"LEY MEDIOS. MODIFICACION.",145888,13,0
2024-09-25,20382,https://parlamento.gub.uy/documentosyleyes/leyes/ley/20382,https://www.impo.com.uy/bases/leyes/20382-2024,"CONSEJO HONORARIO DE ADMINISTRACIÓN DE RESIDENCIAS MÉDICAS. MINISTERIO DE SALUD PÚBLICA. UNIVERSIDAD DE LA REPÚBLICA. SE FACULTA A CONSTITUIR UN FIDEICOMISO DE ADMINISTRACIÓN.",164086,2,0
2024-09-25,20381,https://parlamento.gub.uy/documentosyleyes/leyes/ley/20381,https://www.impo.com.uy/bases/leyes/20381-2024,"UBICACIÓN DE MENORES DE EDAD AUSENTES O DESAPARECIDOS. Se establece un sistema de búsqueda temprana.",153298,0,0
2024-09-25,20380,https://parlamento.gub.uy/documentosyleyes/leyes/ley/20380,https://www.impo.com.uy/bases/leyes/20380-2024,"OPERADOR INMOBILIARIO. Regulación.",155541,3,0
2024-09-25,20379,https://parlamento.gub.uy/documentosyleyes/leyes/ley/20379,https://www.impo.com.uy/bases/leyes/20379-2024,"ART. 649 DE LA LEY Nº 20.212.TRABAJADORES OSE MALDONADO.(Interpretación)",164073,1,0
2024-09-24,20378,https://parlamento.gub.uy/documentosyleyes/leyes/ley/20378,https://www.impo.com.uy/bases/leyes/20378-2024,"CONSEJO ASESOR EXPERTOS. BAREMO ÚNICO. DISCAPACIDAD. CREACIÓN.",163089,2,0
2024-09-24,20377,https://parlamento.gub.uy/documentosyleyes/leyes/ley/20377,https://www.impo.com.uy/bases/leyes/20377-2024,"NACIDOS SIN VIDA. INHUMACION O CREMACION.",150970,3,0
2024-09-24,20376,https://parlamento.gub.uy/documentosyleyes/leyes/ley/20376,https://www.impo.com.uy/bases/leyes/20376-2024,"GARANTÍAS PARA LA PRIMERA INFANCIA, INFANCIA Y ADOLESCENCIA (GAPIIA). Creación.",153076,4,0
2024-09-24,20375,https://parlamento.gub.uy/documentosyleyes/leyes/ley/20375,https://www.impo.com.uy/bases/leyes/20375-2024,"CANASTA HIGIENICA MENSTRUAL BENEFICIARIOS TARJETAS URUGUAY SOCIAL. PARTIDA. CREACION.",146433,0,0
2024-09-24,20374,https://parlamento.gub.uy/documentosyleyes/leyes/ley/20374,https://www.impo.com.uy/bases/leyes/20374-2024,"ENDOMETRIOSIS. DIAGNOSTICO Y TRATAMIENTO. ACCESO. REGULACION.",158205,2,0
2024-09-24,20373,https://parlamento.gub.uy/documentosyleyes/leyes/ley/20373,https://www.impo.com.uy/bases/leyes/20373-2024,"TRABAJADORES DE LA CONSTUCCIÓN. FONDO DE CESANTÍA Y RETIRO. MODIFICACIÓN",164084,5,0
2024-09-24,20372,https://parlamento.gub.uy/documentosyleyes/leyes/ley/20372,https://www.impo.com.uy/bases/leyes/20372-2024,"CONSEJO HONORARIO DE ADMINISTRACIÓN DE RESIDENCIAS MÉDICAS. MINISTERIO DE SALUD PÚBLICA. UNIVERSIDAD DE LA REPÚBLICA. SE FACULTA A CONSTITUIR UN FIDEICOMISO DE ADMINISTRACIÓN.",163751,2,0
2024-09-23,20371,https://parlamento.gub.uy/documentosyleyes/leyes/ley/20371,https://www.impo.com.uy/bases/leyes/20371-2024,"INSTITUCIONES ASISTENCIA MEDICA COLECTIVA. CREDITO FISCAL.  PRORROGA.",163923,1,0
2024-09-23,20370,https://parlamento.gub.uy/documentosyleyes/leyes/ley/20370,https://www.impo.com.uy/bases/leyes/20370-2024,"MERCOSUR. COMERCIO DE SERVICIOS. PROTOCOLO DE MONTEVIDEO. ENMIENDA. APROBACIÓN.",158645,0,0
2024-09-23,20369,https://parlamento.gub.uy/documentosyleyes/leyes/ley/20369,https://www.impo.com.uy/bases/leyes/20369-2024,"COLOMBIA-URUGUAY. EXTRADICION. TRATADO. APROBACION.",156478,0,0
2024-09-23,20368,https://parlamento.gub.uy/documentosyleyes/leyes/ley/20368,https://www.impo.com.uy/bases/leyes/20368-2024,"ROU-COSTA RICA. TRATADO ASISTENCIA JUDICIAL EN MATERIA PENAL. APROBACION",161154,0,0
2024-09-23,20367,https://parlamento.gub.uy/documentosyleyes/leyes/ley/20367,https://www.impo.com.uy/bases/leyes/20367-2024,"COLOMBIA-URUGUAY. EVASION Y ELUSION FISCALES. PREVENCION. CONVENIO. APROBACION",155876,0,0
2024-09-20,20366,https://parlamento.gub.uy/documentosyleyes/leyes/ley/20366,https://www.impo.com.uy/bases/leyes/20366-2024,"FONDO DE FINANCIAMIENTO Y DESARROLLO SUSTENTABLE DE LA ACTIVIDAD LECHERA. PRÓRROGA. LECHEROS. ASISTENCIA",164083,1,0
2024-09-20,20365,https://parlamento.gub.uy/documentosyleyes/leyes/ley/20365,https://www.impo.com.uy/bases/leyes/20365-2024,"EMBARAZOS Y NACIMIENTOS MÚLTIPLES. Modificación a la Ley Nº 17.474.",162320,2,0
2024-09-20,20364,https://parlamento.gub.uy/documentosyleyes/leyes/ley/20364,https://www.impo.com.uy/bases/leyes/20364-2024,"FUERO PATERNAL. Modificación del artículo 8º bis de la Ley Nº 19.161.",164022,5,0
2024-09-20,20363,https://parlamento.gub.uy/documentosyleyes/leyes/ley/20363,https://www.impo.com.uy/bases/leyes/20363-2024,"CIUDAD DE ROSARIO DEL DEPARTAMENTO DE COLONIA - Se declara feriado no laborable el día 24 de enero de 2025, con motivo de conmemorarse los doscientos cincuenta años de la génesis del proceso fundacional.",164008,0,0
2024-09-20,20362,https://parlamento.gub.uy/documentosyleyes/leyes/ley/20362,https://www.impo.com.uy/bases/leyes/20362-2024,"ROU - ESTADO UNIDOS MEXICANOS. TRATADO LIBRE COMERCIO. TERCER PROTOCOLO ADICIONAL. APROBACION",154644,0,0
2024-09-20,20361,https://parlamento.gub.uy/documentosyleyes/leyes/ley/20361,https://www.impo.com.uy/bases/leyes/20361-2024,"VIRUS PAPILOMA HUMANO. INCLUIR TEST. SUSTITUCION ARTICULOS 2º Y 3º DE LA LEY 17242.",164059,1,0
2024-09-20,20360,https://parlamento.gub.uy/documentosyleyes/leyes/ley/20360,https://www.impo.com.uy/bases/leyes/20360-2024,"ACCIÓN DE REPETICIÓN DEL ESTADO.ARTÍCULO 25 DE LA CONSTITUCIÓN. (Reglamentación)",162777,3,0
2024-09-20,20359,https://parlamento.gub.uy/documentosyleyes/leyes/ley/20359,https://www.impo.com.uy/bases/leyes/20359-2024,"RENDICION DE CUENTAS Y BALANCE DE EJECUCION PRESUPUESTAL. EJERCICIO 2023. APROBACION.",163337,0,0
2024-09-20,20358,https://parlamento.gub.uy/documentosyleyes/leyes/ley/20358,https://www.impo.com.uy/bases/leyes/20358-2024,"DERECHO AL SUBSIDIO DE CARGOS POLÍTICOS Y DE PARTICULAR CONFIANZA. Se establece su suspensión y pérdida en los casos de delitos contra la Administración Pública y otros relacionados con la corrupción.",161390,4,0
2024-09-20,20357,https://parlamento.gub.uy/documentosyleyes/leyes/ley/20357,https://www.impo.com.uy/bases/leyes/20357-2024,"ADMINISTRACIÓN NACIONAL DE BOMBEROS VOLUNTARIOS. Creación.",159775,7,0
2024-09-19,20356,https://parlamento.gub.uy/documentosyleyes/leyes/ley/20356,https://www.impo.com.uy/bases/leyes/20356-2024,"ACTOS O PRÁCTICAS QUIRÚRGICAS NO TERAPÉUTICAS EN ANIMALES DOMÉSTICOS. Prohibición.",160516,1,0
2024-09-19,20355,https://parlamento.gub.uy/documentosyleyes/leyes/ley/20355,https://www.impo.com.uy/bases/leyes/20355-2024,"LOCALIDAD DE BAYGORRIA. Se eleva a la categoría de pueblo.",163405,0,0
2024-09-19,20354,https://parlamento.gub.uy/documentosyleyes/leyes/ley/20354,https://www.impo.com.uy/bases/leyes/20354-2024,"MARCO PROMOCIONAL. SEGURIDAD Y SALUD EN EL TRABAJO. OIT. APROBACION.",162799,0,0
2024-09-19,20353,https://parlamento.gub.uy/documentosyleyes/leyes/ley/20353,https://www.impo.com.uy/bases/leyes/20353-2024,"VEHICULOS. ROBO. REDUCCION. PREVENCION.",159093,0,0
2024-09-19,20352,https://parlamento.gub.uy/documentosyleyes/leyes/ley/20352,https://www.impo.com.uy/bases/leyes/20352-2024,"VIVIENDAS FINES TURISTICOS. ALOJAMIENTO. REGULACION. APROBACION",157932,4,0
2024-09-19,20351,https://parlamento.gub.uy/documentosyleyes/leyes/ley/20351,https://www.impo.com.uy/bases/leyes/20351-2024,"ESTADOS UNIDOS DE AMERICA-URUGUAY. INTERCAMBIO INFORMACION TRIBUTARIA. ACUERDO. APROBACION.",162654,0,0
2024-09-19,20350,https://parlamento.gub.uy/documentosyleyes/leyes/ley/20350,https://www.impo.com.uy/bases/leyes/20350-2024,"FRANCIA-URUGUAY. CAMBIO CLIMATICO. ACUERDO BILATERAL COOPERACION. APROBACION",157262,0,0
2024-09-19,20349,https://parlamento.gub.uy/documentosyleyes/leyes/ley/20349,https://www.impo.com.uy/bases/leyes/20349-2024,"TURQUIA-URUGUAY. PROMOCION Y PROTECCION RECIPROCA DE INVERSIONES. ACUERDO. APROBACION",155454,0,0
2024-09-19,20348,https://parlamento.gub.uy/documentosyleyes/leyes/ley/20348,https://www.impo.com.uy/bases/leyes/20348-2024,"PEREYRA ROCHA, Maestro Profesor Carlos Julio. LICEO CEBOLLATI (ROCHA). DENOMINACION.",162842,0,0
2024-09-19,20347,https://parlamento.gub.uy/documentosyleyes/leyes/ley/20347,https://www.impo.com.uy/bases/leyes/20347-2024,"ENRIQUECIMIENTO ILICITO. FIGURA DELICTIVA. CREACION.",156718,0,0
2024-09-19,20346,https://parlamento.gub.uy/documentosyleyes/leyes/ley/20346,https://www.impo.com.uy/bases/leyes/20346-2024,"ESTADOS UNIDO-URUGUAY. COOPERACION EN MATERIA DE EDUCACION. ACUERDO. APROBACION.",162881,0,0
2024-09-19,20345,https://parlamento.gub.uy/documentosyleyes/leyes/ley/20345,https://www.impo.com.uy/bases/leyes/20345-2024,"BANCO CENTRAL URUGUAY. ACTIVOS VIRTUALES. REGULACION.",156302,6,0
2024-09-19,20344,https://parlamento.gub.uy/documentosyleyes/leyes/ley/20344,https://www.impo.com.uy/bases/leyes/20344-2024,"ALVES ALVES DA CRUZ, Julio Cesar. ESCUELA N° 117. SALTO (DEPARTAMENTO). DENOMINACION.",160773,0,0
2024-09-19,20343,https://parlamento.gub.uy/documentosyleyes/leyes/ley/20343,https://www.impo.com.uy/bases/leyes/20343-2024,"PIEDRA NACIONAL DE LA REPÚBLICA ORIENTAL DEL URUGUAY. AMATISTA. RECONOCIMIENTO.",163087,0,0
2024-09-19,20342,https://parlamento.gub.uy/documentosyleyes/leyes/ley/20342,https://www.impo.com.uy/bases/leyes/20342-2024,"DÍA DEL FUNCIONARIO DEL TRIBUNAL DE CUENTAS",163470,0,0
2024-09-19,20341,https://parlamento.gub.uy/documentosyleyes/leyes/ley/20341,https://www.impo.com.uy/bases/leyes/20341-2024,"PUENTES CHIESA, Washington. ESCUELA Nº 86. TACUAREMBO. DENOMINACION.",163312,0,0
2024-09-19,20340,https://parlamento.gub.uy/documentosyleyes/leyes/ley/20340,https://www.impo.com.uy/bases/leyes/20340-2024,"DIA DEL DEPARTAMENTO DE CERRO LARGO.3 DE FEBRERO DE CADA AÑO. (Declaración).",162722,0,0
2024-09-19,20339,https://parlamento.gub.uy/documentosyleyes/leyes/ley/20339,https://www.impo.com.uy/bases/leyes/20339-2024,"ROU-COSTA RICA. TRATADO DE EXTRADICIÓN. APROBACION",161205,0,0
2024-09-19,20338,https://parlamento.gub.uy/documentosyleyes/leyes/ley/20338,https://www.impo.com.uy/bases/leyes/20338-2024,"CAPITAL DEL CORDERO PESADO. Se declara a la ciudad de Sarandí del Yí del departamento de Durazno.",162985,0,0
2024-09-19,20337,https://parlamento.gub.uy/documentosyleyes/leyes/ley/20337,https://www.impo.com.uy/bases/leyes/20337-2024,"CAPITAL NACIONAL DE LA CERÁMICA. Se designa al pueblo Blanquillo del departamento de Durazno.",162986,0,0
2024-09-19,20336,https://parlamento.gub.uy/documentosyleyes/leyes/ley/20336,https://www.impo.com.uy/bases/leyes/20336-2024,"RIERA DE STRAPETTI, América. LICEO SOCA (CANELONES). DENOMINACION.",162841,0,0
2024-09-13,20335,https://parlamento.gub.uy/documentosyleyes/leyes/ley/20335,https://www.impo.com.uy/bases/leyes/20335-2024,"CENTRO REGIONAL GESTION AGUAS SUBTERRANEAS AMERICA LATINA Y EL CARIBE. CREACION Y FUNCIONAMIENTO. URUGUAY - ONU. ACUERDO. APROBACION.",163370,0,0
2024-09-13,20334,https://parlamento.gub.uy/documentosyleyes/leyes/ley/20334,https://www.impo.com.uy/bases/leyes/20334-2024,"CAJA JUBILACIONES PENSIONES PROFESIONALES UNIVERSITARIOS. ADEUDOS. REGIMENES ESPECIALES.-",162865,1,0
2024-09-11,20333,https://parlamento.gub.uy/documentosyleyes/leyes/ley/20333,https://www.impo.com.uy/bases/leyes/20333-2024,"CÓDIGO DE LO CONTENCIOSO ADMINISTRATIVO. (Creación)",162723,5,0
2024-09-11,20332,https://parlamento.gub.uy/documentosyleyes/leyes/ley/20332,https://www.impo.com.uy/bases/leyes/20332-2024,"LICEO POPULAR DE PROGRESO PROF. ISABEL HOUNIE. Designación al liceo Nº 2 de Progreso, departamento de Canelones.",153077,0,0
2024-09-11,20331,https://parlamento.gub.uy/documentosyleyes/leyes/ley/20331,https://www.impo.com.uy/bases/leyes/20331-2024,"INGENIERO AGRÓNOMO BENIGNO ERNESTO PÉREZ BARÓN. Designación a la Escuela Agraria de Sarandí Grande del Departamento de Florida.",156248,0,0
2024-09-11,20330,https://parlamento.gub.uy/documentosyleyes/leyes/ley/20330,https://www.impo.com.uy/bases/leyes/20330-2024,"DANIEL VIDART.  Se designa a la Escuela Nº 100 de Empalme de Sauce, departamento de Canelones.",152063,0,0
2024-09-11,20329,https://parlamento.gub.uy/documentosyleyes/leyes/ley/20329,https://www.impo.com.uy/bases/leyes/20329-2024,"NAVEGACION MARITIMA. ORGANIZACION INTERNACIONAL DE AYUDAS. CONVENCION. APROBACION",157838,0,0
2024-09-11,20328,https://parlamento.gub.uy/documentosyleyes/leyes/ley/20328,https://www.impo.com.uy/bases/leyes/20328-2024,"MICHELLINI, Zelmar. RUTA 109 MALDONADO - ROCHA. DENOMINACION.",164026,0,0
2024-08-23,20327,https://parlamento.gub.uy/documentosyleyes/leyes/ley/20327,https://www.impo.com.uy/bases/leyes/20327-2024,"TIPIFICACIÓN DEL CIBERDELITO. NORMAS.",151908,5,0
2024-08-23,20326,https://parlamento.gub.uy/documentosyleyes/leyes/ley/20326,https://www.impo.com.uy/bases/leyes/20326-2024,"CONVENCIÓN SOBRE LOS DERECHOS DE LAS PERSONAS CON DISCAPACIDAD. MECANISMO DE VIGILANCIA Y MONITOREO DE SU APLICACIÓN. CREACIÓN.",162551,1,0
2024-08-23,20325,https://parlamento.gub.uy/documentosyleyes/leyes/ley/20325,https://www.impo.com.uy/bases/leyes/20325-2024,"CASMU-IAMPP. ACCESO. FONDO GARANTIA PARA REESTRUCTURACION PASIVOS INSTITUCIONES ASISTENCIA MÉDICA COLECTIVA. APROBACION.",163642,1,1
2024-08-23,20324,https://parlamento.gub.uy/documentosyleyes/leyes/ley/20324,https://www.impo.com.uy/bases/leyes/20324-2024,"INMUEBLE. SAN JOSE. DOMINIO DEPARTAMENTAL. TRANSFERENCIA.",160451,0,0
2024-08-23,20323,https://parlamento.gub.uy/documentosyleyes/leyes/ley/20323,https://www.impo.com.uy/bases/leyes/20323-2024,"DÍA DEL DEFENSOR PÚBLICO URUGUAYO. Se declara el 29 de junio de cada año.",163404,0,0
2024-08-23,20322,https://parlamento.gub.uy/documentosyleyes/leyes/ley/20322,https://www.impo.com.uy/bases/leyes/20322-2024,"EJERCICIO FINAL UNITAS LXI - 2024. AERONAVE BEECHCRAFT B-200T Y EFECTIVOS ARMADA NACIONAL. SALIDA PAIS. AUTORIZACION.",163776,0,0
2024-08-23,20321,https://parlamento.gub.uy/documentosyleyes/leyes/ley/20321,https://www.impo.com.uy/bases/leyes/20321-2024,"BANCO EUROPEO INVERSIONES (BEI) - URUGUAY. ACUERDO MARCO COOPERACION FINANCIERA. APROBACION.",160632,0,0
2024-08-23,20320,https://parlamento.gub.uy/documentosyleyes/leyes/ley/20320,https://www.impo.com.uy/bases/leyes/20320-2024,"UNION POSTAL DE LAS AMERICAS, ESPAÑA Y PORTUGAL (UPAEP). 24 CONGRESO. ACTAS Y RESOLUCIONES. APROBACION.",159707,0,0
2024-08-22,20319,https://parlamento.gub.uy/documentosyleyes/leyes/ley/20319,https://www.impo.com.uy/bases/leyes/20319-2024,"UNIDAD AGROALIMENTARIA METROPOLITANA (UAM). DIRECTORIO. MESA EJECUTIVA. MODIFICACION.",161634,2,0
2024-08-22,20318,https://parlamento.gub.uy/documentosyleyes/leyes/ley/20318,https://www.impo.com.uy/bases/leyes/20318-2024,"OFICIAL EJERCITO NACIONAL. OFICIAL DE ENLACE MILITAR ADJUNTO DEL SECTOR DE ASUNTOS CIVILES (SCAMLO). SALIDA PAIS. AUTORIZACION.",163774,0,0
2024-08-22,20317,https://parlamento.gub.uy/documentosyleyes/leyes/ley/20317,https://www.impo.com.uy/bases/leyes/20317-2024,"EJERCICIO COMBINADO ""CEIBO 2024"". EFECTIVOS EJERCITO ARGENTINO. INGRESO. AUTORIZACION.",163772,0,0
2024-08-22,20316,https://parlamento.gub.uy/documentosyleyes/leyes/ley/20316,https://www.impo.com.uy/bases/leyes/20316-2024,"CONMEMORACION INDEPENDENCIA REPUBLICA FEDERATIVA BRASIL. EJERCITO NACIONAL. DELEGACION. SALIDA PAIS. AUTORIZACION",163738,0,0
2024-08-22,20315,https://parlamento.gub.uy/documentosyleyes/leyes/ley/20315,https://www.impo.com.uy/bases/leyes/20315-2024,"DONACIONES. INSTITUCIONES BENEFICIARIAS. PRESENTACION PROYECTOS. PRORROGA.",162530,0,0
2024-08-22,20314,https://parlamento.gub.uy/documentosyleyes/leyes/ley/20314,https://www.impo.com.uy/bases/leyes/20314-2024,"DÍA DE LA INVESTIGACIÓN, LA CIENCIA Y LA TECNOLOGÍA - Se modifica el artículo único de la Ley N° 17.749.",162702,1,0
2024-08-14,20313,https://parlamento.gub.uy/documentosyleyes/leyes/ley/20313,https://www.impo.com.uy/bases/leyes/20313-2024,"MDN. LEY ORGANICA DE LAS FUERZAS ARMADAS. MODIFICACION.",163303,3,0
2024-08-02,20312,https://parlamento.gub.uy/documentosyleyes/leyes/ley/20312,https://www.impo.com.uy/bases/leyes/20312-2024,"LICENCIA POR PATERNIDAD. Modificaciones a las Leyes N° 19.121 y N° 19.161.",162509,3,1
2024-07-26,20311,https://parlamento.gub.uy/documentosyleyes/leyes/ley/20311,https://www.impo.com.uy/bases/leyes/20311-2024,"ACUÑACIÓN DE MONEDAS CONMEMORATIVAS DE LOS 150 AÑOS DE LA FUNDACIÓN DE SOLÍS DE MATAOJO, LAVALLEJA.",163085,0,0
2024-07-26,20310,https://parlamento.gub.uy/documentosyleyes/leyes/ley/20310,https://www.impo.com.uy/bases/leyes/20310-2024,"ORGANIZACION MUNDIAL PROPIEDAD INTELECTUAL (OMPI). TRATADO BUDAPEST. PATENTES. RECONOCIMIENTO INTERNACIONAL DEPOSITO MICROORGANISMOS. APROBACION.",160897,0,0
2024-07-26,20309,https://parlamento.gub.uy/documentosyleyes/leyes/ley/20309,https://www.impo.com.uy/bases/leyes/20309-2024,"LARREA FUZATTI, Silvia Claudia. PENSION GRACIABLE. OTORGAMIENTO.",159971,0,0
2024-07-23,20308,https://parlamento.gub.uy/documentosyleyes/leyes/ley/20308,https://www.impo.com.uy/bases/leyes/20308-2024,"EUSTAQUIO SOSA AQUINO. Se designa al puente sobre el Río Cebollatí que une los departamentos de Treinta y Tres y Rocha en el cruce denominado Puerto de La Charqueada.",159652,0,0
2024-07-19,20307,https://parlamento.gub.uy/documentosyleyes/leyes/ley/20307,https://www.impo.com.uy/bases/leyes/20307-2024,"WASHINGTON BENAVÍDES. Designación al Liceo Nº 5 de la ciudad de Tacuarembó.",156519,0,0
2024-07-10,20306,https://parlamento.gub.uy/documentosyleyes/leyes/ley/20306,https://www.impo.com.uy/bases/leyes/20306-2024,"LESA, Felipe. ESCUELA RURAL 77 PARAJE LAS TUNAS (DURAZNO). DENOMINACION.",124797,0,0
2024-07-10,20305,https://parlamento.gub.uy/documentosyleyes/leyes/ley/20305,https://www.impo.com.uy/bases/leyes/20305-2024,"ARBIZA, Delia. ESCUELA 60 ARTIGAS (DPTO). DENOMINACION.",141077,0,0
2024-07-10,20304,https://parlamento.gub.uy/documentosyleyes/leyes/ley/20304,https://www.impo.com.uy/bases/leyes/20304-2024,"CONCEPCIÓN ""CHINA"" ZORRILLA DE SAN MARTÍN. Designación a la Escuela Nº84 Especial para personas sordas y con alteración de lenguaje del departamento de Madonado.",152341,0,0
2024-07-10,20303,https://parlamento.gub.uy/documentosyleyes/leyes/ley/20303,https://www.impo.com.uy/bases/leyes/20303-2024,"ALGORTA DE GALLINAL, Elvira. LICEO CERRO COLORADO (FLORIDA). DENOMINACION.",154172,0,0
2024-07-10,20302,https://parlamento.gub.uy/documentosyleyes/leyes/ley/20302,https://www.impo.com.uy/bases/leyes/20302-2024,"DE VECCHI, Carlos Martín Mtro. ESCUELA TECNICA ARTIGAS. ARTIGAS (DEPARTAMENTO). DENOMINACION.",160772,0,0
2024-07-10,20301,https://parlamento.gub.uy/documentosyleyes/leyes/ley/20301,https://www.impo.com.uy/bases/leyes/20301-2024,"EJERCICIO ""ACRUX XI"". BUQUES ROU 11 ""RIO NEGRO"", ROU 16 ""RIO YAGUARON"" Y ROU 23 ""MALDONADO"". SALIDA. PAIS. AUTORIZACION.",163095,1,0
2024-07-10,20300,https://parlamento.gub.uy/documentosyleyes/leyes/ley/20300,https://www.impo.com.uy/bases/leyes/20300-2024,"CONMEMORACIÓN DEL 400 ANIVERSARIO DEL INICIO DEL PROCESO FUNDACIONAL DE LA LOCALIDAD DE SANTO DOMINGO DE VILLA SORIANO. Se declara feriado no laborable el 8 de agosto de 2024 para las personas nacidas o radicadas en dicha localidad.",162111,0,0
2024-06-21,20299,https://parlamento.gub.uy/documentosyleyes/leyes/ley/20299,https://www.impo.com.uy/bases/leyes/20299-2024,"TRATADO DE COOPERACION EN MATERIA DE PATENTES. ADHESION. APROBACION",163212,0,0
2024-06-21,20298,https://parlamento.gub.uy/documentosyleyes/leyes/ley/20298,https://www.impo.com.uy/bases/leyes/20298-2024,"GUTIÉRREZ RUIZ, Héctor. ESCUELA Nº 330. MONTEVIDEO. DESIGNACION.",150840,0,0
2024-06-21,20297,https://parlamento.gub.uy/documentosyleyes/leyes/ley/20297,https://www.impo.com.uy/bases/leyes/20297-2024,"RESUCITACION CARDIOPULMONAR. ENSEÑANZA CURRICULAR SISTEMA EDUCATIVO MEDIO Y SUPERIOR. INCLUSION.",148806,0,0
2024-06-21,20296,https://parlamento.gub.uy/documentosyleyes/leyes/ley/20296,https://www.impo.com.uy/bases/leyes/20296-2024,"DÍA ROTARY. URUGUAY. 12 DE JULIO.  DECLARACION.",159987,0,0
2024-06-20,20295,https://parlamento.gub.uy/documentosyleyes/leyes/ley/20295,https://www.impo.com.uy/bases/leyes/20295-2024,"MAESTRA MAGNONE. ESCUELA Nº 71. COLONIA. DENOMINACION.",155833,0,0
2024-06-20,20294,https://parlamento.gub.uy/documentosyleyes/leyes/ley/20294,https://www.impo.com.uy/bases/leyes/20294-2024,"ORGANIZACIÓN INTERNACIONAL DEL BAMBU Y EL RATAN (INBAR). ACUERDO. APROBACION.",161908,0,0
2024-06-14,20293,https://parlamento.gub.uy/documentosyleyes/leyes/ley/20293,https://www.impo.com.uy/bases/leyes/20293-2024,"INTERCAMBIO DE INSTRUCCION. EFECTIVOS EJERCITO NACIONAL. ESTADO DE GOIAS. BRASIL. SALIDA PAIS. AUTORIZACION.",162907,0,0
2024-06-14,20292,https://parlamento.gub.uy/documentosyleyes/leyes/ley/20292,https://www.impo.com.uy/bases/leyes/20292-2024,"LEY PARTIDOS POLÍTICOS. MODIFICACIÓN.",135668,12,0
2024-06-14,20291,https://parlamento.gub.uy/documentosyleyes/leyes/ley/20291,https://www.impo.com.uy/bases/leyes/20291-2024,"LOCALIDAD SOLÍS DE MATAOJO, DEPARTAMENTO DE LAVALLEJA. Se declara feriado no laborable para sus habitantes el día 12 de agosto de 2024.",162239,0,0
2024-06-14,20290,https://parlamento.gub.uy/documentosyleyes/leyes/ley/20290,https://www.impo.com.uy/bases/leyes/20290-2024,"DE FREITAS MODERNEL, Adalberto. ESCUELA N° 79. DURAZNO (DEPARTAMENTO). DENOMINACION.",160774,0,0
2024-06-14,20289,https://parlamento.gub.uy/documentosyleyes/leyes/ley/20289,https://www.impo.com.uy/bases/leyes/20289-2024,"TAHUALPA DEL CIOPPO. LICEO Nº 2 (CANELONES). DENOMINACION.",115589,0,0
2024-06-14,20288,https://parlamento.gub.uy/documentosyleyes/leyes/ley/20288,https://www.impo.com.uy/bases/leyes/20288-2024,"DE IBARBOUROU, Juana. JARDIN DE INFANTES Nº 76. ARTIGAS (DEPARTAMENTO). DENOMINACION.",160923,0,0
2024-06-14,20287,https://parlamento.gub.uy/documentosyleyes/leyes/ley/20287,https://www.impo.com.uy/bases/leyes/20287-2024,"FUNDACION CIUDAD ROSARIO - COLONIA. 250 ANIVERSARIO. ACUÑACION MONEDAS CONMEMORATIVAS. BCU. AUTORIZACION.",161744,0,0
2024-06-14,20286,https://parlamento.gub.uy/documentosyleyes/leyes/ley/20286,https://www.impo.com.uy/bases/leyes/20286-2024,"400 ANIVERSARIO DE LA FUNDACIÓN DE LA VILLA SANTO DOMINGO SORIANO - Se autoriza al Banco Central del Uruguay a proceder a la acuñación de monedas conmemorativas.",162637,0,0
2024-06-14,20285,https://parlamento.gub.uy/documentosyleyes/leyes/ley/20285,https://www.impo.com.uy/bases/leyes/20285-2024,"VILLA SOLÍS DE MATAOJO. Elévese a la categoría de ciudad.",162235,0,0
2024-06-14,20284,https://parlamento.gub.uy/documentosyleyes/leyes/ley/20284,https://www.impo.com.uy/bases/leyes/20284-2024,"DÍA NACIONAL LENGUA SEÑAS URUGUAYA. 25 DE JULIO. DECLARACIÓN",160987,0,0
2024-06-06,20283,https://parlamento.gub.uy/documentosyleyes/leyes/ley/20283,https://www.impo.com.uy/bases/leyes/20283-2024,"100 AÑOS DE LA NOMINACIÓN DE PUEBLO JOSÉ ENRIQUE RODÓ. Se declara feriado no laborable el día 12 de junio de 2024 para las personas nacidas o radicadas en la mencionada localidad.",162317,0,0
2024-06-05,20282,https://parlamento.gub.uy/documentosyleyes/leyes/ley/20282,https://www.impo.com.uy/bases/leyes/20282-2024,"CAPITAL NACIONAL DE LA BUIATRÍA. Se declara a la ciudad de Paysandú.",160824,0,0
2024-05-27,20270,https://parlamento.gub.uy/documentosyleyes/leyes/ley/20270,https://www.impo.com.uy/bases/leyes/20270-2024,"DIA NACIONAL MEDICO LEGISTA - 21 MARZO. DECLARACION.",159727,0,0
2024-05-25,20281,https://parlamento.gub.uy/documentosyleyes/leyes/ley/20281,https://www.impo.com.uy/bases/leyes/20281-2024,"CIUDAD DEL CARMEN. DEPARTAMENTO DE DURAZNO. 10 DE JUNIO 2024. FERIADO NO LABORABLE.",161922,0,0
2024-05-25,20280,https://parlamento.gub.uy/documentosyleyes/leyes/ley/20280,https://www.impo.com.uy/bases/leyes/20280-2024,"ARCHIVO GENERAL NACION. SECCION. CREACION.",159060,3,0
2024-05-25,20279,https://parlamento.gub.uy/documentosyleyes/leyes/ley/20279,https://www.impo.com.uy/bases/leyes/20279-2024,"PERSONAS SITUACION CALLE. ESTADO. ASISTENCIA OBLIGATORIA. APROBACION",153786,2,0
2024-05-25,20278,https://parlamento.gub.uy/documentosyleyes/leyes/ley/20278,https://www.impo.com.uy/bases/leyes/20278-2024,"PROGRAMA NACIONES UNIDAS PARA EL MEDIO AMBIENTE (PNUMA). OFICINA SUBREGIONAL PARA AMERICA DEL SUR. CREACION. ACUERDO",156860,0,0
2024-05-25,20277,https://parlamento.gub.uy/documentosyleyes/leyes/ley/20277,https://www.impo.com.uy/bases/leyes/20277-2024,"BENEDETTI, Mario. ESCUELA Nº 173. MONTEVIDEO. DENOMINACION.",160934,0,0
2024-05-25,20276,https://parlamento.gub.uy/documentosyleyes/leyes/ley/20276,https://www.impo.com.uy/bases/leyes/20276-2024,"PRIMERA MEDALLA ORO OLIMPICO URUGUAY. CENTENARIO. ACUÑACION MONEDAS CONMEMORATIVAS. BCU. AUTORIZACION.",161743,0,0
2024-05-25,20275,https://parlamento.gub.uy/documentosyleyes/leyes/ley/20275,https://www.impo.com.uy/bases/leyes/20275-2024,"REGIMEN SEGURIDAD SOCIAL. BENEFICIO PARCIAL. EXONERACION.",162527,3,0
2024-05-25,20274,https://parlamento.gub.uy/documentosyleyes/leyes/ley/20274,https://www.impo.com.uy/bases/leyes/20274-2024,"DIA DE RECORDACIÓN DEL GENOCIDIO ARMENIO.24 DE ABRIL DE CADA AÑO. (Declaración)",162893,0,0
2024-05-24,20273,https://parlamento.gub.uy/documentosyleyes/leyes/ley/20273,https://www.impo.com.uy/bases/leyes/20273-2024,"ACTIVIDAD LECHERA. ASISTENCIA. FFDSAL. PRORROGA.-",162798,3,1
2024-05-24,20272,https://parlamento.gub.uy/documentosyleyes/leyes/ley/20272,https://www.impo.com.uy/bases/leyes/20272-2024,"CIUDADANO RESIDENTE EXTERIOR. INSTRUMENTACIÓN VOTO.  LEY INTERPRETACIÓN ART 77 Y 81 CONSTITUCIÓN REPÚBLICA. DEROGACIÓN.",145951,1,0
2024-05-23,20271,https://parlamento.gub.uy/documentosyleyes/leyes/ley/20271,https://www.impo.com.uy/bases/leyes/20271-2024,"CIUDAD OMBUES DE LAVALLE. CAPITAL NACIONAL DE LA CEBADA. DECLARACION.",160672,0,0
2024-05-23,20269,https://parlamento.gub.uy/documentosyleyes/leyes/ley/20269,https://www.impo.com.uy/bases/leyes/20269-2024,"23º CONGRESO UNION POSTAL AMERICAS, ESPAÑA Y PORTUGAL. ACTAS, DECLARACION, RESOLUCIONES Y RECOMENDACIONES. APROBACION.",160713,0,0
2024-05-15,20268,https://parlamento.gub.uy/documentosyleyes/leyes/ley/20268,https://www.impo.com.uy/bases/leyes/20268-2024,"DIA NACIONAL AJEDREZ-27 MAYO. DECLARACION.",161706,0,0
2024-05-15,20267,https://parlamento.gub.uy/documentosyleyes/leyes/ley/20267,https://www.impo.com.uy/bases/leyes/20267-2024,"DR. JOSÉ MARÍA REYES MAGARIÑOS. CENTRO DE SALUD DE FRAY BENTOS. DESIGNACIÓN",160317,0,0
2024-05-15,20266,https://parlamento.gub.uy/documentosyleyes/leyes/ley/20266,https://www.impo.com.uy/bases/leyes/20266-2024,"ADOPCIONES MONOPARENTALES. DERECHO IDENTIDAD. ART. 27 LEY N° 17.823. MODIFICACION",157343,1,0
2024-05-15,20265,https://parlamento.gub.uy/documentosyleyes/leyes/ley/20265,https://www.impo.com.uy/bases/leyes/20265-2024,"ZITARROSA, ALFREDO. LICEO Nº 2. SOLYMAR (CANELONES). DENOMINACION.",151566,0,0
2024-05-15,20264,https://parlamento.gub.uy/documentosyleyes/leyes/ley/20264,https://www.impo.com.uy/bases/leyes/20264-2024,"CAPITAL NACIONAL DEL ALFAJOR. Se declara a la ciudad de Minas.",161053,0,0
2024-05-15,20263,https://parlamento.gub.uy/documentosyleyes/leyes/ley/20263,https://www.impo.com.uy/bases/leyes/20263-2024,"COMPETENCIA ""FUERZAS COMANDO 2024"" DELEGACION EJERCITO NACIONAL. SALIDA PAIS. AUTORIZACION",162427,0,0
2024-04-29,20262,https://parlamento.gub.uy/documentosyleyes/leyes/ley/20262,https://www.impo.com.uy/bases/leyes/20262-2024,"DIA NACIONAL DEL CANDOMBE, LA CULTURA AFROURUGUAYA Y LA EQUIDAD RACIAL. Modificación.",149084,2,0
2024-04-27,20261,https://parlamento.gub.uy/documentosyleyes/leyes/ley/20261,https://www.impo.com.uy/bases/leyes/20261-2024,"CAPITAL NACIONAL COOPERATIVISMO. COLONIA DEL SACRAMENTO. AÑO 2024. DESIGNACION",161475,0,0
2024-04-27,20260,https://parlamento.gub.uy/documentosyleyes/leyes/ley/20260,https://www.impo.com.uy/bases/leyes/20260-2024,"DEPARTAMENTO CAPITAL DEL SURF URUGUAYO. SE DECLARA AL DEPARTAMENTO DE ROCHA.",151528,0,0
2024-04-26,20259,https://parlamento.gub.uy/documentosyleyes/leyes/ley/20259,https://www.impo.com.uy/bases/leyes/20259-2024,"PERSONAS NACIDAS Y RESIDENTES DE LA CIUDAD DE CARDONA DEL DEPARTAMENTO DE SORIANO. Se declara feriado laborable el día 15 de octubre de cada año.",161048,0,0
2024-04-25,20258,https://parlamento.gub.uy/documentosyleyes/leyes/ley/20258,https://www.impo.com.uy/bases/leyes/20258-2024,"BICENTENARIO DECLARATORIA INDEPENDENCIA 1825. ACUÑACION MONEDAS CONMEMORATIVAS. APROBACION",160887,0,0
2024-04-25,20257,https://parlamento.gub.uy/documentosyleyes/leyes/ley/20257,https://www.impo.com.uy/bases/leyes/20257-2024,"ARBITRAJE NACIONAL. REGIMEN. CGP. MODIFICACION.",149672,1,0
2024-04-25,20256,https://parlamento.gub.uy/documentosyleyes/leyes/ley/20256,https://www.impo.com.uy/bases/leyes/20256-2024,"CECILIO MAINERO, Nelly. PENSION GRACIABLE. OTORGAMIENTO.",160928,0,1
2024-04-25,20255,https://parlamento.gub.uy/documentosyleyes/leyes/ley/20255,https://www.impo.com.uy/bases/leyes/20255-2024,"DIAZ, Dionisio. ESCUELA TECNICA N° 1. TREINTA Y TRES (DEPARTAMENTO). DENOMINACION.",160771,0,0
2024-04-12,20254,https://parlamento.gub.uy/documentosyleyes/leyes/ley/20254,https://www.impo.com.uy/bases/leyes/20254-2024,"EVENTO CONJUNTO CAPACITACION OPERACIONES ESPECIALES (J-CET).  FUERZAS ESPECIALES ESTADOS UNIDOS DE AMERICA. INGRESO PAIS. AUTORIZACION.",162426,0,0
2024-04-04,20253,https://parlamento.gub.uy/documentosyleyes/leyes/ley/20253,https://www.impo.com.uy/bases/leyes/20253-2024,"LUISI, Paulina. LICEO N° 68 MONTEVIDEO. DENOMINACION.",144298,0,0
2024-03-22,20252,https://parlamento.gub.uy/documentosyleyes/leyes/ley/20252,https://www.impo.com.uy/bases/leyes/20252-2024,"URUGUAY-ARABIA SAUDITA. SERVICIOS AEREOS. CONVENIO. APROBACION.",160794,0,0
2024-03-21,20251,https://parlamento.gub.uy/documentosyleyes/leyes/ley/20251,https://www.impo.com.uy/bases/leyes/20251-2024,"JARDÍN DE INFANTES N° 287. DENOMINACIÓN.",120284,0,0
2024-03-21,20250,https://parlamento.gub.uy/documentosyleyes/leyes/ley/20250,https://www.impo.com.uy/bases/leyes/20250-2024,"AROCENA, Alfredo. JARDIN INFANTES Nº 282 (MONTEVIDEO). DENOMINACION.",145141,0,0
2024-03-21,20249,https://parlamento.gub.uy/documentosyleyes/leyes/ley/20249,https://www.impo.com.uy/bases/leyes/20249-2024,"MENEGHETTI FABRIS, Elsa. ESCUELA 297 TIEMPO COMPLETO (CANELONES). DENOMINACION.",137656,0,0
2024-03-21,20248,https://parlamento.gub.uy/documentosyleyes/leyes/ley/20248,https://www.impo.com.uy/bases/leyes/20248-2024,"""CHINA MARIA"". LICEO N° 6. DEPARTAMENTO PAYSANDU. DENOMINACION.",143981,0,0
2024-03-12,20247,https://parlamento.gub.uy/documentosyleyes/leyes/ley/20247,https://www.impo.com.uy/bases/leyes/20247-2024,"150 AÑOS DE LA FUNDACIÓN DE LA CIUDAD DE PAN DE AZÚCAR - Se declara feriado el día 13 de marzo de 2024.",162215,0,0
2023-12-29,20246,https://parlamento.gub.uy/documentosyleyes/leyes/ley/20246,https://www.impo.com.uy/bases/leyes/20246-2023,"PIROTECNIA DE ESTRUENDO. COMERCIALIZACION Y USO. PROHIBICION. REGIMEN.",148743,0,0
2023-12-29,20245,https://parlamento.gub.uy/documentosyleyes/leyes/ley/20245,https://www.impo.com.uy/bases/leyes/20245-2023,"CONTRATACIÓN DE BIENES Y SERVICIOS POR PARTE DE LOS MINISTERIOS DE DESARROLLO SOCIAL O GANADERÍA, AGRICULTURA Y PESCA CON LAS COOPERATIVAS. Modificación del literal D), numeral 30), artículo 482 de la Ley N° 15.903.",161702,2,0
2023-12-29,20244,https://parlamento.gub.uy/documentosyleyes/leyes/ley/20244,https://www.impo.com.uy/bases/leyes/20244-2023,"RADIODIFUSION Y TELEVISION. EMPRESAS PERIODISTICAS. EXONERACIONES. EXTENSION.",161612,0,0
2023-12-28,20243,https://parlamento.gub.uy/documentosyleyes/leyes/ley/20243,https://www.impo.com.uy/bases/leyes/20243-2023,"PROPINAS ABONADAS POR MEDIOS ELECTRÓNICOS DE PAGO. Normas.",156767,1,0
2023-12-28,20242,https://parlamento.gub.uy/documentosyleyes/leyes/ley/20242,https://www.impo.com.uy/bases/leyes/20242-2023,"VELERO ESCUELA ""CAPITAN MIRANDA"". XXXIV VIAJE DE INSTRUCCION. SALIDA DEL PAIS. AUTORIZACION.",161742,0,0
2023-12-28,20241,https://parlamento.gub.uy/documentosyleyes/leyes/ley/20241,https://www.impo.com.uy/bases/leyes/20241-2023,"UNIVERSALIZACION SANEAMIENTO URUGUAY. OSE. SUBSIDIO. AUTORIZACIÓN",161138,0,0
2023-12-28,20240,https://parlamento.gub.uy/documentosyleyes/leyes/ley/20240,https://www.impo.com.uy/bases/leyes/20240-2023,"EJERCICIO MULTINACIONAL OPERACIONES DE PAZ  ""MPE 24"".SHANTI PRAYAS IV ""SP IV"". DELEGACION COMANDO GENERAL EJERCITO. SALIDA PAIS. AUTORIZACION.",161611,0,0
2023-12-28,20239,https://parlamento.gub.uy/documentosyleyes/leyes/ley/20239,https://www.impo.com.uy/bases/leyes/20239-2023,"TURISMO INTERNO. FOMENTO. IMPUESTOS. EXPORTADOR. AMPLIACION",161619,0,0
2023-12-22,20238,https://parlamento.gub.uy/documentosyleyes/leyes/ley/20238,https://www.impo.com.uy/bases/leyes/20238-2023,"PREVENCIÓN Y COMBATE DE INCENDIOS FORESTALES. Regulación.",155828,2,0
2023-12-22,20237,https://parlamento.gub.uy/documentosyleyes/leyes/ley/20237,https://www.impo.com.uy/bases/leyes/20237-2023,"AGENCIA NACIONAL DE VIVIENDA. BANCO HIPOTECARIO DEL URUGUAY. DEUDORES UR. SOLUCIONES.",154373,3,1
2023-12-22,20236,https://parlamento.gub.uy/documentosyleyes/leyes/ley/20236,https://www.impo.com.uy/bases/leyes/20236-2023,"FRANCISCO BRUNI. Se designa a la Escuela N° 71 de Costa del Tala, departamento de Canelones.",155950,0,0
2023-12-22,20235,https://parlamento.gub.uy/documentosyleyes/leyes/ley/20235,https://www.impo.com.uy/bases/leyes/20235-2023,"SEMANA DE LA PREVENCIÓN Y CONCIENTIZACIÓN CONTRA LA VIOLENCIA Y EL ACOSO ESCOLAR. Declaración.",156756,0,0
2023-12-22,20234,https://parlamento.gub.uy/documentosyleyes/leyes/ley/20234,https://www.impo.com.uy/bases/leyes/20234-2023,"DA ROSA, Julio César. ESCUELA RURAL 10. YERBAL CHICO (TREINTA Y TRES). DENOMINACION.",152385,0,0
2023-12-22,20233,https://parlamento.gub.uy/documentosyleyes/leyes/ley/20233,https://www.impo.com.uy/bases/leyes/20233-2023,"CONCLUSION NEGOCIACIONES REGLAMENTACION NACIONAL AMBITO SERVICIOS Y ANEXOS. DECLARACION. APROBACION.",155239,0,1
2023-12-20,20232,https://parlamento.gub.uy/documentosyleyes/leyes/ley/20232,https://www.impo.com.uy/bases/leyes/20232-2023,"COMPTE Y RIQUE, Enriqueta. JARDIN INFANTES 124. SALTO. DENOMINACION.",154171,0,0
2023-12-20,20231,https://parlamento.gub.uy/documentosyleyes/leyes/ley/20231,https://www.impo.com.uy/bases/leyes/20231-2023,"OPERACION ANTARKOS XL. PLANA MAYOR Y TRIPULACION BUQUE ROU 04 ""GENERAL ARTIGAS"". SALIDA AGUAS JURISDICCIONALES. AUTORIZACION.",160815,0,0
2023-12-19,20230,https://parlamento.gub.uy/documentosyleyes/leyes/ley/20230,https://www.impo.com.uy/bases/leyes/20230-2023,"FAENA DE ANIMALES DE GRANJA POR PARTE DE PRODUCTORES FAMILIARES. Modificación a la Ley N° 20.097.",161628,1,0
2023-12-19,20229,https://parlamento.gub.uy/documentosyleyes/leyes/ley/20229,https://www.impo.com.uy/bases/leyes/20229-2023,"CORTE ELECTORAL. 100 AÑOS. ACUÑACION MONEDAS CONMEMORATIVAS. BCU. AUTORIZACION.",160761,0,0
2023-12-14,20228,https://parlamento.gub.uy/documentosyleyes/leyes/ley/20228,https://www.impo.com.uy/bases/leyes/20228-2023,"132 ANIVERSARIO. TEATRO ESCAYOLA. ACUÑACION MONEDAS CONMEMORATIVAS. APROBACION",158396,0,0
2023-12-14,20227,https://parlamento.gub.uy/documentosyleyes/leyes/ley/20227,https://www.impo.com.uy/bases/leyes/20227-2023,"ARMADA NACIONAL Y BUQUE ROU 34 ""AUDAZ"". EFECTIVOS. SALIDA DEL PAIS. AUTORIZACION",161388,0,0
2023-12-13,20226,https://parlamento.gub.uy/documentosyleyes/leyes/ley/20226,https://www.impo.com.uy/bases/leyes/20226-2023,"CASA DE GALICIA. TRABAJADORES. CRÉDITOS LABORALES. USUARIOS. GARANTÍAS. DERECHOS",160955,3,0
2023-11-25,20225,https://parlamento.gub.uy/documentosyleyes/leyes/ley/20225,https://www.impo.com.uy/bases/leyes/20225-2023,"VENADO DE CAMPO. ESPECIE PROTEGIDA. DECLARACION.",147399,0,0
2023-11-25,20224,https://parlamento.gub.uy/documentosyleyes/leyes/ley/20224,https://www.impo.com.uy/bases/leyes/20224-2023,"PUEBLO PASO LA CRUZ. Designación a la localidad ubicada en la séptima sección judicial del departamento de Río Negro.",157157,0,0
2023-11-25,20223,https://parlamento.gub.uy/documentosyleyes/leyes/ley/20223,https://www.impo.com.uy/bases/leyes/20223-2023,"INGENIERO AGRONOMO EDUARDO URIOSTE. DEPARTAMENTOS DURAZNO - TACUAREMBO. PUENTE. DENOMINACION.",158709,0,0
2023-11-25,20222,https://parlamento.gub.uy/documentosyleyes/leyes/ley/20222,https://www.impo.com.uy/bases/leyes/20222-2023,"FRANZINI, Luis. JARDIN INFANTES 216. MONTEVIDEO. DENOMINACION.",159726,0,0
2023-11-25,20221,https://parlamento.gub.uy/documentosyleyes/leyes/ley/20221,https://www.impo.com.uy/bases/leyes/20221-2023,"REPUBLICA DOMINICANA-URUGUAY. SERVICIOS AEREOS. CONVENIO. APROBACION.",143882,0,0
2023-11-25,20220,https://parlamento.gub.uy/documentosyleyes/leyes/ley/20220,https://www.impo.com.uy/bases/leyes/20220-2023,"UNIÓN INTERPARLAMENTARIA (UIP) - URUGUAY. OFICINA REGIONAL. SEDE. ACUERDO. APROBACION.",160557,0,0
2023-11-25,20219,https://parlamento.gub.uy/documentosyleyes/leyes/ley/20219,https://www.impo.com.uy/bases/leyes/20219-2023,"CLUBES DE CIENCIA. PROYECTOS CIENTIFICOS. INTERES NACIONAL. DECLARACION.",153321,0,0
2023-11-22,20218,https://parlamento.gub.uy/documentosyleyes/leyes/ley/20218,https://www.impo.com.uy/bases/leyes/20218-2023,"COMPTE Y RIQUE, Enriqueta. MALDONADO (DPTO). JARDIN DE INFANTES Nº 109. DESIGNACION",152764,0,0
2023-11-22,20217,https://parlamento.gub.uy/documentosyleyes/leyes/ley/20217,https://www.impo.com.uy/bases/leyes/20217-2023,"FERNANDEZ FAINGOLD, Hugo Tomás. PENSION GRACIABLE. OTORGAMIENTO",161139,0,0
2023-11-22,20216,https://parlamento.gub.uy/documentosyleyes/leyes/ley/20216,https://www.impo.com.uy/bases/leyes/20216-2023,"DR. PEREA JAMPEIN, Miguel. PUENTE INTERCAMBIADOR RUTA 35 Y RUTA INTERBALNEARIA. DENOMINACION.",159829,0,0
2023-11-20,20215,https://parlamento.gub.uy/documentosyleyes/leyes/ley/20215,https://www.impo.com.uy/bases/leyes/20215-2023,"DON ORIONE. RUTA 35. TRAMO ENTRE KM 56,500 Y KM 64,700. DENOMINACION.",159828,0,0
2023-11-10,20214,https://parlamento.gub.uy/documentosyleyes/leyes/ley/20214,https://www.impo.com.uy/bases/leyes/20214-2023,"DIAZ OLIVERA, Mario Espalter. PENSION GRACIABLE. OTORGAMIENTO.",160546,0,0
2023-11-10,20213,https://parlamento.gub.uy/documentosyleyes/leyes/ley/20213,https://www.impo.com.uy/bases/leyes/20213-2023,"DAÑOS NUCLEARES. RESPONSABILIDAD CIVIL. CONVENCION VIENA. PROTOCOLO ENMIENDA. APROBACION.",152103,0,0
2023-11-06,20212,https://parlamento.gub.uy/documentosyleyes/leyes/ley/20212,https://www.impo.com.uy/bases/leyes/20212-2023,"RENDICION DE CUENTAS Y BALANCE DE EJECUCION PRESUPUESTAL EJERCICIO 2022. APROBACION.",159716,0,5
2023-11-05,20211,https://parlamento.gub.uy/documentosyleyes/leyes/ley/20211,https://www.impo.com.uy/bases/leyes/20211-2023,"BAZZANO VAZQUEZ, Miguel Daniel. PENSION GRACIABLE. OTORGAMIENTO.",157444,0,0
2023-11-05,20210,https://parlamento.gub.uy/documentosyleyes/leyes/ley/20210,https://www.impo.com.uy/bases/leyes/20210-2023,"CONMEMORACIÓN 150 AÑOS DEL LICEO Nº1 DE SALTO. Se declara de interés general.",160579,0,0
2023-11-01,20209,https://parlamento.gub.uy/documentosyleyes/leyes/ley/20209,https://www.impo.com.uy/bases/leyes/20209-2023,"SEGURIDAD SOCIAL. FIDEICOMISO II. CREACION",160880,6,0
2023-11-01,20208,https://parlamento.gub.uy/documentosyleyes/leyes/ley/20208,https://www.impo.com.uy/bases/leyes/20208-2023,"CAJA DE JUBILACIONES Y PENSIONES BANCARIAS. ARTICULOS LEY ORGANICA. MODIFICACION.",160751,10,0
2023-10-27,20207,https://parlamento.gub.uy/documentosyleyes/leyes/ley/20207,https://www.impo.com.uy/bases/leyes/20207-2023,"VIERA, Petrona.  LICEO N° 75. DEPARTAMENTO MONTEVIDEO. DENOMINACION",153590,0,0
2023-10-27,20206,https://parlamento.gub.uy/documentosyleyes/leyes/ley/20206,https://www.impo.com.uy/bases/leyes/20206-2023,"MTRO. CASABALLE, Luis Alberto. ESCUELA 67. CUCHILLAS DE PERALTA (TACUAREMBÓ). DENOMINACION.",159719,1,0
2023-10-27,20205,https://parlamento.gub.uy/documentosyleyes/leyes/ley/20205,https://www.impo.com.uy/bases/leyes/20205-2023,"MAESTRA GANDARA RODRIGUEZ, Tamar Liria. MERCEDES (SORIANO). ESCUELA Nº 74. DESIGNACION",152762,0,0
2023-10-27,20204,https://parlamento.gub.uy/documentosyleyes/leyes/ley/20204,https://www.impo.com.uy/bases/leyes/20204-2023,"ROSELLO DE NIEVES, JUANA. ESCUELA N° 47. MALDONADO (DEPARTAMENTO). DENOMINACION.",156096,0,0
2023-10-27,20203,https://parlamento.gub.uy/documentosyleyes/leyes/ley/20203,https://www.impo.com.uy/bases/leyes/20203-2023,"CONMEMORACIÓN DE LOS 230 AÑOS DEL PROCESO FUNDACIONAL DE LA CIUDAD DE ROCHA. Se declara feriado no laborable el día 23 de noviembre de 2023.",160230,0,0
2023-10-20,20202,https://parlamento.gub.uy/documentosyleyes/leyes/ley/20202,https://www.impo.com.uy/bases/leyes/20202-2023,"ACUERDO SUBVENCIONES A LA PESCA. OMC. PROTOCOLO ENMIENDA DEL ACUERDO DE MARRAKECH. APROBACION",157623,0,0
2023-10-19,20201,https://parlamento.gub.uy/documentosyleyes/leyes/ley/20201,https://www.impo.com.uy/bases/leyes/20201-2023,"ORGANIZACIONES MILITARES COMANDO MILITAR DEL SUR. VISITA. DELEGACION EJERCITO NACIONAL. SALIDA PAIS. AUTORIZACION.",160443,0,0
2023-09-29,20200,https://parlamento.gub.uy/documentosyleyes/leyes/ley/20200,https://www.impo.com.uy/bases/leyes/20200-2023,"EJERCICIO COMBINADO ""CEIBO 2023"". EJERCITO NACIONAL. EFECTIVOS. SALIDA PAIS. AUTORIZACION.",160444,0,0
2023-09-21,20199,https://parlamento.gub.uy/documentosyleyes/leyes/ley/20199,https://www.impo.com.uy/bases/leyes/20199-2023,"GESTION CULTURAL. DIA NACIONAL. 4 DE SETIEMBRE. DECLARACION.",155118,0,0
2023-09-17,20198,https://parlamento.gub.uy/documentosyleyes/leyes/ley/20198,https://www.impo.com.uy/bases/leyes/20198-2023,"SUIZA-URUGUAY. IMPLEMENTACION ACUERDO DE PARIS. ACUERDO. APROBACION.",159124,0,0
2023-09-17,20197,https://parlamento.gub.uy/documentosyleyes/leyes/ley/20197,https://www.impo.com.uy/bases/leyes/20197-2023,"COMPTE Y RIQUE, Enriqueta. FLORIDA (DPTO). JARDIN DE INFANTES Nº 104. DESIGNACION",152758,0,0
2023-08-24,20196,https://parlamento.gub.uy/documentosyleyes/leyes/ley/20196,https://www.impo.com.uy/bases/leyes/20196-2023,"RECONOCIMIENTO ESTUDIOS, TITULOS Y DIPLOMAS. ACUERDO MARCO MERCOSUR. APROBACION.",157260,0,0
2023-08-24,20195,https://parlamento.gub.uy/documentosyleyes/leyes/ley/20195,https://www.impo.com.uy/bases/leyes/20195-2023,"INSTITUTO INTERNACIONAL UNIFICACION DERECHO PRIVADO (UNIDROIT). BIENES CULTURALES ROBADOS EXPORTADOS ILICITAMENTE. CONVENIO. APROBACION.",148687,0,0
2023-08-24,20194,https://parlamento.gub.uy/documentosyleyes/leyes/ley/20194,https://www.impo.com.uy/bases/leyes/20194-2023,"DÍA NACIONAL DEL BOMBERO. Se declara el día 27 de octubre de cada año.",158506,0,0
2023-08-24,20193,https://parlamento.gub.uy/documentosyleyes/leyes/ley/20193,https://www.impo.com.uy/bases/leyes/20193-2023,"VICTIMAS HECHOS OCURRIDOS (1° ENERO 1962 Y 31 DICIEMBRE 1976). DERECHO REPARACION. RECONOCIMIENTO.",157554,0,0
2023-08-23,20192,https://parlamento.gub.uy/documentosyleyes/leyes/ley/20192,https://www.impo.com.uy/bases/leyes/20192-2023,"DÍA NACIONAL DEL LEONISMO. Declárase el día 3 de abril de cada año.",157609,0,0
2023-08-23,20191,https://parlamento.gub.uy/documentosyleyes/leyes/ley/20191,https://www.impo.com.uy/bases/leyes/20191-2023,"ATRACCION DE TALENTOS. TECNICOS Y PROFESIONALES (TI). APROBACION",157423,0,0
2023-08-18,20190,https://parlamento.gub.uy/documentosyleyes/leyes/ley/20190,https://www.impo.com.uy/bases/leyes/20190-2023,"OPERACION PARANA III, 2da. FASE. EJERCITO NACIONAL. OFICIALES. SALIDA PAIS. AUTORIZACION",159969,0,0
2023-08-18,20189,https://parlamento.gub.uy/documentosyleyes/leyes/ley/20189,https://www.impo.com.uy/bases/leyes/20189-2023,"SECTOR CITRICOLA. COSECHA Y PACKING. SUBSIDIO DESEMPLEO. REGIMEN ESPECIAL.",159833,2,0
2023-08-18,20188,https://parlamento.gub.uy/documentosyleyes/leyes/ley/20188,https://www.impo.com.uy/bases/leyes/20188-2023,"MÚSICOS DE FLORES. Se declara de interés cultural.",159046,0,0
2023-08-17,20187,https://parlamento.gub.uy/documentosyleyes/leyes/ley/20187,https://www.impo.com.uy/bases/leyes/20187-2023,"EMPRESA HIPERTEX S.A. TRABAJADORES. SEGURO DESEMPLEO. EXTENSION.",159832,2,0
2023-08-17,20186,https://parlamento.gub.uy/documentosyleyes/leyes/ley/20186,https://www.impo.com.uy/bases/leyes/20186-2023,"DÍA DE LA TRIPULACIÓN DE HELICÓPTERO. Se declara feriado no laborable el día 13 de agosto de cada año para dicha tripulación.",158897,0,0
2023-08-17,20185,https://parlamento.gub.uy/documentosyleyes/leyes/ley/20185,https://www.impo.com.uy/bases/leyes/20185-2023,"DR. MANUEL QUINTELA. Designación a una sala del hospital departamental de la ciudad de Treinta y Tres.",156540,0,0
2023-08-17,20184,https://parlamento.gub.uy/documentosyleyes/leyes/ley/20184,https://www.impo.com.uy/bases/leyes/20184-2023,"DR. ROBERTO INTROINI CARABELLI.  Se designa al Centro Auxiliar de Salud de Lascano.",155026,0,0
2023-08-14,20183,https://parlamento.gub.uy/documentosyleyes/leyes/ley/20183,https://www.impo.com.uy/bases/leyes/20183-2023,"OPERACIONES DE PAZ ""MPE 23"" KERIS AMAN II ""KA II"". EJERCITO NACIONAL. SALIDA PAIS. AUTORIZACION",159970,0,0
2023-08-11,20182,https://parlamento.gub.uy/documentosyleyes/leyes/ley/20182,https://www.impo.com.uy/bases/leyes/20182-2023,"SUBSIDIO DESEMPLEO. REGIMENES ESPECIALES. ESTABLECER. FACULTAD.",159147,2,0
2023-08-11,20181,https://parlamento.gub.uy/documentosyleyes/leyes/ley/20181,https://www.impo.com.uy/bases/leyes/20181-2023,"GAS SAYAGO S.A. SITUACION. APROBACION",151242,0,0
2023-08-08,20180,https://parlamento.gub.uy/documentosyleyes/leyes/ley/20180,https://www.impo.com.uy/bases/leyes/20180-2023,"HEDERSON CARDOZO. Designación al Complejo Educativo donde se encuentran ubicadas la Escuela Nº 249 y el Jardín de Infantes Nº 252, del departamento de Montevideo.",152797,0,0
2023-08-08,20179,https://parlamento.gub.uy/documentosyleyes/leyes/ley/20179,https://www.impo.com.uy/bases/leyes/20179-2023,"CUIDADOS PALIATIVOS. Normas.",152965,2,0
2023-08-08,20178,https://parlamento.gub.uy/documentosyleyes/leyes/ley/20178,https://www.impo.com.uy/bases/leyes/20178-2023,"DIA NACIONAL DEL AUTOMOVILISMO DEPORTIVO. Se declara el día 11 de setiembre de cada año.",155550,0,0
2023-07-21,20177,https://parlamento.gub.uy/documentosyleyes/leyes/ley/20177,https://www.impo.com.uy/bases/leyes/20177-2023,"DONACION DE ALIMENTOS. NORMAS",156161,0,0
2023-07-21,20176,https://parlamento.gub.uy/documentosyleyes/leyes/ley/20176,https://www.impo.com.uy/bases/leyes/20176-2023,"ADICTO. INTERNACION VOLUNTARIA. TRATAMIENTO DESINTOXICACION Y REHABILITACION. REGIMEN.",148525,0,0
2023-07-21,20175,https://parlamento.gub.uy/documentosyleyes/leyes/ley/20175,https://www.impo.com.uy/bases/leyes/20175-2023,"SEDE. ORGANIZACION INTERNACIONAL DE LA VIÑA Y EL VINO. PROTOCOLO DE ENMIENDA. APROBACION",156325,0,0
2023-07-21,20174,https://parlamento.gub.uy/documentosyleyes/leyes/ley/20174,https://www.impo.com.uy/bases/leyes/20174-2023,"RAMIREZ ABELLA, Julia Isabel. PENSION GRACIABLE. OTORGAMIENTO",157445,0,0
2023-07-21,20173,https://parlamento.gub.uy/documentosyleyes/leyes/ley/20173,https://www.impo.com.uy/bases/leyes/20173-2023,"BALADON LEMBO, Sofía. Prof. LICEO ""CAPILLA DEL SAUCE"" (FLORIDA). DENOMINACION.",154344,0,0
2023-07-21,20172,https://parlamento.gub.uy/documentosyleyes/leyes/ley/20172,https://www.impo.com.uy/bases/leyes/20172-2023,"JULIO CESAR DA ROSA. LICEO N° 4 TREINTA Y TRES (TREINTA Y TRES). DENOMINACION.",155835,0,0
2023-07-21,20171,https://parlamento.gub.uy/documentosyleyes/leyes/ley/20171,https://www.impo.com.uy/bases/leyes/20171-2023,"DELMIRO ""NENE"" MARTINEZ. ESCUELA 93 PUNTA DE TABAREZ (SAN JOSE). DENOMINACION.",154343,0,0
2023-07-13,20170,https://parlamento.gub.uy/documentosyleyes/leyes/ley/20170,https://www.impo.com.uy/bases/leyes/20170-2023,"DÍA NACIONAL DEL BUTIÁ. Se declara el 13 de marzo de cada año.",158188,0,0
2023-07-13,20169,https://parlamento.gub.uy/documentosyleyes/leyes/ley/20169,https://www.impo.com.uy/bases/leyes/20169-2023,"DRAGA DHR 7 VAPOR. DENOMINACION. LITERAL E) ARTICULO 382 LEY Nº 19.355. MODIFICACION.",149448,1,0
2023-07-13,20168,https://parlamento.gub.uy/documentosyleyes/leyes/ley/20168,https://www.impo.com.uy/bases/leyes/20168-2023,"JOSÉ MARÍA DAMBORIARENA ERRAMÚN. Designación a la Ruta Nacional Nº 29, que une la Ruta Nacional Nº 5 a la altura del km 425.",157352,0,0
2023-07-13,20167,https://parlamento.gub.uy/documentosyleyes/leyes/ley/20167,https://www.impo.com.uy/bases/leyes/20167-2023,"ORGANIZACION MARITIMA INTERNACIONAL (OMI). CONVENIO. ENMIENDA. ARPOBACION.",157261,0,0
2023-07-13,20166,https://parlamento.gub.uy/documentosyleyes/leyes/ley/20166,https://www.impo.com.uy/bases/leyes/20166-2023,"FONDO DE EMERGENCIA HIDRICA. CREACION.",159643,2,0
2023-07-13,20165,https://parlamento.gub.uy/documentosyleyes/leyes/ley/20165,https://www.impo.com.uy/bases/leyes/20165-2023,"INGENIERA ELISABETH ARRIETA. Designación al Centro Educativo Asociado Nº 102 del Balneario Buenos Aires, departamento de Maldonado.",153399,0,0
2023-07-10,20164,https://parlamento.gub.uy/documentosyleyes/leyes/ley/20164,https://www.impo.com.uy/bases/leyes/20164-2023,"""EJERCICIO FINAL UNITAS 2023"". EFECTIVOS ARMADA NACIONAL. SALIDA PAIS. AUTORIZACION.",159260,0,0
2023-07-10,20163,https://parlamento.gub.uy/documentosyleyes/leyes/ley/20163,https://www.impo.com.uy/bases/leyes/20163-2023,"EVENTO CONJUNTO CAPACITACION OPERACIONES (J-CET). DELEGACION FUERZAS ESPECIALES ESTADOS UNIDOS. INGRESO PAIS. AUTORIZACION.",159259,0,0
2023-06-23,20162,https://parlamento.gub.uy/documentosyleyes/leyes/ley/20162,https://www.impo.com.uy/bases/leyes/20162-2023,"BIRF. AUMENTO GENERAL CAPITAL. CFI. AUMENTO SELECTIVO CAPITAL. SUSCRIPCION. AUTORIZACION.",158369,0,0
2023-06-23,20161,https://parlamento.gub.uy/documentosyleyes/leyes/ley/20161,https://www.impo.com.uy/bases/leyes/20161-2023,"PICA CANEPA, Miguel Emir. LICEO 3 MELO (CERRO LARGO). DENOMINACION.",156941,0,0
2023-06-23,20160,https://parlamento.gub.uy/documentosyleyes/leyes/ley/20160,https://www.impo.com.uy/bases/leyes/20160-2023,"DIONISIA TERZA MACHUCA. Se designa a la Escuela Nº 20 de pueblo Arbolito en el departamento de Paysandú.",152269,0,0
2023-06-22,20159,https://parlamento.gub.uy/documentosyleyes/leyes/ley/20159,https://www.impo.com.uy/bases/leyes/20159-2023,"AGUAS MINERALES Y SODAS. IVA. EXONERACIÓN.",159538,0,1
2023-06-21,20158,https://parlamento.gub.uy/documentosyleyes/leyes/ley/20158,https://www.impo.com.uy/bases/leyes/20158-2023,"ACCIDENTES E INCIDENTES AVIACION. COMISION INVESTIGADORA. DENOMINACION. MODIFICACION",154389,1,0
2023-06-21,20157,https://parlamento.gub.uy/documentosyleyes/leyes/ley/20157,https://www.impo.com.uy/bases/leyes/20157-2023,"GONCALVEZ, Nestor ""Tito"". ESCUELA Nº 400 (MONTEVIDEO). DENOMINACION.",158265,0,0
2023-06-16,20156,https://parlamento.gub.uy/documentosyleyes/leyes/ley/20156,https://www.impo.com.uy/bases/leyes/20156-2023,"BIBLIOTECA NACIONAL. PERSONAS CON DISCAPACIDAD VISUAL. ESPACIO ACONDICIONADO. CREACION.",151436,1,0
2023-06-16,20155,https://parlamento.gub.uy/documentosyleyes/leyes/ley/20155,https://www.impo.com.uy/bases/leyes/20155-2023,"FISCALIA GENERAL NACION. FISCALES. RESPONSABILIDAD CIVIL.",148559,1,0
2023-06-07,20154,https://parlamento.gub.uy/documentosyleyes/leyes/ley/20154,https://www.impo.com.uy/bases/leyes/20154-2023,"""FUERZAS COMANDO 2023"". EJERCITO NACIONAL. SALIDA PAIS. AUTORIZACION.",158937,0,0
2023-05-26,20153,https://parlamento.gub.uy/documentosyleyes/leyes/ley/20153,https://www.impo.com.uy/bases/leyes/20153-2023,"CARGOS O FUNCIONES VINCULADAS A LA INVESTIGACIÓN EN EL IIBCE. Se excluyen de la aplicación del artículo 56 de la Ley Nº 18.719.",157045,2,0
2023-05-26,20152,https://parlamento.gub.uy/documentosyleyes/leyes/ley/20152,https://www.impo.com.uy/bases/leyes/20152-2023,"ESTADOS UNIDOS DE AMERICA. AERONAVE HERCULES C-130. DELEGACION GUARDIA NACIONAL  DE CONNECTICUT. TERRITORIO NACIONAL. INGRESO. AUTORIZACION",158936,0,0
2023-05-26,20151,https://parlamento.gub.uy/documentosyleyes/leyes/ley/20151,https://www.impo.com.uy/bases/leyes/20151-2023,"FONDO RECONVERSION INDUSTRIAS LACTEAS. MODIFICACION.",158374,1,0
2023-05-26,20150,https://parlamento.gub.uy/documentosyleyes/leyes/ley/20150,https://www.impo.com.uy/bases/leyes/20150-2023,"PRODUCTORES GRANJEROS. BPS. APORTES. SUBSIDIO",158980,4,0
2023-05-26,20149,https://parlamento.gub.uy/documentosyleyes/leyes/ley/20149,https://www.impo.com.uy/bases/leyes/20149-2023,"VICEALMIRANTE JUAN JOSÉ ZORRILLA. Se dispone la erección de un monumento en su memoria.",157436,0,0
2023-05-26,20148,https://parlamento.gub.uy/documentosyleyes/leyes/ley/20148,https://www.impo.com.uy/bases/leyes/20148-2023,"TALICE, Rodolfo. LICEO Nº 57 (MONTEVIDEO). DENOMINACION.",149310,0,0
2023-05-26,20147,https://parlamento.gub.uy/documentosyleyes/leyes/ley/20147,https://www.impo.com.uy/bases/leyes/20147-2023,"APODERAMIENTO ILICITO AERONAVES. REPRESION. CONVENIO. PROTOCOLO COMPLEMENTARIO.",138981,0,0
2023-05-19,20146,https://parlamento.gub.uy/documentosyleyes/leyes/ley/20146,https://www.impo.com.uy/bases/leyes/20146-2023,"PROGRAMA OPORTUNIDAD LABORAL. Creación Fase Cuatro y Cinco.",158731,2,0
2023-05-17,20145,https://parlamento.gub.uy/documentosyleyes/leyes/ley/20145,https://www.impo.com.uy/bases/leyes/20145-2023,"NEGOCIACION COLECTIVA. CONSEJO DE SALARIOS. MODIFICACIONES",154509,2,0
2023-05-17,20144,https://parlamento.gub.uy/documentosyleyes/leyes/ley/20144,https://www.impo.com.uy/bases/leyes/20144-2023,"JORGE WASHINGTON LARRAÑAGA FRAGA. ARROYO GRANDE. PUENTE. DESIGNACION.",158250,0,0
2023-05-17,20143,https://parlamento.gub.uy/documentosyleyes/leyes/ley/20143,https://www.impo.com.uy/bases/leyes/20143-2023,"AUSTRIA - URUGUAY. MISIONES DIPLOMATICAS Y OFICINAS CONSULARES. FAMILIARES PERSONAL DIPLOMATICO. ACTIVIDADES REMUNERADAS. ACUERDO. APROBACION.",145071,0,0
2023-05-15,20142,https://parlamento.gub.uy/documentosyleyes/leyes/ley/20142,https://www.impo.com.uy/bases/leyes/20142-2023,"ECILDA PAULLIER, DEPARTAMENTO DE SAN JOSÉ. Se declara feriado no laborable el día 16 de mayo de 2023, con motivo de conmemorarse el 140 aniversario de su fundación.",158676,0,0
2023-05-12,20141,https://parlamento.gub.uy/documentosyleyes/leyes/ley/20141,https://www.impo.com.uy/bases/leyes/20141-2023,"NIÑOS, NIÑAS Y ADOLESCENTES. CRIANZA. CORRESPONSABILIDAD.",147884,5,0
2023-05-12,20140,https://parlamento.gub.uy/documentosyleyes/leyes/ley/20140,https://www.impo.com.uy/bases/leyes/20140-2023,"CENTRAL LANERA URUGUAYA Y LANERA PIEDRA ALTA SA. TRABAJADORES. SEGURO DESEMPLEO. PRORROGA.",158367,2,0
2023-05-12,20139,https://parlamento.gub.uy/documentosyleyes/leyes/ley/20139,https://www.impo.com.uy/bases/leyes/20139-2023,"EJERCICIO ""COOPERACION IX"". CONTINGENTE FUERZA AEREA URUGUAYA. SALIDA PAIS. AUTORIZACION.",157686,0,0
2023-05-12,20138,https://parlamento.gub.uy/documentosyleyes/leyes/ley/20138,https://www.impo.com.uy/bases/leyes/20138-2023,"CENTENARIO. Declárese Pueblo a la localidad ubicada en el departamento de Durazno.",155955,0,0
2023-05-11,20137,https://parlamento.gub.uy/documentosyleyes/leyes/ley/20137,https://www.impo.com.uy/bases/leyes/20137-2023,"""AMALIA NIETO"". JARDIN INFANTES Nº 220 (MONTEVIDEO). DENOMINACION.",155836,0,0
2023-05-10,20136,https://parlamento.gub.uy/documentosyleyes/leyes/ley/20136,https://www.impo.com.uy/bases/leyes/20136-2023,"ANGOLA-URUGUAY. FACILITACION VISA. ACUERDO. APROBACION.",153510,0,0
2023-05-10,20135,https://parlamento.gub.uy/documentosyleyes/leyes/ley/20135,https://www.impo.com.uy/bases/leyes/20135-2023,"ANGOLA-URUGUAY. DOMINIO ENSEÑANZA SUPERIOR, CIENCIA, TECNOLOGIA, INNOVACION. ACUERDO COOPERACION. APROBACION.",153512,0,0
2023-05-10,20134,https://parlamento.gub.uy/documentosyleyes/leyes/ley/20134,https://www.impo.com.uy/bases/leyes/20134-2023,"BRASIL-URUGUAY. DEFENSA. COOPERACION. ACUERDO. ENMIENDA. APROBACION.",156419,0,0
2023-05-10,20133,https://parlamento.gub.uy/documentosyleyes/leyes/ley/20133,https://www.impo.com.uy/bases/leyes/20133-2023,"REPUBLICA CHECA-URUGUAY. MATERIA DEFENSA. COOPERACION BILATERAL. ACUERDO. APROBACION.",154757,0,0
2023-05-05,20132,https://parlamento.gub.uy/documentosyleyes/leyes/ley/20132,https://www.impo.com.uy/bases/leyes/20132-2023,"MORENO PONCE, Wilfredo. LICEO 3 SAN JOSE DE MAYO (SAN JOSE). DENOMINACION.",142060,0,0
2023-05-05,20131,https://parlamento.gub.uy/documentosyleyes/leyes/ley/20131,https://www.impo.com.uy/bases/leyes/20131-2023,"IRAE. PATRIMONIO. AGROPECUARIO. EMERGENCIA AGROPECUARIA. SEQUIA. EXONERACION.",158126,0,0
2023-05-02,20130,https://parlamento.gub.uy/documentosyleyes/leyes/ley/20130,https://www.impo.com.uy/bases/leyes/20130-2023,"SISTEMA PREVISIONAL COMUN. APROBACION.",156802,0,5
2023-04-28,20129,https://parlamento.gub.uy/documentosyleyes/leyes/ley/20129,https://www.impo.com.uy/bases/leyes/20129-2023,"DERECHO A AUSENTARSE DEL TRABAJO PARA ASISTIR A LOS CONTROLES DE EMBARAZO. Regulación.",154542,0,0
2023-04-21,20128,https://parlamento.gub.uy/documentosyleyes/leyes/ley/20128,https://www.impo.com.uy/bases/leyes/20128-2023,"AÑO 2023. CAPITAL NACIONAL DEL COOPERATIVISMO. CIUDAD DE MELO. DESIGNACION",157422,0,0
2023-04-21,20127,https://parlamento.gub.uy/documentosyleyes/leyes/ley/20127,https://www.impo.com.uy/bases/leyes/20127-2023,"TRABAJADORES Y EMPLEADORES. REGISTRO ORGANIZACIONES. MTSS. CREACION",151907,2,0
2023-04-17,20126,https://parlamento.gub.uy/documentosyleyes/leyes/ley/20126,https://www.impo.com.uy/bases/leyes/20126-2023,"PROFESORA MELVA COR. BARROS BLANCOS. (CANELONES). LICEO Nº 2. DESIGNACION",155370,0,0
2023-04-17,20125,https://parlamento.gub.uy/documentosyleyes/leyes/ley/20125,https://www.impo.com.uy/bases/leyes/20125-2023,"UTEC. DEROGACION LEY 20096. MODIFICACION LEY 19043.",157608,6,0
2023-03-24,20124,https://parlamento.gub.uy/documentosyleyes/leyes/ley/20124,https://www.impo.com.uy/bases/leyes/20124-2023,"IMPUESTO RENTAS PERSONAS FISICAS. IMPUESTO ASISTENCIA SEGURIDAD SOCIAL. MODIFICACION",158020,15,0
2023-03-24,20123,https://parlamento.gub.uy/documentosyleyes/leyes/ley/20123,https://www.impo.com.uy/bases/leyes/20123-2023,"URUGUAY-CAMERUN. ACUERDO MARCO COOPERACION. APROBACION.",156173,0,0
2023-03-24,20122,https://parlamento.gub.uy/documentosyleyes/leyes/ley/20122,https://www.impo.com.uy/bases/leyes/20122-2023,"Protocolo de 1988 relativo al Convenio Internacional sobre
Líneas de Carga 1966 y sus Enmiendas 2003 y 2004.",110833,0,0
2023-03-24,20121,https://parlamento.gub.uy/documentosyleyes/leyes/ley/20121,https://www.impo.com.uy/bases/leyes/20121-2023,"ITALIA-URUGUAY. TRASLADO PERSONAS CONDENADAS. ACUERDO. APROBACION",143654,0,0
2023-03-24,20120,https://parlamento.gub.uy/documentosyleyes/leyes/ley/20120,https://www.impo.com.uy/bases/leyes/20120-2023,"VELERO ESCUELA ""CAPITAN MIRANDA"". XXXIII VIAJE DE INSTRUCCION. SALIDA DEL PAIS. AUTORIZACION",158154,0,0
2023-03-24,20119,https://parlamento.gub.uy/documentosyleyes/leyes/ley/20119,https://www.impo.com.uy/bases/leyes/20119-2023,"BELARUS-URUGUAY. ASUNTOS ADUANEROS. COOPERACION MUTUA. ACUERDO. APROBACION.",147696,0,0
2023-03-22,20118,https://parlamento.gub.uy/documentosyleyes/leyes/ley/20118,https://www.impo.com.uy/bases/leyes/20118-2023,"SEGURIDAD VIAL. MEJORA.",153018,1,0
2023-03-22,20117,https://parlamento.gub.uy/documentosyleyes/leyes/ley/20117,https://www.impo.com.uy/bases/leyes/20117-2023,"MATERIA CIVIL O COMERCIAL. RECONOCIMIENTO Y EJECUCION SENTENCIAS EXTRANJERAS. CONVENCION. APROBACION.",152549,0,0
2023-03-16,20116,https://parlamento.gub.uy/documentosyleyes/leyes/ley/20116,https://www.impo.com.uy/bases/leyes/20116-2023,"""LOLITA RUBIAL"". LICEO Nº 3 MINAS (LAVALLEJA). DENOMINACION.",155786,0,0
2023-03-15,20115,https://parlamento.gub.uy/documentosyleyes/leyes/ley/20115,https://www.impo.com.uy/bases/leyes/20115-2023,"CONTRIBUYENTES RURALES. CONTRIBUCIONES ESPECIALES BPS. PLAZO PRORROGA.",157950,0,0
2023-02-16,20114,https://parlamento.gub.uy/documentosyleyes/leyes/ley/20114,https://www.impo.com.uy/bases/leyes/20114-2023,"BUQUE USCG ""CUTTER STONE"". GUARDIA COSTERA ESTADOS UNIDOS. INGRESO AGUAS JURISDICCIONALES. AUTORIZACION.",157709,0,0
2023-02-10,20113,https://parlamento.gub.uy/documentosyleyes/leyes/ley/20113,https://www.impo.com.uy/bases/leyes/20113-2023,"PROFESOR CREMONA, Julio. FRAILE MUERTO (CERRO LARGO).  ESCUELA TECNICA. DESIGNACION",152754,0,0
2023-01-05,20112,https://parlamento.gub.uy/documentosyleyes/leyes/ley/20112,https://www.impo.com.uy/bases/leyes/20112-2023,"FONDO RECONVERSION INDUSTRIAS LACTEAS. CREACION",157525,2,1
2023-01-05,20111,https://parlamento.gub.uy/documentosyleyes/leyes/ley/20111,https://www.impo.com.uy/bases/leyes/20111-2023,"EDUCACION SUPERIOR. CONVENCION MUNDIAL SOBRE EL RECONOCIMIENTO DE LAS CUALIFICACIONES. APROBACION",155783,0,0
2023-01-05,20110,https://parlamento.gub.uy/documentosyleyes/leyes/ley/20110,https://www.impo.com.uy/bases/leyes/20110-2023,"TRABAJADORES TRANSPORTE PASAJEROS. GRUPO 13. SEGURO DESEMPLEO. EXTENSION",157573,2,0
2022-12-28,20109,https://parlamento.gub.uy/documentosyleyes/leyes/ley/20109,https://www.impo.com.uy/bases/leyes/20109-2022,"DÍA DEL ESQUILADOR. Se declara el segundo domingo de febrero de cada año.",156252,0,0
2022-12-27,20108,https://parlamento.gub.uy/documentosyleyes/leyes/ley/20108,https://www.impo.com.uy/bases/leyes/20108-2022,"READECUACION VACANTES. INCISO 2° ARTICULO 168. LEY 19775 (MODIFICATIVA FUERZAS ARMADAS). PRORROGA.",157155,1,0
2022-12-22,20107,https://parlamento.gub.uy/documentosyleyes/leyes/ley/20107,https://www.impo.com.uy/bases/leyes/20107-2022,"SILVA LEGUIZAMON, Lilian Mabel. PENSION GRACIABLE. OTORGAMIENTO.",153859,0,0
2022-12-22,20106,https://parlamento.gub.uy/documentosyleyes/leyes/ley/20106,https://www.impo.com.uy/bases/leyes/20106-2022,"FERNÁNDEZ DEL PUERTO, Susana Arlett. PENSION GRACIABLE. OTORGAMIENTO.",155785,0,0
2022-12-22,20105,https://parlamento.gub.uy/documentosyleyes/leyes/ley/20105,https://www.impo.com.uy/bases/leyes/20105-2022,"INSTITUTO NACIONAL DE COLONIZACIÓN. DOMICILIO LEGAL. PRINCIPAL ASIENTO. DETERMINACIÓN. AUTORIZACIÓN.",145475,1,0
2022-12-22,20104,https://parlamento.gub.uy/documentosyleyes/leyes/ley/20104,https://www.impo.com.uy/bases/leyes/20104-2022,"MICRO-PEQUEÑAS EMPRESAS. ZONA FRONTERIZA. EXONERACION FISCAL. EXTENSION",157209,1,0
2022-12-22,20103,https://parlamento.gub.uy/documentosyleyes/leyes/ley/20103,https://www.impo.com.uy/bases/leyes/20103-2022,"CAMPAÑA ANTARTICA ""OPERACION ANTARKOS XXXIX"". BUQUE ROU 04 ""GENERAL ARTIGAS"". SALIDA PAIS. AUTORIZACION",157181,0,0
2022-12-16,20102,https://parlamento.gub.uy/documentosyleyes/leyes/ley/20102,https://www.impo.com.uy/bases/leyes/20102-2022,"LOCALIDADES FRONTERIZAS VINCULADAS. ACUERDO. APROBACION",154671,0,0
2022-12-16,20101,https://parlamento.gub.uy/documentosyleyes/leyes/ley/20101,https://www.impo.com.uy/bases/leyes/20101-2022,"URUGUAY - CHINA. DEFENSA. ACUERDO COOPERACION. APROBACION.",153649,0,0
2022-12-16,20100,https://parlamento.gub.uy/documentosyleyes/leyes/ley/20100,https://www.impo.com.uy/bases/leyes/20100-2022,"MRREE - OIM. COOPERACION. ACUERDO. APROBACION",152659,0,0
2022-12-16,20099,https://parlamento.gub.uy/documentosyleyes/leyes/ley/20099,https://www.impo.com.uy/bases/leyes/20099-2022,"GOMEZ NUÑEZ, LUIS ARTIGAS. ESCUELA RURAL Nº 33. (ARTIGAS). DENOMINACION",145290,0,0
2022-12-12,20098,https://parlamento.gub.uy/documentosyleyes/leyes/ley/20098,https://www.impo.com.uy/bases/leyes/20098-2022,"RESIDENTES. SERVICIO DE HOSPEDAJE PRESTADO. IVA.",157276,0,0
2022-12-02,20097,https://parlamento.gub.uy/documentosyleyes/leyes/ley/20097,https://www.impo.com.uy/bases/leyes/20097-2022,"FAENA DE ANIMALES DE GRANJA. Se regula la habilitación para productores familiares.",154539,1,1
2022-11-29,20096,https://parlamento.gub.uy/documentosyleyes/leyes/ley/20096,https://www.impo.com.uy/bases/leyes/20096-2022,"CREACION UNIVERSIDAD TECNOLOGICA (UTEC). MODIFICACION.",156164,5,1
2022-11-25,20095,https://parlamento.gub.uy/documentosyleyes/leyes/ley/20095,https://www.impo.com.uy/bases/leyes/20095-2022,"IMPUESTO RENTAS ACTIVIDADES ECONOMICAS (IRAE). NUEVAS DISPOSICIONES. INTRODUCCION",156589,0,0
2022-11-23,20094,https://parlamento.gub.uy/documentosyleyes/leyes/ley/20094,https://www.impo.com.uy/bases/leyes/20094-2022,"MATERIAL BELICO. RECEPCION. EFECTIVOS EJERCITO NACIONAL. SALIDA PAIS. AUTORIZACION.",157060,0,0
2022-11-23,20093,https://parlamento.gub.uy/documentosyleyes/leyes/ley/20093,https://www.impo.com.uy/bases/leyes/20093-2022,"MEDIACION. CONVENCION SINGAPUR. NACIONES UNIDAS. ACUERDO. APROBACION.",147599,0,0
2022-11-23,20092,https://parlamento.gub.uy/documentosyleyes/leyes/ley/20092,https://www.impo.com.uy/bases/leyes/20092-2022,"KENIA-URUGUAY. ACUERDO MARCO COOPERACION. APROBACION.",147689,0,0
2022-11-18,20091,https://parlamento.gub.uy/documentosyleyes/leyes/ley/20091,https://www.impo.com.uy/bases/leyes/20091-2022,"CAPITAL NACIONAL DEL TRIGO. DOLORES (SORIANO). DECLARACION",154968,0,0
2022-11-18,20090,https://parlamento.gub.uy/documentosyleyes/leyes/ley/20090,https://www.impo.com.uy/bases/leyes/20090-2022,"CIUDAD DE SAN JAVIER. CAPITAL NACIONAL DEL GIRASOL. DECLARACION",154332,0,0
2022-11-16,20089,https://parlamento.gub.uy/documentosyleyes/leyes/ley/20089,https://www.impo.com.uy/bases/leyes/20089-2022,"MAESTRO QUIROGA HERNANDEZ, Víctor. DURAZNO (DPTO). LICEO Nº 2. DESIGNACION",152763,0,0
2022-11-14,20088,https://parlamento.gub.uy/documentosyleyes/leyes/ley/20088,https://www.impo.com.uy/bases/leyes/20088-2022,"DIA NACIONAL DEL CAMPO NATURAL URUGUAYO. Se declara el 11 de noviembre de cada año.",156251,0,0
2022-11-11,20087,https://parlamento.gub.uy/documentosyleyes/leyes/ley/20087,https://www.impo.com.uy/bases/leyes/20087-2022,"MERCOSUR. COMERCIO SERVICIOS ACUERDO COMPLEMENTACION ECONOMICA N° 72. PRIMER PROTOCOLO. APROBACION",153539,0,0
2022-11-11,20086,https://parlamento.gub.uy/documentosyleyes/leyes/ley/20086,https://www.impo.com.uy/bases/leyes/20086-2022,"UNESCO - URUGUAY. CENTRO CATEGORIA 2. TECNOLOGIAS SANEAMIENTO. CREACION. ACUERDO. APROBACION.",153430,0,0
2022-11-11,20085,https://parlamento.gub.uy/documentosyleyes/leyes/ley/20085,https://www.impo.com.uy/bases/leyes/20085-2022,"CORTE PENAL INTERNACIONAL. ESTATUTO ROMA. ENMIENDAS. APROBACION",153592,0,0
2022-11-11,20084,https://parlamento.gub.uy/documentosyleyes/leyes/ley/20084,https://www.impo.com.uy/bases/leyes/20084-2022,"ORGANISMO INTERNACIONAL ENERGIA ATOMICA. PRIVILEGIOS E INMUNIDADES. ACUERDO. APROBACION.-",147690,0,0
2022-11-11,20083,https://parlamento.gub.uy/documentosyleyes/leyes/ley/20083,https://www.impo.com.uy/bases/leyes/20083-2022,"TURQUIA-URUGUAY. MATERIA ADUANERA. ACUERDO COOPERACION Y ASISTENCIA MUTUA. APROBACION.",154356,0,0
2022-11-11,20082,https://parlamento.gub.uy/documentosyleyes/leyes/ley/20082,https://www.impo.com.uy/bases/leyes/20082-2022,"AMELIA VARIETTI. DESIGNACION AL LICEO Nº 7 DEL DEPARTAMENTO DE PAYSANDU.",150997,0,0
2022-11-09,20081,https://parlamento.gub.uy/documentosyleyes/leyes/ley/20081,https://www.impo.com.uy/bases/leyes/20081-2022,"OPORTUNIDAD LABORAL. PROGRAMA. FASE TRES. CREACION. APROBACION.",156883,3,0
2022-10-27,20080,https://parlamento.gub.uy/documentosyleyes/leyes/ley/20080,https://www.impo.com.uy/bases/leyes/20080-2022,"PARAGUAY-URUGUAY. FAMILIARES PERSONAL DIPLOMATICO, CONSULAR, ADMINISTRATIVO Y TECNICO MISIONES DIPLOMATICAS Y CONSULARES. REALIZACION ACTIVIDADES REMUNERADAS. ACUERDO. APROBACION",148177,0,0
2022-10-25,20079,https://parlamento.gub.uy/documentosyleyes/leyes/ley/20079,https://www.impo.com.uy/bases/leyes/20079-2022,"PERSONAL MILITAR. CAUSAL RETIRO INCAPACIDAD. LEY INTERPRETATIVA. APROBACION.",152563,2,0
2022-10-21,20078,https://parlamento.gub.uy/documentosyleyes/leyes/ley/20078,https://www.impo.com.uy/bases/leyes/20078-2022,"CARGA INTERNACIONAL TERRESTRE CON ARGENTINA. TRANSPORTE PROFESIONAL. PRECIO FLETE. FORMA DE PAGO. APROBACION",156604,0,0
2022-10-21,20077,https://parlamento.gub.uy/documentosyleyes/leyes/ley/20077,https://www.impo.com.uy/bases/leyes/20077-2022,"CONTRIBUYENTES Y POBLACION GENERAL. EVENTO CLIMATICO JULIO 2022. PAYSANDU (DPTO). BENEFICIOS TRIBUTARIOS.",156044,5,0
2022-10-21,20076,https://parlamento.gub.uy/documentosyleyes/leyes/ley/20076,https://www.impo.com.uy/bases/leyes/20076-2022,"COVID 19. ACTIVIDAD ECONOMICA AFECTADA. SUBSIDIO DESEMPLEO. REGIMENES ESPECIALES. MTSS. AUTORIZACION",156522,5,0
2022-10-20,20075,https://parlamento.gub.uy/documentosyleyes/leyes/ley/20075,https://www.impo.com.uy/bases/leyes/20075-2022,"RENDICION CUENTAS. BALANCE EJECUCION PRESUPUESTAL. EJERCICIO 2021. APROBACION",155363,0,2
2022-10-13,20074,https://parlamento.gub.uy/documentosyleyes/leyes/ley/20074,https://www.impo.com.uy/bases/leyes/20074-2022,"SUBSIDIO POR DESEMPLEO. REGIMEN ESPECIAL. TRABAJADORES INDUSTRIA CITRICOLA COSECHA Y PACKING",156409,2,0
2022-09-23,20073,https://parlamento.gub.uy/documentosyleyes/leyes/ley/20073,https://www.impo.com.uy/bases/leyes/20073-2022,"BEBIDAS ALCOHOLICAS Y ALCOHOLES.  MINISTERIO INDUSTRIA, ENERGIA Y MINERIA (INTERVENCION TECNICA LATU). CONTROL.",144132,5,0
2022-09-23,20072,https://parlamento.gub.uy/documentosyleyes/leyes/ley/20072,https://www.impo.com.uy/bases/leyes/20072-2022,"REYES, REINA. ESCUELA 107 TIEMPO COMPLETO MALDONADO (MALDONADO). DENOMINACION.",146964,0,0
2022-09-23,20071,https://parlamento.gub.uy/documentosyleyes/leyes/ley/20071,https://www.impo.com.uy/bases/leyes/20071-2022,"MDN. LEY ORGANICA DE LAS FUERZAS ARMADAS. MODIFICACION.",155666,1,1
2022-09-23,20070,https://parlamento.gub.uy/documentosyleyes/leyes/ley/20070,https://www.impo.com.uy/bases/leyes/20070-2022,"MERCOSUR. COMERCIO ELECTRONICO. ACUERDO. APROBACION",153548,0,0
2022-09-23,20069,https://parlamento.gub.uy/documentosyleyes/leyes/ley/20069,https://www.impo.com.uy/bases/leyes/20069-2022,"AUTORIDADES CENTRALES. TRANSMISION ELECTRONICA SOLICITUDES COOPERACION JURIDICA INTERNACIONAL. TRATADO. APROBACION",152766,0,0
2022-09-22,20068,https://parlamento.gub.uy/documentosyleyes/leyes/ley/20068,https://www.impo.com.uy/bases/leyes/20068-2022,"MERCOSUR. ESTADOS PARTES. ESPACIOS FRONTERIZOS. COOPERACION POLICIAL. ACUERDO. APROBACION.",146510,0,0
2022-08-24,20067,https://parlamento.gub.uy/documentosyleyes/leyes/ley/20067,https://www.impo.com.uy/bases/leyes/20067-2022,"EJERCICIO MULTINACIONAL ""UNITAS LXIII"". ARMADA NACIONAL. SALIDA DEL PAIS. AUTORIZACION",155594,0,0
2022-08-24,20066,https://parlamento.gub.uy/documentosyleyes/leyes/ley/20066,https://www.impo.com.uy/bases/leyes/20066-2022,"FESTEJO 200 AÑOS INDEPENDENCIA REPUBLICA FEDERATIVA BRASIL. ROU 26 ""VANGUARDIA"". SALIDA PAIS. AUTORIZACION",155918,0,0
2022-08-18,20065,https://parlamento.gub.uy/documentosyleyes/leyes/ley/20065,https://www.impo.com.uy/bases/leyes/20065-2022,"QATAR-URUGUAY. SERVICIOS AEREOS. ACUERDO. APROBACION.",152104,0,0
2022-08-18,20064,https://parlamento.gub.uy/documentosyleyes/leyes/ley/20064,https://www.impo.com.uy/bases/leyes/20064-2022,"CORDILLERA DE LOS ANDES. VALLE DE LAS LAGRIMAS. TRAGEDIA/MILAGRO. CINCO DECADAS. CONMEMORACION. ACUÑACION MONEDA. BCU. AUTORIZACION.",153431,0,0
2022-08-11,20063,https://parlamento.gub.uy/documentosyleyes/leyes/ley/20063,https://www.impo.com.uy/bases/leyes/20063-2022,"EJERCICIO COMBINADO ""ACRUX X"". BUQUES, AERONAVES E INTEGRANTES. ARMADA ARGENTINA Y BRASIL. INGRESO A AGUAS JURISDICCIONALES. INGRESO AL PAIS. AUTORIZACION.",155488,0,0
2022-07-22,20062,https://parlamento.gub.uy/documentosyleyes/leyes/ley/20062,https://www.impo.com.uy/bases/leyes/20062-2022,"TÉCNICAS DE REPRODUCCIÓN HUMANA ASISTIDA. MODIFICACIÓN A LA LEY nº 19.167.",151520,1,0
2022-07-22,20061,https://parlamento.gub.uy/documentosyleyes/leyes/ley/20061,https://www.impo.com.uy/bases/leyes/20061-2022,"MVOT, BHU, ANV. VIVIENDAS. PRESCRIPCIONES. MODIFICACION.",155564,1,0
2022-07-22,20060,https://parlamento.gub.uy/documentosyleyes/leyes/ley/20060,https://www.impo.com.uy/bases/leyes/20060-2022,"AGUSTONI, Esteban. CENTRO AUXILIAR AIGUA (MALDONADO). DENOMINACION.",140094,0,0
2022-07-20,20059,https://parlamento.gub.uy/documentosyleyes/leyes/ley/20059,https://www.impo.com.uy/bases/leyes/20059-2022,"DIA INMIGRANTE ITALIANO - 23 NOVIEMBRE. DECLARACION.",143088,0,0
2022-07-20,20058,https://parlamento.gub.uy/documentosyleyes/leyes/ley/20058,https://www.impo.com.uy/bases/leyes/20058-2022,"ASAMBLEA EDIFICIOS PROPIEDAD HORIZONTAL. MODALIDAD A DISTANCIA. REGIMEN.",147471,2,0
2022-07-12,20057,https://parlamento.gub.uy/documentosyleyes/leyes/ley/20057,https://www.impo.com.uy/bases/leyes/20057-2022,"AGENCIA NACIONAL VIVIENDA. PATRIMONIO ESTADO. PADRONES DURAZNO (DPTO). TRANSFERENCIA.",148695,0,0
2022-07-12,20056,https://parlamento.gub.uy/documentosyleyes/leyes/ley/20056,https://www.impo.com.uy/bases/leyes/20056-2022,"CASTRO, Julio. ESCUELA 14 ESTACION PINTADO - PUEBLO BARCELO (FLORIDA). DENOMINACION.",146274,0,0
2022-07-12,20055,https://parlamento.gub.uy/documentosyleyes/leyes/ley/20055,https://www.impo.com.uy/bases/leyes/20055-2022,"""DIA DE ARIEL"". 15 DE JULIO. DECLARACION",152540,0,0
2022-07-12,20054,https://parlamento.gub.uy/documentosyleyes/leyes/ley/20054,https://www.impo.com.uy/bases/leyes/20054-2022,"SUBSIDIO DESEMPLEO. EXTENSION.",155275,4,1
2022-06-24,20053,https://parlamento.gub.uy/documentosyleyes/leyes/ley/20053,https://www.impo.com.uy/bases/leyes/20053-2022,"CANDOMBE. SE DECLARA DE INTERÉS GENERAL SU PROMOCIÓN.",150842,1,0
2022-06-24,20052,https://parlamento.gub.uy/documentosyleyes/leyes/ley/20052,https://www.impo.com.uy/bases/leyes/20052-2022,"CENTRAL HORTICOLA DEL NORTE. PERSONA DE DERECHO PUBLICO NO ESTATAL. CREACION.",154548,8,0
2022-06-24,20051,https://parlamento.gub.uy/documentosyleyes/leyes/ley/20051,https://www.impo.com.uy/bases/leyes/20051-2022,"ADQUISICION BIENES PAGO ELECTRONICO. RECARGA GARRAFAS 13 KG. CARGA TRIBUTARIA. SECTORES SOCIO ECONOMICOS VULNERABLES.  DISMINUCION",155170,2,0
2022-06-24,20050,https://parlamento.gub.uy/documentosyleyes/leyes/ley/20050,https://www.impo.com.uy/bases/leyes/20050-2022,"EJERCICIO ""TANQUE 2022"". FUERZA AEREA ARGENTINA. INGRESO TERRITORIO NACIONAL. AUTORIZACION",154422,0,0
2022-06-24,20049,https://parlamento.gub.uy/documentosyleyes/leyes/ley/20049,https://www.impo.com.uy/bases/leyes/20049-2022,"EJERCICIO ""RIO 2022"". FUERZA AEREA ARGENTINA Y URUGUAYA. ENTRADA Y SALIDA TERRITORIO NACIONAL. AUTORIZACION",154423,0,0
2022-06-20,20048,https://parlamento.gub.uy/documentosyleyes/leyes/ley/20048,https://www.impo.com.uy/bases/leyes/20048-2022,"OPORTUNIDAD LABORAL PROGRAMA. FASE DOS. CREACION.",154962,2,1
2022-06-20,20047,https://parlamento.gub.uy/documentosyleyes/leyes/ley/20047,https://www.impo.com.uy/bases/leyes/20047-2022,"HERMANAS LUISI. TACUAREMBO (TACUAREMBO).  ESCUELA Nº 13 (TIEMPO COMPLETO). DESIGNACION",152757,0,0
2022-06-17,20046,https://parlamento.gub.uy/documentosyleyes/leyes/ley/20046,https://www.impo.com.uy/bases/leyes/20046-2022,"LEY 19.247. ARTICULO 6º. PLAZO. PRORROGA.",153501,1,0
2022-06-17,20045,https://parlamento.gub.uy/documentosyleyes/leyes/ley/20045,https://www.impo.com.uy/bases/leyes/20045-2022,"FUERZA AEREA ESTADOS UNIDOS DE AMERICA. EFECTIVOS. AERONAVE HC130-J HERCULES. INGRESO PAIS. AUTORIZACION",149431,0,0
2022-06-17,20044,https://parlamento.gub.uy/documentosyleyes/leyes/ley/20044,https://www.impo.com.uy/bases/leyes/20044-2022,"IGLESIA CRISTO OBRERO (ATLANTIDA, CANELONES). DIESTE, ELADIO, INGENIERO. UNESCO. INCLUSION. CONMEMORACION. ACUÑACION MONEDA. BCU. AUTORIZACION.",153433,0,0
2022-06-14,20043,https://parlamento.gub.uy/documentosyleyes/leyes/ley/20043,https://www.impo.com.uy/bases/leyes/20043-2022,"VILLA CARMEN. CIUDAD. DECLARATORIA.",151352,0,0
2022-06-10,20042,https://parlamento.gub.uy/documentosyleyes/leyes/ley/20042,https://www.impo.com.uy/bases/leyes/20042-2022,"EXPERTO LECHERO LUIS BERTOTTO NOLLEMBERGER. Designación al tramo de la Ruta Nacional Nº 52 entre la intersección con la calle Doroteo García y la intersección con la calle Juan Frey de la ciudad de Nueva Helvecia, departamento de Colonia.",151574,0,0
2022-06-10,20041,https://parlamento.gub.uy/documentosyleyes/leyes/ley/20041,https://www.impo.com.uy/bases/leyes/20041-2022,"SILVA VALDES, Fernán. PUENTE ARROYO AGUA SUCIA RUTA 6 (DURAZNO). DENOMINACION.",118665,0,0
2022-06-06,20040,https://parlamento.gub.uy/documentosyleyes/leyes/ley/20040,https://www.impo.com.uy/bases/leyes/20040-2022,"AGENCIAS VIAJES. EMPRESAS TRANSPORTE TERRESTRE GRUPOS TURISTICOS. APORTES PATRONALES JUBILATORIOS. EXONERACION.",154915,0,0
2022-05-27,20039,https://parlamento.gub.uy/documentosyleyes/leyes/ley/20039,https://www.impo.com.uy/bases/leyes/20039-2022,"ANGOLA-URUGUAY. ASUNTOS ADUANEROS. COOPERACIÓN Y ASISTENCIA MUTUA. ACUERDO. APROBACIÓN",147691,0,0
2022-05-27,20038,https://parlamento.gub.uy/documentosyleyes/leyes/ley/20038,https://www.impo.com.uy/bases/leyes/20038-2022,"CODIGO GENERAL PROCESO. LEY CHEQUES. MODIFICACION.",150702,4,0
2022-05-20,20037,https://parlamento.gub.uy/documentosyleyes/leyes/ley/20037,https://www.impo.com.uy/bases/leyes/20037-2022,"MERCOSUR. CONTRATACIONES PUBLICAS. PROTOCOLO. APROBACION.",142166,0,0
2022-05-20,20036,https://parlamento.gub.uy/documentosyleyes/leyes/ley/20036,https://www.impo.com.uy/bases/leyes/20036-2022,"ITALIA-URUGUAY. MATERIA PENAL. COOPERACION JUDICIAL. TRATADO. APROBACION.",150927,0,0
2022-05-20,20035,https://parlamento.gub.uy/documentosyleyes/leyes/ley/20035,https://www.impo.com.uy/bases/leyes/20035-2022,"AMERICA LATINA Y CARIBE. RECONOCIMIENTO ESTUDIOS, TITULOS Y DIPLOMAS. CONVENIO REGIONAL. APROBACION.",147515,0,0
2022-05-13,20034,https://parlamento.gub.uy/documentosyleyes/leyes/ley/20034,https://www.impo.com.uy/bases/leyes/20034-2022,"PAEZ VILARO, Carlos. ESCUELA Nº 341 MONTEVIDEO. DENOMINACION",145211,0,0
2022-05-13,20033,https://parlamento.gub.uy/documentosyleyes/leyes/ley/20033,https://www.impo.com.uy/bases/leyes/20033-2022,"PAEZ VILARO, Carlos. JARDIN INFANTES 4 (MALDONADO). DENOMINACION.",145602,0,0
2022-05-13,20032,https://parlamento.gub.uy/documentosyleyes/leyes/ley/20032,https://www.impo.com.uy/bases/leyes/20032-2022,"URUGUAY (MINISTERIO DESARROLLO SOCIAL) - ANGOLA (MINISTERIO ACCION SOCIAL, FAMILIA Y PROMOCION MUJER). MEMORANDO COOPERACION. APROBACION",145070,0,0
2022-04-11,20031,https://parlamento.gub.uy/documentosyleyes/leyes/ley/20031,https://www.impo.com.uy/bases/leyes/20031-2022,"DR. AGUAÍ BELLOZO CAMARGO. Designación a la Pocliclínica de ASSE de Villa Ansina, departamento de Tacuarembó.",151336,0,0
2022-04-11,20030,https://parlamento.gub.uy/documentosyleyes/leyes/ley/20030,https://www.impo.com.uy/bases/leyes/20030-2022,"CAMACHO, Hugo. POLICLINICA ISMAEL CORTINAS (FLORES). DENOMINACION.",146431,0,0
2022-04-07,20029,https://parlamento.gub.uy/documentosyleyes/leyes/ley/20029,https://www.impo.com.uy/bases/leyes/20029-2022,"REOLON, Carlos. CENTRO SALUD VERGARA (TREINTA Y TRES). DENOMINACION.",148740,0,0
2022-04-07,20028,https://parlamento.gub.uy/documentosyleyes/leyes/ley/20028,https://www.impo.com.uy/bases/leyes/20028-2022,"PAN BLANCO COMUN. GALLETAS CAMPAÑA. PASTAS. FIDEOS. IMPUESTO VALOR AGREGADO (IVA). EXONERACION.",154204,0,0
2022-04-07,20027,https://parlamento.gub.uy/documentosyleyes/leyes/ley/20027,https://www.impo.com.uy/bases/leyes/20027-2022,"EX TRABAJADORES EMPRESA PILI S.A. SUBSIDIO DESEMPLEO. PLAZO. PRORROGA.",154193,4,0
2022-04-07,20026,https://parlamento.gub.uy/documentosyleyes/leyes/ley/20026,https://www.impo.com.uy/bases/leyes/20026-2022,"ESTADOS UNIDOS. FUERZAS ESPECIALES. INGRESO PAIS. AUTORIZACION.",153650,0,1
2022-03-31,20025,https://parlamento.gub.uy/documentosyleyes/leyes/ley/20025,https://www.impo.com.uy/bases/leyes/20025-2022,"PROGRAMA OPORTUNIDAD LABORAL. VIGENCIA. EXTENSION.",154092,3,0
2022-03-23,20024,https://parlamento.gub.uy/documentosyleyes/leyes/ley/20024,https://www.impo.com.uy/bases/leyes/20024-2022,"CARNE VACUNA FRESCA, CONGELADA O ENFRIADA. CORTE ASADO. ENAJENACION. PLAZO TREINTA DIAS. IVA. EXONERACION",154093,0,0
2022-03-18,20023,https://parlamento.gub.uy/documentosyleyes/leyes/ley/20023,https://www.impo.com.uy/bases/leyes/20023-2022,"BARBITTA MELFI, Graciela Elena. PENSION GRACIABLE. OTORGAMIENTO.",151788,0,0
2022-02-14,20022,https://parlamento.gub.uy/documentosyleyes/leyes/ley/20022,https://www.impo.com.uy/bases/leyes/20022-2022,"CASA DE GALICIA. SOCIOS. DETERMINACION PRESTADOR SALUD.",153716,3,1
2021-12-23,20021,https://parlamento.gub.uy/documentosyleyes/leyes/ley/20021,https://www.impo.com.uy/bases/leyes/20021-2021,"DONACIONES INOFICIOSAS. CODIGO CIVIL. MODIFICACION.",148439,0,0
2021-12-23,20020,https://parlamento.gub.uy/documentosyleyes/leyes/ley/20020,https://www.impo.com.uy/bases/leyes/20020-2021,"CAPITAL NACIONAL DEL COOPERATIVISMO. Se declara a la ciudad de Tacuarembó en el año 2022.",153295,0,0
2021-12-23,20019,https://parlamento.gub.uy/documentosyleyes/leyes/ley/20019,https://www.impo.com.uy/bases/leyes/20019-2021,"PARAGUAY-URUGUAY. LIBRE CIRCULACION PERSONAS. RESIDENCIA PERMANENTE. CONVENIO. APROBACION.",148643,0,0
2021-12-23,20018,https://parlamento.gub.uy/documentosyleyes/leyes/ley/20018,https://www.impo.com.uy/bases/leyes/20018-2021,"BANCO CENTRAL URUGUAY. PORTADOR. PARTICIPACIONES PATRIMONIALES. RESERVA INFORMACION.",153030,2,0
2021-12-22,20017,https://parlamento.gub.uy/documentosyleyes/leyes/ley/20017,https://www.impo.com.uy/bases/leyes/20017-2021,"DR ALEJANDRO ATCHUGARRY. Designación a la Ruta Nº 104 del departamento de Maldonado.",152339,0,0
2021-12-22,20016,https://parlamento.gub.uy/documentosyleyes/leyes/ley/20016,https://www.impo.com.uy/bases/leyes/20016-2021,"URUGUAY - AUSTRALIA. PROMOCION Y PROTECCION INVERSIONES Y ANEXOS A, B, C. ACUERDO. APROBACION.",144835,0,0
2021-12-22,20015,https://parlamento.gub.uy/documentosyleyes/leyes/ley/20015,https://www.impo.com.uy/bases/leyes/20015-2021,"CAPITAL NACIONAL DE LA AVICULTURA. Declárase a la ciudad de San Bautista, Departamento de Canelones.",153366,0,0
2021-12-16,20014,https://parlamento.gub.uy/documentosyleyes/leyes/ley/20014,https://www.impo.com.uy/bases/leyes/20014-2021,"SINDROME DOWN. DIAGNOSTICO PRENATAL Y POSTNATAL. EMPODERAMIENTO.",150241,0,0
2021-12-16,20013,https://parlamento.gub.uy/documentosyleyes/leyes/ley/20013,https://www.impo.com.uy/bases/leyes/20013-2021,"VELERO ESCUELA ""CAPITAN MIRANDA"". XXXII VIAJE DE INSTRUCCION. SALIDA DEL PAIS. AUTORIZACION",153196,0,0
2021-12-16,20012,https://parlamento.gub.uy/documentosyleyes/leyes/ley/20012,https://www.impo.com.uy/bases/leyes/20012-2021,"MONTANER FORMOSO, Martha. LICEO RURAL CURTINA (TACUAREMBO). DENOMINACION.",147706,0,0
2021-12-16,20011,https://parlamento.gub.uy/documentosyleyes/leyes/ley/20011,https://www.impo.com.uy/bases/leyes/20011-2021,"LENA, ARMANDO. LICEO 2 LA PAZ (CANELONES). DENOMINACION.",146965,0,0
2021-12-10,20010,https://parlamento.gub.uy/documentosyleyes/leyes/ley/20010,https://www.impo.com.uy/bases/leyes/20010-2021,"ACCION NULIDAD. TCA. REFORMAS PROCESALES.",138863,4,1
2021-12-07,20009,https://parlamento.gub.uy/documentosyleyes/leyes/ley/20009,https://www.impo.com.uy/bases/leyes/20009-2021,"BRASIL-URUGUAY. IMPUESTOS RENTA. PATRIMONIO. EVASION Y ELUSION FISCAL. ELIMINACION DOBLE IMPOSICION. CONVENIO. REITERACION. APROBACION.",147868,0,0
2021-11-26,20008,https://parlamento.gub.uy/documentosyleyes/leyes/ley/20008,https://www.impo.com.uy/bases/leyes/20008-2021,"GOCE LICENCIA GENERADA AÑO 2020. POSTERGACION.",153017,1,0
2021-11-25,20007,https://parlamento.gub.uy/documentosyleyes/leyes/ley/20007,https://www.impo.com.uy/bases/leyes/20007-2021,"INGENIERO FORESTAL. TECNICO TERCIARIO FORESTAL. PLANES DE MANEJO. FIRMA. HABILITACIÓN.",148330,1,0
2021-11-25,20006,https://parlamento.gub.uy/documentosyleyes/leyes/ley/20006,https://www.impo.com.uy/bases/leyes/20006-2021,"PAZ GARCIA, Natalia Paola. PENSION GRACIABLE. OTORGAMIENTO.",150712,0,0
2021-11-25,20005,https://parlamento.gub.uy/documentosyleyes/leyes/ley/20005,https://www.impo.com.uy/bases/leyes/20005-2021,"GIACOYA PACCIO, Wilson Mario. PENSION GRACIABLE. OTORGAMIENTO.",150714,0,0
2021-11-25,20004,https://parlamento.gub.uy/documentosyleyes/leyes/ley/20004,https://www.impo.com.uy/bases/leyes/20004-2021,"CIBERDELINCUENCIA. COOPERACION. CONVENIO IBEROAMERICANO. APROBACION.",148567,0,0
2021-11-24,20003,https://parlamento.gub.uy/documentosyleyes/leyes/ley/20003,https://www.impo.com.uy/bases/leyes/20003-2021,"URUGUAY-REINO PAISES BAJOS. ACUERDO ADMINISTRATIVO. CONVENIO SEGURIDAD SOCIAL. PROTOCOLO MODIFICACION. APROBACION.",145014,0,0
2021-11-22,20002,https://parlamento.gub.uy/documentosyleyes/leyes/ley/20002,https://www.impo.com.uy/bases/leyes/20002-2021,"LEY ELECCIONES. VENTA BEBIDAS ALCOHOLICAS. VEDA. EXCEPCIÓN.",153062,2,0
2021-11-19,20001,https://parlamento.gub.uy/documentosyleyes/leyes/ley/20001,https://www.impo.com.uy/bases/leyes/20001-2021,"SISTEMA NACIONAL EMERGENCIA. COMITES DEPARTAMENTALES. INTEGRACION. MODIFICACION.",147143,1,0
2021-11-18,20000,https://parlamento.gub.uy/documentosyleyes/leyes/ley/20000,https://www.impo.com.uy/bases/leyes/20000-2021,"SUBSIDIOS POR MATERNIDAD Y POR PATERNIDAD PARA TRABAJADORES DE LA ACTIVIDAD PRIVADA. Modificaciones.",151223,2,0
2021-11-18,19999,https://parlamento.gub.uy/documentosyleyes/leyes/ley/19999,https://www.impo.com.uy/bases/leyes/19999-2021,"POU Y ORFILA, ALFONSO. ESCUELA RURAL Nº  63 (COLONIA). DENOMINACION.",145291,0,0
2021-11-18,19998,https://parlamento.gub.uy/documentosyleyes/leyes/ley/19998,https://www.impo.com.uy/bases/leyes/19998-2021,"SECTOR CITRICOLA. COSECHA Y PACKING. SUBSIDIO DESEMPLEO. REGIMEN ESPECIAL.",152984,2,0
2021-11-18,19997,https://parlamento.gub.uy/documentosyleyes/leyes/ley/19997,https://www.impo.com.uy/bases/leyes/19997-2021,"OPORTUNIDAD LABORAL. PROGRAMA. VIGENCIA. EXTENSION",152979,1,1
2021-11-03,19996,https://parlamento.gub.uy/documentosyleyes/leyes/ley/19996,https://www.impo.com.uy/bases/leyes/19996-2021,"RENDICION CUENTAS. BALANCE EJECUCION PRESUPUESTAL. EJERCICIO 2020. APROBACION.",151467,0,3
2021-10-21,19995,https://parlamento.gub.uy/documentosyleyes/leyes/ley/19995,https://www.impo.com.uy/bases/leyes/19995-2021,"CHINA-URUGUAY. EXTRADICION. TRATADO. APROBACION.",147596,0,0
2021-10-21,19994,https://parlamento.gub.uy/documentosyleyes/leyes/ley/19994,https://www.impo.com.uy/bases/leyes/19994-2021,"CAMPAÑA ANTARTICA ""OPERACION ANTARKOS XXXVIII"". BUQUE ROU 04 ""GENERAL ARTIGAS"". SALIDA PAIS. AUTORIZACION.-",152519,0,0
2021-10-15,19993,https://parlamento.gub.uy/documentosyleyes/leyes/ley/19993,https://www.impo.com.uy/bases/leyes/19993-2021,"ZONA FRONTERIZA. MICRO Y PEQUEÑAS EMPRESAS. EXONERACION FISCAL. MEDIDAS.",152550,2,1
2021-10-15,19992,https://parlamento.gub.uy/documentosyleyes/leyes/ley/19992,https://www.impo.com.uy/bases/leyes/19992-2021,"CONGRESO NACIONAL EDILES. INSTITUCIONALIZACIÓN.",141227,0,0
2021-10-15,19991,https://parlamento.gub.uy/documentosyleyes/leyes/ley/19991,https://www.impo.com.uy/bases/leyes/19991-2021,"EX TRABAJADORES EMPRESA PILI S.A. SUBSIDIO DESEMPLEO. PLAZO. PRORROGA.",152416,3,1
2021-10-15,19990,https://parlamento.gub.uy/documentosyleyes/leyes/ley/19990,https://www.impo.com.uy/bases/leyes/19990-2021,"CIUDAD DE DURAZNO. Se autoriza al Banco Central del Uruguay a proceder a la acuñación de monedas conmemorativas de los doscientos años de su fundación.",152101,0,0
2021-09-24,19989,https://parlamento.gub.uy/documentosyleyes/leyes/ley/19989,https://www.impo.com.uy/bases/leyes/19989-2021,"SECTORES AFECTADOS. SARS-CoV-2. BENEFICIOS TRIBUTARIOS. EXTENSION",152245,1,0
2021-09-24,19988,https://parlamento.gub.uy/documentosyleyes/leyes/ley/19988,https://www.impo.com.uy/bases/leyes/19988-2021,"FONDO SOLIDARIO COVID-19. RECURSOS. ASIGNACION",152244,3,0
2021-09-15,19987,https://parlamento.gub.uy/documentosyleyes/leyes/ley/19987,https://www.impo.com.uy/bases/leyes/19987-2021,"""OSIRIS RODRÍGUEZ CASTILLOS"". PUENTE RÍO YI RUTA NACIONAL Nº6 (DURAZNO). DENOMINACIÓN.",145713,0,0
2021-08-27,19986,https://parlamento.gub.uy/documentosyleyes/leyes/ley/19986,https://www.impo.com.uy/bases/leyes/19986-2021,"PEREZ MONTES DE OCA, José Luis. PENSION GRACIABLE. OTORGAMIENTO.",150717,0,0
2021-08-27,19985,https://parlamento.gub.uy/documentosyleyes/leyes/ley/19985,https://www.impo.com.uy/bases/leyes/19985-2021,"OTERO LARROSA, Emilia Marlene. PENSION GRACIABLE. OTORGAMIENTO.",150715,0,0
2021-08-27,19984,https://parlamento.gub.uy/documentosyleyes/leyes/ley/19984,https://www.impo.com.uy/bases/leyes/19984-2021,"TELEMEDICINA. CONSENTIMIENTO MENORES. POTESTAD. MODIFICACION.",147419,4,0
2021-08-27,19983,https://parlamento.gub.uy/documentosyleyes/leyes/ley/19983,https://www.impo.com.uy/bases/leyes/19983-2021,"ARAUJO QUINTEROS, Carlos Daniel. PENSION GRACIABLE. OTORGAMIENTO.",150719,0,0
2021-08-27,19982,https://parlamento.gub.uy/documentosyleyes/leyes/ley/19982,https://www.impo.com.uy/bases/leyes/19982-2021,"RIVERO CONSUL, Teresa. PENSION GRACIABLE. OTORGAMIENTO.",150716,0,0
2021-08-20,19981,https://parlamento.gub.uy/documentosyleyes/leyes/ley/19981,https://www.impo.com.uy/bases/leyes/19981-2021,"DIA NACIONAL PERSONA CON AUTISMO - 2 ABRIL. DECLARATORIA.",149369,0,0
2021-08-20,19980,https://parlamento.gub.uy/documentosyleyes/leyes/ley/19980,https://www.impo.com.uy/bases/leyes/19980-2021,"BICENTENARIO DE LA FUNDACIÓN DE LA CIUDAD DE DURAZNO. Se declara el día 12 de octubre de 2021 feriado no laborable para la ciudad de Durazno, departamento de Durazno.",151920,0,0
2021-08-20,19979,https://parlamento.gub.uy/documentosyleyes/leyes/ley/19979,https://www.impo.com.uy/bases/leyes/19979-2021,"CAMPAÑA NACIONAL CONCIENTIZACION Y PREVENCION SUICIDIO ADOLESCENTE. CREACION.",150298,1,0
2021-08-20,19978,https://parlamento.gub.uy/documentosyleyes/leyes/ley/19978,https://www.impo.com.uy/bases/leyes/19978-2021,"TELETRABAJO. PROMOCIÓN Y REGULACIÓN.",145860,1,1
2021-08-20,19977,https://parlamento.gub.uy/documentosyleyes/leyes/ley/19977,https://www.impo.com.uy/bases/leyes/19977-2021,"TANQUE 2021. FUERZA AEREA REPUBLICA ARGENTINA. EFECTIVOS. INGRESO AL PAIS. AUTORIZACION",151178,0,0
2021-08-20,19976,https://parlamento.gub.uy/documentosyleyes/leyes/ley/19976,https://www.impo.com.uy/bases/leyes/19976-2021,"RIO 2021. FUERZA AEREA REPUBLICA ARGENTINA. EFECTIVOS. INGRESO AL PAIS. AUTORIZACION",151180,0,0
2021-08-13,19975,https://parlamento.gub.uy/documentosyleyes/leyes/ley/19975,https://www.impo.com.uy/bases/leyes/19975-2021,"JAPON-URUGUAY. ASISTENCIA ADMINISTRATIVA MUTUA Y COOPERACION EN MATERIA ADUANERA. ACUERDO. APROBACION.",150553,0,0
2021-08-13,19974,https://parlamento.gub.uy/documentosyleyes/leyes/ley/19974,https://www.impo.com.uy/bases/leyes/19974-2021,"INDIA - URUGUAY. COOPERACION Y ASISTENCIA MUTUA ADUANERA. ACUERDO. APROBACION.",145037,0,0
2021-08-13,19973,https://parlamento.gub.uy/documentosyleyes/leyes/ley/19973,https://www.impo.com.uy/bases/leyes/19973-2021,"JOVENES, TRABAJADORES MAYORES 45 AÑOS, PERSONAS CON DISCAPACIDAD. POLITICAS ACTIVAS EMPLEO.",151269,11,2
2021-08-13,19972,https://parlamento.gub.uy/documentosyleyes/leyes/ley/19972,https://www.impo.com.uy/bases/leyes/19972-2021,"COVID 19. ACTIVIDAD ECONOMICA AFECTADA. SUBSIDIO DESEMPLEO. REGIMENES ESPECIALES. MTSS. AUTORIZACION",151829,3,2
2021-08-04,19971,https://parlamento.gub.uy/documentosyleyes/leyes/ley/19971,https://www.impo.com.uy/bases/leyes/19971-2021,"ACTIVIDAD LECHERA. FONDO FINANCIAMIENTO Y DESARROLLO SUSTENTABLE. MODIFICACION.",151072,4,2
2021-08-04,19970,https://parlamento.gub.uy/documentosyleyes/leyes/ley/19970,https://www.impo.com.uy/bases/leyes/19970-2021,"LEY ORGANICA FUERZAS ARMADAS. ART. N° 165. PLAZO. SUSPENSION",151403,1,0
2021-07-23,19969,https://parlamento.gub.uy/documentosyleyes/leyes/ley/19969,https://www.impo.com.uy/bases/leyes/19969-2021,"SOCIEDADES BENEFICIO E INTERES COLECTIVO (BIC). CREACION.",147986,3,0
2021-07-23,19968,https://parlamento.gub.uy/documentosyleyes/leyes/ley/19968,https://www.impo.com.uy/bases/leyes/19968-2021,"INSTITUTO NACIONAL DE LA GRANJA. PRÓRROGA POR HASTA 180 DÍAS EL PLAZO ESTABLECIDO EN ART 374 DE LA LEY 19.889.",150599,1,0
2021-07-23,19967,https://parlamento.gub.uy/documentosyleyes/leyes/ley/19967,https://www.impo.com.uy/bases/leyes/19967-2021,"DIAZ FIGUEROA, Jorge Raúl. PENSION GRACIABLE. OTORGAMIENTO.",150711,0,0
2021-07-22,19966,https://parlamento.gub.uy/documentosyleyes/leyes/ley/19966,https://www.impo.com.uy/bases/leyes/19966-2021,"VAZQUEZ AMARILLA, Luis Alberto. PENSION GRACIABLE. OTORGAMIENTO.",150713,0,0
2021-07-20,19965,https://parlamento.gub.uy/documentosyleyes/leyes/ley/19965,https://www.impo.com.uy/bases/leyes/19965-2021,"CAZARRE EGUREN, Teresita. JARDIN INFANTES 128. MELO (CERRO LARGO). DENOMINACION.-",148680,0,0
2021-07-20,19964,https://parlamento.gub.uy/documentosyleyes/leyes/ley/19964,https://www.impo.com.uy/bases/leyes/19964-2021,"COMPTE Y RIQUE, Enriqueta. JARDIN INFANTES 109 MINAS (LAVALLEJA). DENOMINACION.",146790,0,0
2021-07-20,19963,https://parlamento.gub.uy/documentosyleyes/leyes/ley/19963,https://www.impo.com.uy/bases/leyes/19963-2021,"DURAZNO (INTENDENCIA). INMUEBLE (DURAZNO). AFECTACION.",151681,0,0
2021-07-16,19962,https://parlamento.gub.uy/documentosyleyes/leyes/ley/19962,https://www.impo.com.uy/bases/leyes/19962-2021,"CAPITAL DEL AGUA. VILLA AGUAS CORRIENTES (DEPARTAMENTO DE CANELONES). DECLARACION.",151382,0,0
2021-07-09,19961,https://parlamento.gub.uy/documentosyleyes/leyes/ley/19961,https://www.impo.com.uy/bases/leyes/19961-2021,"OPERACION UNITAS PACIFICO Y UNITAS ANFIBIO 2021. OFICIALES ARMADA NACIONAL. BUQUES ARMADA NACIONAL. SALIDA PAIS. AUTORIZACION",151492,0,0
2021-06-24,19960,https://parlamento.gub.uy/documentosyleyes/leyes/ley/19960,https://www.impo.com.uy/bases/leyes/19960-2021,"FERIAS JUDICIALES. Se faculta a la Suprema Corte de Justicia y al Tribunal de lo Contencioso Administrativo a la reducción, postergación y eliminación.",151348,2,0
2021-06-22,19959,https://parlamento.gub.uy/documentosyleyes/leyes/ley/19959,https://www.impo.com.uy/bases/leyes/19959-2021,"TRABAJADORES ZAFRALES. CAÑA DE AZUCAR. BELLA UNION Y BELEN. SUBSIDIO POR ENFERMEDAD. MODIFICACION.",151147,1,0
2021-06-18,19958,https://parlamento.gub.uy/documentosyleyes/leyes/ley/19958,https://www.impo.com.uy/bases/leyes/19958-2021,"URUGUAY - COREA. SEGURIDAD SOCIAL. CONVENIO. APROBACION.",144806,0,0
2021-06-10,19957,https://parlamento.gub.uy/documentosyleyes/leyes/ley/19957,https://www.impo.com.uy/bases/leyes/19957-2021,"OPERACION PANAMAX. ESTADO MAYOR. OFICIALES. SALIDA PAIS. AUTORIZACION.",151048,0,0
2021-06-10,19956,https://parlamento.gub.uy/documentosyleyes/leyes/ley/19956,https://www.impo.com.uy/bases/leyes/19956-2021,"EMPRESAS COMERCIO. APORTES JUBILATORIOS  PATRONALES.  COVID-19. NUEVA EXONERACION.",150910,2,1
2021-06-09,19955,https://parlamento.gub.uy/documentosyleyes/leyes/ley/19955,https://www.impo.com.uy/bases/leyes/19955-2021,"CAJA JUBILACIONES Y PENSIONES PROFESIONALES UNIVERSITARIOS. ELECCION MIEMBROS. POSTERGACION",150926,1,0
2021-05-20,19954,https://parlamento.gub.uy/documentosyleyes/leyes/ley/19954,https://www.impo.com.uy/bases/leyes/19954-2021,"CLIMA. FONDO VERDE-URUGUAY. INMUNIDADES. PRIVILEGIOS. ACUERDO. APROBACION.",148565,0,0
2021-05-20,19953,https://parlamento.gub.uy/documentosyleyes/leyes/ley/19953,https://www.impo.com.uy/bases/leyes/19953-2021,"EMIRATOS ARABES UNIDOS - URUGUAY. PROMOCION Y PROTECCION RECIPROCAS DE INVERSIONES. CONVENIO. APROBACION.",144396,0,0
2021-05-20,19952,https://parlamento.gub.uy/documentosyleyes/leyes/ley/19952,https://www.impo.com.uy/bases/leyes/19952-2021,"PROGRAMA ""OPORTUNIDAD LABORAL"". CREACION.",150540,2,5
2021-05-19,19951,https://parlamento.gub.uy/documentosyleyes/leyes/ley/19951,https://www.impo.com.uy/bases/leyes/19951-2021,"MERCOSUR. ESTADOS PARTES Y ASOCIADOS. MECANISMO COOPERACION CONSULAR. ACUERDO. APROBACION.",146210,0,0
2021-04-23,19950,https://parlamento.gub.uy/documentosyleyes/leyes/ley/19950,https://www.impo.com.uy/bases/leyes/19950-2021,"COVID 19. DONACION PLASMA. TRABAJADOR. HORARIO ESPECIAL.",150384,0,0
2021-04-23,19949,https://parlamento.gub.uy/documentosyleyes/leyes/ley/19949,https://www.impo.com.uy/bases/leyes/19949-2021,"IMPUESTO EMERGENCIA SANITARIA 2 - COVID-19 Y ADICIONAL IASS. CREACION.",150335,5,0
2021-04-16,19948,https://parlamento.gub.uy/documentosyleyes/leyes/ley/19948,https://www.impo.com.uy/bases/leyes/19948-2021,"TRATAMIENTO DATOS PERSONALES. PROTECCION PERSONAS. CONVENIO. PROTOCOLO ENMIENDA. APROBACION",146836,0,0
2021-04-13,19947,https://parlamento.gub.uy/documentosyleyes/leyes/ley/19947,https://www.impo.com.uy/bases/leyes/19947-2021,"COVID-19. DIA VACUNACION. TRABAJADOR. HORARIO ESPECIAL.",150205,0,0
2021-04-09,19946,https://parlamento.gub.uy/documentosyleyes/leyes/ley/19946,https://www.impo.com.uy/bases/leyes/19946-2021,"SUBSIDIO POR ENFERMEDAD. RETRIBUCION. VIGENCIA. PRORROGA.",149964,1,0
2021-03-25,19945,https://parlamento.gub.uy/documentosyleyes/leyes/ley/19945,https://www.impo.com.uy/bases/leyes/19945-2021,"TRABAJADORES EMPRESA LORYSER S.A. SEGURO DESEMPLEO. PRORROGA.",150078,3,0
2021-03-25,19944,https://parlamento.gub.uy/documentosyleyes/leyes/ley/19944,https://www.impo.com.uy/bases/leyes/19944-2021,"TRABAJADOR EMPRESA PILI S.A. SEGURO DESEMPLEO. PLAZO. PRORROGA.",150079,3,2
2021-03-23,19943,https://parlamento.gub.uy/documentosyleyes/leyes/ley/19943,https://www.impo.com.uy/bases/leyes/19943-2021,"ESTADOS UNIDOS DE AMERICA. AERONAVE TRANSPORTE MILITAR. DELEGACION COMANDO SUR.  INGRESO TERRITORIO NACIONAL. AUTORIZACION.",150077,0,0
2021-03-23,19942,https://parlamento.gub.uy/documentosyleyes/leyes/ley/19942,https://www.impo.com.uy/bases/leyes/19942-2021,"INDUSTRIA Y COMERCIO - MIPYMES. APORTES JUBILATORIOS PATRONALES. EXONERACION.-",150028,6,1
2021-03-23,19941,https://parlamento.gub.uy/documentosyleyes/leyes/ley/19941,https://www.impo.com.uy/bases/leyes/19941-2021,"ARTICULO 38 (CONSTITUCION REPUBLICA). DERECHO REUNION. LIMITACION TRANSITORIA. REGLAMENTACION.",150073,1,0
2021-03-12,19940,https://parlamento.gub.uy/documentosyleyes/leyes/ley/19940,https://www.impo.com.uy/bases/leyes/19940-2021,"ACUERDO MARCO DE COOPERACION EN MATERIA DE COMERCIO E INVERSION ENTRE URUGUAY Y GUATEMALA. APROBACION.",147695,0,0
2021-03-05,19939,https://parlamento.gub.uy/documentosyleyes/leyes/ley/19939,https://www.impo.com.uy/bases/leyes/19939-2021,"UNIDADES INTERNACION PERSONAS PRIVADAS LIBERTAD. FUNCIONES TRANSITORIAS GUARDIA PERIMETRAL. PRORROGA.",149558,0,0
2020-12-29,19938,https://parlamento.gub.uy/documentosyleyes/leyes/ley/19938,https://www.impo.com.uy/bases/leyes/19938-2020,"JAPON-URUGUAY. DOBLE IMPOSICION. IMPUESTOS RENTA. EVASION Y ELUSION FISCAL. CONVENIO. APROBACION",145030,0,0
2020-12-24,19937,https://parlamento.gub.uy/documentosyleyes/leyes/ley/19937,https://www.impo.com.uy/bases/leyes/19937-2020,"USO OPCION ARTÍCULO 6 BIS TITULO 7 DEL TEXTO ORDENADO 1996. PERSONAS FISICAS. IMPUESTO A LA RENTADE LOS NO RESIDENTES. OPCION.",149188,2,0
2020-12-22,19936,https://parlamento.gub.uy/documentosyleyes/leyes/ley/19936,https://www.impo.com.uy/bases/leyes/19936-2020,"TRABAJADORES SEGURO PARO PARCIAL. COMPUTO Y GOCE LICENCIA ANUAL. POSTERGACION",148591,0,1
2020-12-21,19935,https://parlamento.gub.uy/documentosyleyes/leyes/ley/19935,https://www.impo.com.uy/bases/leyes/19935-2020,"ESTADOS UNIDOS DE AMERICA. GUARDIA COSTERA. BUQUE USGC STONE. INGRESO PAIS. AUTORIZACION.",149341,0,0
2020-12-21,19934,https://parlamento.gub.uy/documentosyleyes/leyes/ley/19934,https://www.impo.com.uy/bases/leyes/19934-2020,"COMISION OPERANTAR XXXIX. NAVIO POLAR ""ALMIRANTE MAXIMIANO"" (H-41) Y NAVIO APOYO OCEANOGRAFICO ""ARY RONGEL"" (H-44). ENTRADA PAIS. AUTORIZACION.",149342,0,0
2020-12-21,19933,https://parlamento.gub.uy/documentosyleyes/leyes/ley/19933,https://www.impo.com.uy/bases/leyes/19933-2020,"DECISION CMC 09/20. FUNCIONAMIENTO PARLAMENTO MERCOSUR.",149344,0,0
2020-12-21,19932,https://parlamento.gub.uy/documentosyleyes/leyes/ley/19932,https://www.impo.com.uy/bases/leyes/19932-2020,"ARTICULO 38 (CONSTITUCION REPUBLICA). DERECHO REUNION. LIMITACION TRANSITORIA. REGLAMENTACION.",149343,1,0
2020-12-18,19931,https://parlamento.gub.uy/documentosyleyes/leyes/ley/19931,https://www.impo.com.uy/bases/leyes/19931-2020,"CAPITAL NACIONAL COOPERATIVISMO. CIUDAD MERCEDES. AÑO 2021. DESIGNACION",149124,0,0
2020-12-18,19930,https://parlamento.gub.uy/documentosyleyes/leyes/ley/19930,https://www.impo.com.uy/bases/leyes/19930-2020,"PENSIONES MILITARES. MODIFICACION.",147514,3,0
2020-12-18,19929,https://parlamento.gub.uy/documentosyleyes/leyes/ley/19929,https://www.impo.com.uy/bases/leyes/19929-2020,"CERTIFICADOS COMUNES. BPS. PLAZO VIGENCIA. EXTENSION",149126,2,0
2020-12-18,19928,https://parlamento.gub.uy/documentosyleyes/leyes/ley/19928,https://www.impo.com.uy/bases/leyes/19928-2020,"EMPRESAS CONCESIONARIAS AEROPUERTOS. TRANSPORTE AEREO PASAJEROS. EXPLOTADORAS SALAS CINE. APORTES. EXONERACION",149125,0,0
2020-12-18,19927,https://parlamento.gub.uy/documentosyleyes/leyes/ley/19927,https://www.impo.com.uy/bases/leyes/19927-2020,"TRABAJADOR. MANIPULACION MANUAL CARGA INSUMOS AGROPECUARIOS. PESO MAXIMO. FIJACION.",147145,0,0
2020-12-18,19926,https://parlamento.gub.uy/documentosyleyes/leyes/ley/19926,https://www.impo.com.uy/bases/leyes/19926-2020,"SUBSIDIO DESEMPLEO. PRORROGA. MTSS. APROBACION.",148588,2,3
2020-12-18,19925,https://parlamento.gub.uy/documentosyleyes/leyes/ley/19925,https://www.impo.com.uy/bases/leyes/19925-2020,"URUGUAY. AEROPUERTOS INTERNACIONALES. RED NACIONAL. CREACION.",145464,3,0
2020-12-18,19924,https://parlamento.gub.uy/documentosyleyes/leyes/ley/19924,https://www.impo.com.uy/bases/leyes/19924-2020,"PRESUPUESTO NACIONAL. 2020-2024. APROBACION",147701,0,5
2020-12-11,19923,https://parlamento.gub.uy/documentosyleyes/leyes/ley/19923,https://www.impo.com.uy/bases/leyes/19923-2020,"TURISMO INTERNO. FOMENTO. IMPUESTOS. EXONERACION.",148933,0,0
2020-11-30,19922,https://parlamento.gub.uy/documentosyleyes/leyes/ley/19922,https://www.impo.com.uy/bases/leyes/19922-2020,"TRABAJADORES EMPRESAS BESINEY Y ANIKTO S.A. SEGURO DESEMPLO. EXTENSION.",148667,3,0
2020-11-27,19921,https://parlamento.gub.uy/documentosyleyes/leyes/ley/19921,https://www.impo.com.uy/bases/leyes/19921-2020,"TRABAJADORES CITRICULTURA. COSECHA. PACKING. SUBSIDIO POR DESEMPLEO. REGIMEN ESPECIAL",148839,2,0
2020-11-27,19920,https://parlamento.gub.uy/documentosyleyes/leyes/ley/19920,https://www.impo.com.uy/bases/leyes/19920-2020,"DERECHO INTERNACIONAL PRIVADO. LEY GENERAL. APROBACION.",38377,2,0
2020-11-20,19919,https://parlamento.gub.uy/documentosyleyes/leyes/ley/19919,https://www.impo.com.uy/bases/leyes/19919-2020,"OFICINA SUBREGIONAL CONO SUR SEGIB. CAMBIO NOMBRE. INTERCAMBIO NOTAS. ACUERDO. REITERACION. APROBACION.",147869,0,0
2020-11-13,19918,https://parlamento.gub.uy/documentosyleyes/leyes/ley/19918,https://www.impo.com.uy/bases/leyes/19918-2020,"CERTIFICADOS FIRMA DIGITAL. RECONOCIMIENTO MUTUO. MERCOSUR. ACUERDO. APROBACION.",147043,0,0
2020-11-13,19917,https://parlamento.gub.uy/documentosyleyes/leyes/ley/19917,https://www.impo.com.uy/bases/leyes/19917-2020,"PROFESIONALES UNIVERSITARIOS. CAJA JUBILACIONES Y PENSIONES. FACILIDADES PAGO. REGIMEN ESPECIAL. APROBACION.",148589,1,0
2020-11-13,19916,https://parlamento.gub.uy/documentosyleyes/leyes/ley/19916,https://www.impo.com.uy/bases/leyes/19916-2020,"CAJA NOTARIAL SEGURIDAD SOCIAL. DIRECTORIO HONORARIO. FECHA ELECCION MIEMBROS. MODIFICACION",147509,2,0
2020-11-13,19915,https://parlamento.gub.uy/documentosyleyes/leyes/ley/19915,https://www.impo.com.uy/bases/leyes/19915-2020,"TENENCIA Y PORTE ARMAS. PLAZO REGULARIZACIÓN. PRÓRROGA.",145861,1,0
2020-11-13,19914,https://parlamento.gub.uy/documentosyleyes/leyes/ley/19914,https://www.impo.com.uy/bases/leyes/19914-2020,"MERCOSUR. ESTADOS PARTES. INFORMACION MIGRATORIA. INTERCAMBIO. ACUERDO. APROBACION.",146511,0,0
2020-10-30,19913,https://parlamento.gub.uy/documentosyleyes/leyes/ley/19913,https://www.impo.com.uy/bases/leyes/19913-2020,"FIESTAS. EMPRESAS ORGANIZADORAS. TRANSPORTE TERRESTRE TURISTICO Y EXCURSIONES. SEGURIDAD SOCIAL. APORTES PATRONALES. EXONERACION",148223,0,0
2020-10-24,19912,https://parlamento.gub.uy/documentosyleyes/leyes/ley/19912,https://www.impo.com.uy/bases/leyes/19912-2020,"OPERACION UNITAS LXI-ECUADOR 2020. CONFERENCIA FINAL PLANIFICACION. ARMADA NACIONAL. PARTICIPACION. AUTORIZACION",147675,0,0
2020-10-24,19911,https://parlamento.gub.uy/documentosyleyes/leyes/ley/19911,https://www.impo.com.uy/bases/leyes/19911-2020,"CAMPAÑA ANTARTICA ""OPERACION ANTARKOS XXXVII"". BUQUE ROU 23 ""VANGUARDIA"". SALIDA PAIS. AUTORIZACION.-",147660,0,0
2020-10-17,19910,https://parlamento.gub.uy/documentosyleyes/leyes/ley/19910,https://www.impo.com.uy/bases/leyes/19910-2020,"PROGRAMA URUGUAY TRABAJA. COBERTURA. AMPLIACION",147191,2,0
2020-09-26,19909,https://parlamento.gub.uy/documentosyleyes/leyes/ley/19909,https://www.impo.com.uy/bases/leyes/19909-2020,"EJERCICIO ""TANQUE 2020"". FUERZA AEREA ARGENTINA. TRIPULACION Y AERONAVE. TERRITORIO NACIONAL. INGRESO. AUTORIZACION",147292,0,0
2020-09-26,19908,https://parlamento.gub.uy/documentosyleyes/leyes/ley/19908,https://www.impo.com.uy/bases/leyes/19908-2020,"EJERCICIO ""RIO 2020"". FUERZA AEREA ARGENTINA. INGRESO TERRITORIO NACIONAL. AUTORIZACION",147291,0,0
2020-09-25,19907,https://parlamento.gub.uy/documentosyleyes/leyes/ley/19907,https://www.impo.com.uy/bases/leyes/19907-2020,"EMPRESA ""INDUSTRIA SULFURICA S.A. (ISUSA). TRABAJADORES. SEGURO DESEMPLEO. EXTENSION.",147844,2,0
2020-09-25,19906,https://parlamento.gub.uy/documentosyleyes/leyes/ley/19906,https://www.impo.com.uy/bases/leyes/19906-2020,"LICENCIAS LEGISLADORES. SUPLENTES. RETRIBUCION. REGIMEN. MODIFICACION.",146029,2,0
2020-09-18,19905,https://parlamento.gub.uy/documentosyleyes/leyes/ley/19905,https://www.impo.com.uy/bases/leyes/19905-2020,"EMERGENCIA SANITARIA.TAPABOCA INCLUSIVO. IMPLEMENTACION.",146052,0,0
2020-09-18,19904,https://parlamento.gub.uy/documentosyleyes/leyes/ley/19904,https://www.impo.com.uy/bases/leyes/19904-2020,"RESIDENCIA FISCAL. REGULACION. NORMAS. AJUSTE",146555,0,1
2020-09-18,19903,https://parlamento.gub.uy/documentosyleyes/leyes/ley/19903,https://www.impo.com.uy/bases/leyes/19903-2020,"CAMPAÑA NACIONAL CONCIENTIZACION Y PREVENCION ABUSO SEXUAL INFANTIL INTRAFAMILIAR. CREACION.",146171,2,0
2020-09-17,19902,https://parlamento.gub.uy/documentosyleyes/leyes/ley/19902,https://www.impo.com.uy/bases/leyes/19902-2020,"OPERACION MANTENIMIENTO PAZ. ONU. REPUBLICA ARABE SIRIA. EFECTIVOS MILITARES. NUMERO. AMPLIACION",147671,1,0
2020-09-11,19901,https://parlamento.gub.uy/documentosyleyes/leyes/ley/19901,https://www.impo.com.uy/bases/leyes/19901-2020,"MINAS DE CORRALES (RIVERA). CENTENARIO FUNDACION. FERIADO NO LABORABLE. DECLARACION.",146867,0,0
2020-09-11,19900,https://parlamento.gub.uy/documentosyleyes/leyes/ley/19900,https://www.impo.com.uy/bases/leyes/19900-2020,"EMPRESA PILI S.A. EX TRABAJADORES. SEGURO DESEMPLEO. EXTENSION",147679,2,1
2020-09-11,19899,https://parlamento.gub.uy/documentosyleyes/leyes/ley/19899,https://www.impo.com.uy/bases/leyes/19899-2020,"EX TRABAJADORES EMPRESA FANAPEL S.A. COOPERATIVA TEXTIL PUERTO SAUCE. SEGURO DESEMPLEO. EXTENSION.",147520,2,0
2020-08-28,19898,https://parlamento.gub.uy/documentosyleyes/leyes/ley/19898,https://www.impo.com.uy/bases/leyes/19898-2020,"CANTINAS ESCOLARES. APORTES PATRONALES SEGURIDAD SOCIAL. EXONERACION.",147611,0,0
2020-08-28,19897,https://parlamento.gub.uy/documentosyleyes/leyes/ley/19897,https://www.impo.com.uy/bases/leyes/19897-2020,"MERCOSUR. ROAMING INTERNACIONAL. ELIMINACION COBRO. APROBACION.",146209,0,0
2020-08-28,19896,https://parlamento.gub.uy/documentosyleyes/leyes/ley/19896,https://www.impo.com.uy/bases/leyes/19896-2020,"MERCOSUR. EDUCACION SUPERIOR. TITULOS GRADO. RECONOCIMIENTO. APROBACION.",144215,0,0
2020-08-21,19895,https://parlamento.gub.uy/documentosyleyes/leyes/ley/19895,https://www.impo.com.uy/bases/leyes/19895-2020,"SISTEMA NACIONAL GARANTIA. CREDITOS. GRANDES EMPRESAS. OPERACIONES. HABILITACION",146808,3,0
2020-08-20,19894,https://parlamento.gub.uy/documentosyleyes/leyes/ley/19894,https://www.impo.com.uy/bases/leyes/19894-2020,"BUQUE MARINA NORTEAMERICANA USS TRIPOLI. INGRESO. APROBACION.",147510,0,0
2020-08-19,19893,https://parlamento.gub.uy/documentosyleyes/leyes/ley/19893,https://www.impo.com.uy/bases/leyes/19893-2020,"TRANSPORTE ESCOLAR. APORTES PATRONALES SEGURIDAD SOCIAL. EXONERACION.",146968,0,0
2020-08-19,19892,https://parlamento.gub.uy/documentosyleyes/leyes/ley/19892,https://www.impo.com.uy/bases/leyes/19892-2020,"RENDICION CUENTAS. BALANCE EJECUCION PRESUPUESTAL. EJERCICIO 2019. APROBACION",146810,0,0
2020-07-23,19891,https://parlamento.gub.uy/documentosyleyes/leyes/ley/19891,https://www.impo.com.uy/bases/leyes/19891-2020,"INSTITUTO NACIONAL BIENESTAR ANIMAL. CREACION. VIGENCIA. MODIFICACION.",147148,1,0
2020-07-17,19890,https://parlamento.gub.uy/documentosyleyes/leyes/ley/19890,https://www.impo.com.uy/bases/leyes/19890-2020,"TRATADO DE LIBRE COMERCIO. REPUBLICA ORIENTAL URUGUAY ESTADOS UNIDOS MEXICANOS. SEGUNDO PROTOCOLO MODIFICATORIO. APROBACION",145521,0,0
2020-07-09,19889,https://parlamento.gub.uy/documentosyleyes/leyes/ley/19889,https://www.impo.com.uy/bases/leyes/19889-2020,"LEY URGENTE CONSIDERACION. APROBACION. 2020.",145885,0,8
2020-06-30,19888,https://parlamento.gub.uy/documentosyleyes/leyes/ley/19888,https://www.impo.com.uy/bases/leyes/19888-2020,"YOUNG (RÍO NEGRO). ANIVERSARIO DENOMINACIÓN (100). FERIADO NO LABORABLE. DECLARACIÓN.",146551,0,0
2020-06-25,19887,https://parlamento.gub.uy/documentosyleyes/leyes/ley/19887,https://www.impo.com.uy/bases/leyes/19887-2020,"TRABAJADORES EMPRESA HIPERTEX S.A. SEGURO DESEMPLEO. EXTENSION.",146518,2,0
2020-06-25,19886,https://parlamento.gub.uy/documentosyleyes/leyes/ley/19886,https://www.impo.com.uy/bases/leyes/19886-2020,"SUBSIDIO ENFERMEDAD. REQUISITO JORNALES. TRABAJADORES ZAFRALES CAÑA AZUCAR. DEPARTAMENTOS ARTIGAS Y SALTO. MODIFICACION",146398,1,0
2020-06-04,19885,https://parlamento.gub.uy/documentosyleyes/leyes/ley/19885,https://www.impo.com.uy/bases/leyes/19885-2020,"PARTICIPACIONES PATRIMONIALES AL PORTADOR. BENEFICIARIOS. INFORMACION BCU. PLAZOS. SUSPENSION",145827,3,0
2020-06-04,19884,https://parlamento.gub.uy/documentosyleyes/leyes/ley/19884,https://www.impo.com.uy/bases/leyes/19884-2020,"CONTRIBUCION INMOBILIARIA RURALl. ALICUOTA. REDUCCION  TRANSITORIA. APROBACION.",145854,1,0
2020-06-04,19883,https://parlamento.gub.uy/documentosyleyes/leyes/ley/19883,https://www.impo.com.uy/bases/leyes/19883-2020,"PERSONAL EN RÉGIMEN DE PROVISORIATO. PROCEDIMIENTOS. PLAZOS LEGALES Y REGLAMENTARIOS. SUSPENSIÓN",146054,1,0
2020-06-04,19882,https://parlamento.gub.uy/documentosyleyes/leyes/ley/19882,https://www.impo.com.uy/bases/leyes/19882-2020,"TRABAJADORES EMPRESA PILI S.A. SEGURO DESEMPLEO. EXTENSION.",146216,2,0
2020-06-04,19881,https://parlamento.gub.uy/documentosyleyes/leyes/ley/19881,https://www.impo.com.uy/bases/leyes/19881-2020,"TRABAJADORES EMPRESAS BESINEY Y ANIKTO S.A. LIFAN MOTORS URUGUAY. SEGURO DESEMPLEO. EXTENSION",146059,2,0
2020-05-12,19880,https://parlamento.gub.uy/documentosyleyes/leyes/ley/19880,https://www.impo.com.uy/bases/leyes/19880-2020,"SERVICIO EXTERIOR. ESTATUTO. MODIFICACION.",145887,1,0
2020-04-30,19879,https://parlamento.gub.uy/documentosyleyes/leyes/ley/19879,https://www.impo.com.uy/bases/leyes/19879-2020,"FERIA JURISDICCIONAL EXTRAORDINARIA. SUSPENSIÓN PLAZOS PROCESALES. EMERGENCIA SANITARIA",145890,14,1
2020-04-29,19878,https://parlamento.gub.uy/documentosyleyes/leyes/ley/19878,https://www.impo.com.uy/bases/leyes/19878-2020,"TITULARES EXPLOTACIONES AGROPECUARIAS. SUSPENSION  PLAZO CREDITO FISCAL.",145864,4,0
2020-04-28,19877,https://parlamento.gub.uy/documentosyleyes/leyes/ley/19877,https://www.impo.com.uy/bases/leyes/19877-2020,"SUBSIDIO MENSUAL. MODALIDAD ""MONOTRIBUTO SOCIAL MIDES"". CREACION.",145824,3,0
2020-04-22,19876,https://parlamento.gub.uy/documentosyleyes/leyes/ley/19876,https://www.impo.com.uy/bases/leyes/19876-2020,"LEY 19.872. COOPERATIVAS MENOR PORTE. INDUSTRIA Y COMERCIO. APORTES PERSONALES Y PATRONALES. EXONERACION. EXTENSION.",145825,1,0
2020-04-08,19875,https://parlamento.gub.uy/documentosyleyes/leyes/ley/19875,https://www.impo.com.uy/bases/leyes/19875-2020,"ELECCIONES DEPARTAMENTALES Y MUNICIPALES 2020. PRORROGA.",145795,0,0
2020-04-08,19874,https://parlamento.gub.uy/documentosyleyes/leyes/ley/19874,https://www.impo.com.uy/bases/leyes/19874-2020,"COVID-19. FONDO. CREACION.",145794,5,10
2020-04-03,19873,https://parlamento.gub.uy/documentosyleyes/leyes/ley/19873,https://www.impo.com.uy/bases/leyes/19873-2020,"EMERGENCIA SANITARIA (NACIONAL). ENFERMEDAD PROFESIONAL. COVID-19. INCLUSION.",145756,1,0
2020-04-03,19872,https://parlamento.gub.uy/documentosyleyes/leyes/ley/19872,https://www.impo.com.uy/bases/leyes/19872-2020,"INDUSTRIA Y COMERCIO. APORTES PERSONALES Y PATRONALES. APORTES. EXONERACION.",145755,2,1
2020-04-03,19871,https://parlamento.gub.uy/documentosyleyes/leyes/ley/19871,https://www.impo.com.uy/bases/leyes/19871-2020,"LORYSER S.A. SEGURO DESEMPLEO. EXTENSION.",145753,2,1
2020-04-02,19870,https://parlamento.gub.uy/documentosyleyes/leyes/ley/19870,https://www.impo.com.uy/bases/leyes/19870-2020,"LEY GESTION INTEGRAL RESIDUOS. PLAZO. PRORROGA.",145754,1,0
2020-04-02,19869,https://parlamento.gub.uy/documentosyleyes/leyes/ley/19869,https://www.impo.com.uy/bases/leyes/19869-2020,"TELEMEDICINA. IMPLEMENTACION Y DESARROLLO. REGIMEN.",144552,4,1
2020-04-02,19868,https://parlamento.gub.uy/documentosyleyes/leyes/ley/19868,https://www.impo.com.uy/bases/leyes/19868-2020,"FONDO CITRICOLA. NUEVOS FONDOS. INCORPORACION.",145752,2,0
2020-03-27,19867,https://parlamento.gub.uy/documentosyleyes/leyes/ley/19867,https://www.impo.com.uy/bases/leyes/19867-2020,"COOPERATIVISMO. CAPITAL NACIONAL. FLORIDA (CIUDAD). AÑO 2020. DECLARACION.",145151,0,0
2020-03-20,19866,https://parlamento.gub.uy/documentosyleyes/leyes/ley/19866,https://www.impo.com.uy/bases/leyes/19866-2020,"BEBIDAS ALCOHÓLICAS. CONSUMO PROBLEMÁTICO. PREVENCIÓN. MODIFICACIÓN.",145421,1,0
2020-03-20,19865,https://parlamento.gub.uy/documentosyleyes/leyes/ley/19865,https://www.impo.com.uy/bases/leyes/19865-2020,"VELERO ESCUELA ""CAPITÁN MIRANDA"". XXXII VIAJE DE INSTRUCCION. SALIDA DEL PAIS. AUTORIZACION.",145407,0,0
2020-03-20,19864,https://parlamento.gub.uy/documentosyleyes/leyes/ley/19864,https://www.impo.com.uy/bases/leyes/19864-2020,"PILI S.A. SEGURO DESEMPLEO. EXTENSION.",145440,2,0
2020-01-13,19863,https://parlamento.gub.uy/documentosyleyes/leyes/ley/19863,https://www.impo.com.uy/bases/leyes/19863-2020,"FONDO ASISTENCIA. CRÉDITOS LABORALES. CITRÍCOLA SALTEÑA S.A. Y NOLIR S.A. CREACIÓN.",145181,1,0
2020-01-13,19862,https://parlamento.gub.uy/documentosyleyes/leyes/ley/19862,https://www.impo.com.uy/bases/leyes/19862-2020,"COMPTE Y RIQUÉ, Enriqueta. JARDÍN DE INFANTES Nº 237. LOS CERRILLOS (CANELONES). DENOMINACIÓN",140658,0,0
2019-12-23,19861,https://parlamento.gub.uy/documentosyleyes/leyes/ley/19861,https://www.impo.com.uy/bases/leyes/19861-2019,"ESPACIO COSTERO OCEANO ATLANTICO Y RIO DE LA PLATA. USO. MODIFICACION.",144081,3,0
2019-12-23,19860,https://parlamento.gub.uy/documentosyleyes/leyes/ley/19860,https://www.impo.com.uy/bases/leyes/19860-2019,"VIATICOS FUNCIONARIOS PUBLICOS. OTORGAMIENTO Y USO. PRORROGA ENTRADA EN VIGENCIA.",145143,1,0
2019-12-23,19859,https://parlamento.gub.uy/documentosyleyes/leyes/ley/19859,https://www.impo.com.uy/bases/leyes/19859-2019,"VICTIMAS TERRORISMO ESTADO. SISTEMA NACIONAL INTEGRADO SALUD. ATENCION GRATUITA Y VITALICIA. INTERPRETACION",145022,2,0
2019-12-23,19858,https://parlamento.gub.uy/documentosyleyes/leyes/ley/19858,https://www.impo.com.uy/bases/leyes/19858-2019,"OBRA AUDIOVISUAL. DERECHO AUTOR. BENEFICIARIO. REGIMEN. MODIFICACION.",142530,2,0
2019-12-23,19857,https://parlamento.gub.uy/documentosyleyes/leyes/ley/19857,https://www.impo.com.uy/bases/leyes/19857-2019,"DERECHOS AUTOR. PLAZOS. MODIFICACION.",142492,2,0
2019-12-23,19856,https://parlamento.gub.uy/documentosyleyes/leyes/ley/19856,https://www.impo.com.uy/bases/leyes/19856-2019,"ARTIGAS, Joaquín. LICEO Nº 6 (MALDONADO). DENOMINACION.",140659,0,0
2019-12-23,19855,https://parlamento.gub.uy/documentosyleyes/leyes/ley/19855,https://www.impo.com.uy/bases/leyes/19855-2019,"BEBIDAS ALCOHÓLICAS. CONSUMO PROBLEMÁTICO. PREVENCIÓN. REGULACIÓN",136515,3,1
2019-12-23,19854,https://parlamento.gub.uy/documentosyleyes/leyes/ley/19854,https://www.impo.com.uy/bases/leyes/19854-2019,"TESTIGOS Y DENUNCIANTES. RESERVA IDENTIDAD. INSPECCIÓN GENERAL TRABAJO Y SEGURIDAD SOCIAL.",137048,0,0
2019-12-23,19853,https://parlamento.gub.uy/documentosyleyes/leyes/ley/19853,https://www.impo.com.uy/bases/leyes/19853-2019,"SERVICIOS FINANCIEROS Y MEDIOS DE PAGOS ELECTRÓNICOS. PAGO REMUNERACIONES. INSTRUMENTOS. PRÓRROGA.",144987,2,0
2019-12-23,19852,https://parlamento.gub.uy/documentosyleyes/leyes/ley/19852,https://www.impo.com.uy/bases/leyes/19852-2019,"INSTITUTO NACIONAL DE ACREDITACION Y EVALUACION DE LA EDUCACION TERCIARIA (INAEET). Creación",144160,0,0
2019-12-23,19851,https://parlamento.gub.uy/documentosyleyes/leyes/ley/19851,https://www.impo.com.uy/bases/leyes/19851-2019,"FONDO FINANCIERO DESARROLLO CUENCA PLATA (FONPLATA). CONVENIO. MODIFICACIONES. SUSCRIPCION. GOBIERNO. AUTORIZACION.",143651,1,0
2019-12-23,19850,https://parlamento.gub.uy/documentosyleyes/leyes/ley/19850,https://www.impo.com.uy/bases/leyes/19850-2019,"MERCOSUR. COOPERACIÓN Y ASISTENCIA JURISDICCIONAL MATERIA CIVIL, COMERCIAL, LABORAL Y ADMINISTRATIVA. PROTOCOLO. ENMIENDA. APROBACIÓN",142102,0,0
2019-12-23,19849,https://parlamento.gub.uy/documentosyleyes/leyes/ley/19849,https://www.impo.com.uy/bases/leyes/19849-2019,"CONVENIO INTERNACIONAL TRABAJO. VIOLENCIA Y ACOSO, 2019. APROBACION",144801,0,0
2019-12-20,19848,https://parlamento.gub.uy/documentosyleyes/leyes/ley/19848,https://www.impo.com.uy/bases/leyes/19848-2019,"ECONOMÍA SOCIAL Y SOLIDARIA. INTERES NACIONAL. DECLARACIÓN.",143933,4,0
2019-12-20,19847,https://parlamento.gub.uy/documentosyleyes/leyes/ley/19847,https://www.impo.com.uy/bases/leyes/19847-2019,"CANNABIS. USO MEDICINAL Y TERAPEUTICO. REGULACION.",143492,4,0
2019-12-19,19846,https://parlamento.gub.uy/documentosyleyes/leyes/ley/19846,https://www.impo.com.uy/bases/leyes/19846-2019,"DERECHOS HUMANOS. IGUALDAD GENERO. OBLIGATORIEDAD. PROMOCION",142050,7,0
2019-12-19,19845,https://parlamento.gub.uy/documentosyleyes/leyes/ley/19845,https://www.impo.com.uy/bases/leyes/19845-2019,"CANNABIS. INVESTIGACION CIENTIFICA. PROMOCION. APROBACION.",144372,2,0
2019-12-19,19844,https://parlamento.gub.uy/documentosyleyes/leyes/ley/19844,https://www.impo.com.uy/bases/leyes/19844-2019,"CRUCEROS. CASINOS. PERMANENCIA ABIERTA. ADMINISTRACIÓN NACIONAL PUERTOS. AUTORIZACIÓN.",133788,1,0
2019-12-19,19843,https://parlamento.gub.uy/documentosyleyes/leyes/ley/19843,https://www.impo.com.uy/bases/leyes/19843-2019,"COSECHA. CITRICULTURA. TRABAJADORES. SEGURO DESEMPLEO. REGIMEN ESPECIAL",144896,2,0
2019-12-19,19842,https://parlamento.gub.uy/documentosyleyes/leyes/ley/19842,https://www.impo.com.uy/bases/leyes/19842-2019,"BANCO ASIATICO DE INVERSION EN INFRAESTRUCTURA (AIIB). REPUBLICA ORIENTAL DEL URUGUAY. INCORPORACION. CONVENIO. APROBACION",144719,0,0
2019-12-19,19841,https://parlamento.gub.uy/documentosyleyes/leyes/ley/19841,https://www.impo.com.uy/bases/leyes/19841-2019,"SERVICIO EXTERIOR DE LA REPÚBLICA. ESTATUTO DEL FUNCIONARIO. REGULACIÓN",140162,10,1
2019-11-14,19840,https://parlamento.gub.uy/documentosyleyes/leyes/ley/19840,https://www.impo.com.uy/bases/leyes/19840-2019,"OPERACION ANTARKOS XXXVI. BUQUE ROU 26 ""VANGUARDIA""SALIDA PAIS. AUTORIZACION.",144764,1,0
2019-11-14,19839,https://parlamento.gub.uy/documentosyleyes/leyes/ley/19839,https://www.impo.com.uy/bases/leyes/19839-2019,"FUERZA AEREA CHILE. NONAGESIMO ANIVERSARIO. DELEGACION FUERZA AEREA URUGUAYA. SALIDA PAIS. AUTORIZACION.",144763,0,0
2019-11-14,19838,https://parlamento.gub.uy/documentosyleyes/leyes/ley/19838,https://www.impo.com.uy/bases/leyes/19838-2019,"OPERACION ESNAL II.  ATLANTIS V. BUQUES ROU 34 ""AUDAZ"", ROU 31 ""TEMERARIO"", ROU 01 ""URUGUAY"". SALIDA PAIS. AUTORIZACION.",144762,1,0
2019-09-27,19837,https://parlamento.gub.uy/documentosyleyes/leyes/ley/19837,https://www.impo.com.uy/bases/leyes/19837-2019,"VIVIENDA. SISTEMA COOPERATIVO. MODIFICACION.",142351,1,0
2019-09-23,19836,https://parlamento.gub.uy/documentosyleyes/leyes/ley/19836,https://www.impo.com.uy/bases/leyes/19836-2019,"ORGANIZACION FUTBOL INFANTIL (ONFI). ORGANO RECTOR. ESTABLECIMIENTO.",134310,1,0
2019-09-23,19835,https://parlamento.gub.uy/documentosyleyes/leyes/ley/19835,https://www.impo.com.uy/bases/leyes/19835-2019,"ESTABLE, Clemente. ESCUELA N° 96 (PAYSANDU). DENOMINACION.",141571,0,0
2019-09-23,19834,https://parlamento.gub.uy/documentosyleyes/leyes/ley/19834,https://www.impo.com.uy/bases/leyes/19834-2019,"CONSEJO COMUNICACION AUDIOVISUAL. REGIMEN TRANSITORIO. MODIFICACION.",144587,1,0
2019-09-20,19833,https://parlamento.gub.uy/documentosyleyes/leyes/ley/19833,https://www.impo.com.uy/bases/leyes/19833-2019,"DEFENSA DE LA LIBRE COMPETENCIA EN EL COMERCIO. MODIFICACIÓN",140860,1,0
2019-09-18,19832,https://parlamento.gub.uy/documentosyleyes/leyes/ley/19832,https://www.impo.com.uy/bases/leyes/19832-2019,"ORGANIZACION INTERNACIONAL TELECOMUNICACIONES MOVILES POR SATELITE. CONVENIO CONSTITUTIVO. APROBACION.",125645,0,0
2019-09-18,19831,https://parlamento.gub.uy/documentosyleyes/leyes/ley/19831,https://www.impo.com.uy/bases/leyes/19831-2019,"CODIGO PROCESO PENAL. LIBERTAD VIGILADA. MODIFICACION.",144284,9,0
2019-09-18,19830,https://parlamento.gub.uy/documentosyleyes/leyes/ley/19830,https://www.impo.com.uy/bases/leyes/19830-2019,"JUDICATURA Y ORGANIZACIÓN TRIBUNALES. LEY ORGÁNICA. MODIFICACIÓN.",138864,1,0
2019-09-18,19829,https://parlamento.gub.uy/documentosyleyes/leyes/ley/19829,https://www.impo.com.uy/bases/leyes/19829-2019,"RESIDUOS. GESTION INTEGRAL",139972,14,1
2019-09-18,19828,https://parlamento.gub.uy/documentosyleyes/leyes/ley/19828,https://www.impo.com.uy/bases/leyes/19828-2019,"DEPORTE. LEY NACIONAL. REGULACION.",142318,2,0
2019-09-18,19827,https://parlamento.gub.uy/documentosyleyes/leyes/ley/19827,https://www.impo.com.uy/bases/leyes/19827-2019,"DEBATE PUBLICO CANDIDATOS PRESIDENCIA REPUBLICA. OBLIGATORIEDAD. REGIMEN.",127433,2,1
2019-09-18,19826,https://parlamento.gub.uy/documentosyleyes/leyes/ley/19826,https://www.impo.com.uy/bases/leyes/19826-2019,"CAJA NOTARIAL SEGURIDAD SOCIAL. REGIMEN PREVISIONAL. MODIFICACIONES",141604,5,0
2019-09-18,19825,https://parlamento.gub.uy/documentosyleyes/leyes/ley/19825,https://www.impo.com.uy/bases/leyes/19825-2019,"MINISTERIO EDUCACION Y CULTURA. CELEBRACION CONVENIOS. NACIMIENTOS Y RECONOCIMIENTOS. INSCRIPCION.",132892,0,0
2019-09-18,19824,https://parlamento.gub.uy/documentosyleyes/leyes/ley/19824,https://www.impo.com.uy/bases/leyes/19824-2019,"TRANSITO. SEGURIDAD VIAL. LEY NACIONAL.",141578,5,0
2019-09-18,19823,https://parlamento.gub.uy/documentosyleyes/leyes/ley/19823,https://www.impo.com.uy/bases/leyes/19823-2019,"EJERCICIO FUNCIÓN PÚBLICA. BUENAS PRÁCTICAS. ADECUACIÓN. INTERÉS GENERAL. DECLARACIÓN.",141494,1,0
2019-09-18,19822,https://parlamento.gub.uy/documentosyleyes/leyes/ley/19822,https://www.impo.com.uy/bases/leyes/19822-2019,"INSTITUCION NACIONAL DE DERECHOS HUMANOS Y DEFENSORIA DEL PUEBLO (INDDHH). DETENDIDOS DESAPARECIDOS. BUSQUEDA. ASIGNACION.",144403,3,1
2019-09-18,19821,https://parlamento.gub.uy/documentosyleyes/leyes/ley/19821,https://www.impo.com.uy/bases/leyes/19821-2019,"TEATRO INDEPENDIENTE. PROMOCION.",140035,1,0
2019-09-18,19820,https://parlamento.gub.uy/documentosyleyes/leyes/ley/19820,https://www.impo.com.uy/bases/leyes/19820-2019,"EMPRENDIMIENTOS. SOCIEDADES ACCIONES SIMPLIFICADAS. PLATAFORMAS FINANCIAMIENTO COLECTIVO. FOMENTO.",137576,10,1
2019-09-18,19819,https://parlamento.gub.uy/documentosyleyes/leyes/ley/19819,https://www.impo.com.uy/bases/leyes/19819-2019,"ITALIA-URUGUAY. RENTA. IMPUESTOS. DOBLE IMPOSICION. ELUSION Y EVASION FISCAL. PREVENCION. CONVENIO. APROBACION.",144034,0,0
2019-09-18,19818,https://parlamento.gub.uy/documentosyleyes/leyes/ley/19818,https://www.impo.com.uy/bases/leyes/19818-2019,"FUNDACIÓN INTERNACIONAL UE - ALC. CREACIÓN. ACUERDO. APROBACIÓN",141624,0,0
2019-09-18,19817,https://parlamento.gub.uy/documentosyleyes/leyes/ley/19817,https://www.impo.com.uy/bases/leyes/19817-2019,"PLAN NACIONAL DE SILOS. ORGANIZACION PRODUCTORES. ENDEUDAMIENTO. REGULARIZACION",144624,1,0
2019-09-18,19816,https://parlamento.gub.uy/documentosyleyes/leyes/ley/19816,https://www.impo.com.uy/bases/leyes/19816-2019,"EMPRESAS LACTEAS EXPORTADORAS. FINANCIAMIENTO. ACCESO. FLEXIBILIZACION. EXTENSION.",144639,1,0
2019-09-18,19815,https://parlamento.gub.uy/documentosyleyes/leyes/ley/19815,https://www.impo.com.uy/bases/leyes/19815-2019,"LIFAN MOTORS URUGUAY. BESINEY S.A. ANIKTO S.A.SEGURO DESEMPLEO. EXTENSION",144669,2,0
2019-09-18,19814,https://parlamento.gub.uy/documentosyleyes/leyes/ley/19814,https://www.impo.com.uy/bases/leyes/19814-2019,"EROSION BASES IMPONIBLES. TRASLADO BENEFICIOS. PREVENCION. TRATADOS FISCALES. CONVENCION MULTILATERAL. CONVENIO. APROBACION.",140069,0,0
2019-09-18,19813,https://parlamento.gub.uy/documentosyleyes/leyes/ley/19813,https://www.impo.com.uy/bases/leyes/19813-2019,"AVIACION CIVIL INTERNACIONAL. ACTOS ILICITOS. PREVENCION. CONVENIO. APROBACION.",140841,0,0
2019-09-18,19812,https://parlamento.gub.uy/documentosyleyes/leyes/ley/19812,https://www.impo.com.uy/bases/leyes/19812-2019,"CHILE-URUGUAY. CERTIFICACION DIGITAL. TASA CONSULAR. CONVENIO. APROBACION.",143652,0,0
2019-09-18,19811,https://parlamento.gub.uy/documentosyleyes/leyes/ley/19811,https://www.impo.com.uy/bases/leyes/19811-2019,"CORTE PERMANENTE ARBITRAJE-URUGUAY. SEDE. ACUERDO. APROBACION.",140910,0,0
2019-09-18,19810,https://parlamento.gub.uy/documentosyleyes/leyes/ley/19810,https://www.impo.com.uy/bases/leyes/19810-2019,"EJERCICIO ""TANQUE 2019"". FUERZA AEREA ARGENTINA. INGRESO PAIS. AUTORIZACION.",144634,0,0
2019-09-18,19809,https://parlamento.gub.uy/documentosyleyes/leyes/ley/19809,https://www.impo.com.uy/bases/leyes/19809-2019,"MERCOSUR. DETENCION Y PROCEDIMIENTOS ENTREGA PERSONAS. ACUERDO. APROBACION",141917,0,0
2019-09-17,19808,https://parlamento.gub.uy/documentosyleyes/leyes/ley/19808,https://www.impo.com.uy/bases/leyes/19808-2019,"SINGAPUR - URUGUAY. DERECHO MARCAS. CONVENIO. APROBACION.",103183,0,0
2019-09-17,19807,https://parlamento.gub.uy/documentosyleyes/leyes/ley/19807,https://www.impo.com.uy/bases/leyes/19807-2019,"OBELISCO-BATALLA DE LAS PIEDRAS. LICEO N° 3 LAS PIEDRAS (CANELONES). DENOMINACION.",144402,0,0
2019-09-17,19806,https://parlamento.gub.uy/documentosyleyes/leyes/ley/19806,https://www.impo.com.uy/bases/leyes/19806-2019,"MONTANER, Martha. SALA 9 EDIFICIO ANEXO PALACIO LEGISLATIVO. DENOMINACION.",130347,0,0
2019-09-17,19805,https://parlamento.gub.uy/documentosyleyes/leyes/ley/19805,https://www.impo.com.uy/bases/leyes/19805-2019,"SANTORO, Walter. SALA 10 EDIFICIO ANEXO PALACIO LEGISLATIVO. DENOMINACION.",141921,0,0
2019-09-17,19804,https://parlamento.gub.uy/documentosyleyes/leyes/ley/19804,https://www.impo.com.uy/bases/leyes/19804-2019,"CANET, Uruguay Brum. SALA 8 EDIFICIO ANEXO PODER LEGISLATIVO. DENOMINACION.",123264,0,0
2019-09-17,19803,https://parlamento.gub.uy/documentosyleyes/leyes/ley/19803,https://www.impo.com.uy/bases/leyes/19803-2019,"TERRA, Juan Pablo. SALA 16 EDIFICIO ANEXO PALACIO LEGISLATIVO. DENOMINACION.",144615,0,0
2019-09-13,19802,https://parlamento.gub.uy/documentosyleyes/leyes/ley/19802,https://www.impo.com.uy/bases/leyes/19802-2019,"FONDO RECONSTRUCCION Y FOMENTO GRANJA. MODIFICACION.",143663,2,0
2019-09-13,19801,https://parlamento.gub.uy/documentosyleyes/leyes/ley/19801,https://www.impo.com.uy/bases/leyes/19801-2019,"DE LA ROSA MENDEZ, Romario. ESCUELA 104 TRES PUENTES (RIVERA). DENOMINACION.",105754,0,0
2019-09-13,19800,https://parlamento.gub.uy/documentosyleyes/leyes/ley/19800,https://www.impo.com.uy/bases/leyes/19800-2019,"IRAZOQUI, Nilda. LICEO 2 SANTA LUCIA (CANELONES). DENOMINACION.",141313,0,0
2019-09-13,19799,https://parlamento.gub.uy/documentosyleyes/leyes/ley/19799,https://www.impo.com.uy/bases/leyes/19799-2019,"ORGANIZACION MUNDIAL  PROPIEDAD INTELECTUAL (OMPI). CONVENIO. MODIFICACION.",141135,0,0
2019-09-13,19798,https://parlamento.gub.uy/documentosyleyes/leyes/ley/19798,https://www.impo.com.uy/bases/leyes/19798-2019,"DIABETES Y ENFERMEDADES NO TRASMISIBLES. CONTROL. TRATAMIENTO. REGIMEN.",143176,3,0
2019-09-13,19797,https://parlamento.gub.uy/documentosyleyes/leyes/ley/19797,https://www.impo.com.uy/bases/leyes/19797-2019,"DECLARACION JURADA BIENES E INGRESOS AUTORIDADES Y FUNCIONARIOS PUBLICOS. REGIMEN. MODIFICACION.",131159,8,1
2019-09-13,19796,https://parlamento.gub.uy/documentosyleyes/leyes/ley/19796,https://www.impo.com.uy/bases/leyes/19796-2019,"CUBA-URUGUAY. SERVICIOS SALUD. MIDES. PRESTACION. CONVENIO. APROBACION",142124,0,0
2019-09-13,19795,https://parlamento.gub.uy/documentosyleyes/leyes/ley/19795,https://www.impo.com.uy/bases/leyes/19795-2019,"TERRA, Gabriel. REPRESA. DENOMINACIÓN. MODIFICACIÓN.",141848,0,0
2019-09-13,19794,https://parlamento.gub.uy/documentosyleyes/leyes/ley/19794,https://www.impo.com.uy/bases/leyes/19794-2019,"DA ROSA ECHEBARNE, Ramón. ESCUELA 131 TIERRAS COLORADAS (TACUAREMBO). DENOMINACION.",140783,0,0
2019-09-13,19793,https://parlamento.gub.uy/documentosyleyes/leyes/ley/19793,https://www.impo.com.uy/bases/leyes/19793-2019,"COMPTE Y RIQUE, Enriqueta. JARDIN INFANTES BARRIO DELTA DEL TIGRE (CIUDAD DEL PLATA-SAN JOSE). DENOMINACION.",132178,0,0
2019-09-13,19792,https://parlamento.gub.uy/documentosyleyes/leyes/ley/19792,https://www.impo.com.uy/bases/leyes/19792-2019,"DESCOINS, Carmen. ESCUELA 63 PUEBLO NUEVO (SAN JOSE). DENOMINACION.",140001,0,0
2019-08-30,19791,https://parlamento.gub.uy/documentosyleyes/leyes/ley/19791,https://www.impo.com.uy/bases/leyes/19791-2019,"INSTITUCIONES TRATO DIRECTO CON NIÑAS, NIÑOS, ADOLESCENTES, DISCAPACITADOS Y PERSONAS MAYORES DEPENDIENTES. MEDIDAS PREVENTIVAS.",140425,3,0
2019-08-30,19790,https://parlamento.gub.uy/documentosyleyes/leyes/ley/19790,https://www.impo.com.uy/bases/leyes/19790-2019,"DISCAPACITADO MOTRIZ. VOTO. ACCESIBILIDAD MESA RECEPTORA.",144325,3,0
2019-08-30,19789,https://parlamento.gub.uy/documentosyleyes/leyes/ley/19789,https://www.impo.com.uy/bases/leyes/19789-2019,"DERECHOS JOVENES. CONVENCION IBEROAMERICANA. PROTOCOLO ADICIONAL. APROBACION.",143883,0,0
2019-08-30,19788,https://parlamento.gub.uy/documentosyleyes/leyes/ley/19788,https://www.impo.com.uy/bases/leyes/19788-2019,"RENDICION CUENTAS. EJERCICIO 2018. APROBACION.",144051,8,0
2019-08-23,19787,https://parlamento.gub.uy/documentosyleyes/leyes/ley/19787,https://www.impo.com.uy/bases/leyes/19787-2019,"DEPOSITOS PORTUARIOS O EXTRAPORTUARIOS. EMPRESAS PRESTADORAS SERVICIOS. PERSONAL DEPENDIENTE. JORNALES MINIMOS.",144289,1,0
2019-08-23,19786,https://parlamento.gub.uy/documentosyleyes/leyes/ley/19786,https://www.impo.com.uy/bases/leyes/19786-2019,"BPS. DIRECTORIO. ELECCION REPRESENTANTES. MODIFICACION.",126463,3,0
2019-08-23,19785,https://parlamento.gub.uy/documentosyleyes/leyes/ley/19785,https://www.impo.com.uy/bases/leyes/19785-2019,"DIRECTORIO INSTITUTO NIÑO ADOLESCENTE URUGUAY (INAU). ORGANO ASESOR. CONSEJO ASESOR CONSULTIVO (CAC). CREACIÓN.",141605,0,0
2019-08-23,19784,https://parlamento.gub.uy/documentosyleyes/leyes/ley/19784,https://www.impo.com.uy/bases/leyes/19784-2019,"PARQUES INDUSTRIALES Y CIENTIFICO-TECNOLOGICOS. FOMENTO Y PROMOCION.",137421,2,0
2019-08-23,19783,https://parlamento.gub.uy/documentosyleyes/leyes/ley/19783,https://www.impo.com.uy/bases/leyes/19783-2019,"CARNES Y DERIVADOS. COMERCIALIZACION. INOCUIDAD Y TRANSPARENCIA. APROBACION.",143351,1,0
2019-08-23,19782,https://parlamento.gub.uy/documentosyleyes/leyes/ley/19782,https://www.impo.com.uy/bases/leyes/19782-2019,"CARNICERIAS INTERIOR PAIS. ELABORACION PRODUCTOS EMBUTIDOS ARTESANALES. REGLAMENTACION.",140095,1,0
2019-08-23,19781,https://parlamento.gub.uy/documentosyleyes/leyes/ley/19781,https://www.impo.com.uy/bases/leyes/19781-2019,"FAMILIA RURAL. ARRENDAMIENTO TIERRAS. COTITULARIDAD.",142282,1,0
2019-08-23,19780,https://parlamento.gub.uy/documentosyleyes/leyes/ley/19780,https://www.impo.com.uy/bases/leyes/19780-2019,"GALEANO, Eduardo. LICEO Nº 8. (RIVERA). DENOMINACION.",140057,0,0
2019-08-16,19779,https://parlamento.gub.uy/documentosyleyes/leyes/ley/19779,https://www.impo.com.uy/bases/leyes/19779-2019,"FONDO MULTILATERAL INVERSIONES III. CONVENIO CONSTITUTIVO, ADMINISTRACION Y ANEXOS. APROBACION.",138181,0,0
2019-08-16,19778,https://parlamento.gub.uy/documentosyleyes/leyes/ley/19778,https://www.impo.com.uy/bases/leyes/19778-2019,"ASISTENTE SOCIAL. PROFESION. EJERCICIO. REGULACION.",139621,0,0
2019-08-16,19777,https://parlamento.gub.uy/documentosyleyes/leyes/ley/19777,https://www.impo.com.uy/bases/leyes/19777-2019,"HENDERSON HERNANDEZ, Eduardo Mario. ESCUELA Nº 38 (TARARIRAS - DEPARTAMENTO COLONIA). DENOMINACION",142513,0,0
2019-08-16,19776,https://parlamento.gub.uy/documentosyleyes/leyes/ley/19776,https://www.impo.com.uy/bases/leyes/19776-2019,"ACTIVIDADES ARTISTICAS. DESEMPEÑO Y JUBILACION. COMPATIBILIDAD. MODIFICACION.",141847,2,0
2019-07-26,19775,https://parlamento.gub.uy/documentosyleyes/leyes/ley/19775,https://www.impo.com.uy/bases/leyes/19775-2019,"LEY ORGANICA MILITAR Y FUERZAS ARMADAS. MODIFICACION.",140928,18,4
2019-07-19,19774,https://parlamento.gub.uy/documentosyleyes/leyes/ley/19774,https://www.impo.com.uy/bases/leyes/19774-2019,"EJERCICIO ""ACRUX IX"". BUQUES ARMADA NACIONAL. SALIDA PAIS. AUTORIZACION.",143736,0,0
2019-07-17,19773,https://parlamento.gub.uy/documentosyleyes/leyes/ley/19773,https://www.impo.com.uy/bases/leyes/19773-2019,"ACUERDO ESCAZÚ. ACCESO A LA INFORMACIÓN, PARTICIPACIÓN PÚBLICA Y ACCESO A LA JUSTICIA EN ASUNTOS AMBIENTALES EN AMÉRICA LATINA Y EL CARIBE. ACUERDO REGIONAL. APROBACIÓN.",142889,0,0
2019-07-17,19772,https://parlamento.gub.uy/documentosyleyes/leyes/ley/19772,https://www.impo.com.uy/bases/leyes/19772-2019,"ESPACIO COSTERO OCEANO ATLANTICO Y RIO DE LA PLATA. USO. REGULACION.",125293,6,1
2019-07-12,19771,https://parlamento.gub.uy/documentosyleyes/leyes/ley/19771,https://www.impo.com.uy/bases/leyes/19771-2019,"VIATICOS FUNCIONARIOS PUBLICOS. OTORGAMIENTO Y USO. REGULACION.",136899,0,1
2019-07-12,19770,https://parlamento.gub.uy/documentosyleyes/leyes/ley/19770,https://www.impo.com.uy/bases/leyes/19770-2019,"LICENCIADO EN NUTRICIÓN. PROFESIÓN UNIVERSITARIA. REGULACIÓN MARCO JURÍDICO.",142063,0,0
2019-07-12,19769,https://parlamento.gub.uy/documentosyleyes/leyes/ley/19769,https://www.impo.com.uy/bases/leyes/19769-2019,"MERCOSUR. ESTADOS ASOCIADOS. ILICITOS. ARMAS FUEGO. CONVENIO. APROBACION.",137983,0,0
2019-06-27,19768,https://parlamento.gub.uy/documentosyleyes/leyes/ley/19768,https://www.impo.com.uy/bases/leyes/19768-2019,"ARCHIVOLOGO. PROFESION. RECONOCIMIENTO Y REGULACION. REGIMEN.",139585,1,0
2019-06-24,19767,https://parlamento.gub.uy/documentosyleyes/leyes/ley/19767,https://www.impo.com.uy/bases/leyes/19767-2019,"""LA MURGA"". FENOMENO CULTURAL NACIONAL. CENTENARIO. MONEDA CONMEMORATIVA. ACUÑACION BCU. AUTORIZACION.",143352,0,0
2019-06-24,19766,https://parlamento.gub.uy/documentosyleyes/leyes/ley/19766,https://www.impo.com.uy/bases/leyes/19766-2019,"COMPTE Y RIQUE, Enriqueta. JARDIN INFANTES 91 (PAYSANDU). DENOMINACIÓN.",140656,0,0
2019-06-21,19765,https://parlamento.gub.uy/documentosyleyes/leyes/ley/19765,https://www.impo.com.uy/bases/leyes/19765-2019,"MICRO Y PEQUEÑAS EMPRESAS. EXPORTACIONES. REGIMEN ESPECIAL. REGULACION. CREACION.",142088,1,0
2019-06-21,19764,https://parlamento.gub.uy/documentosyleyes/leyes/ley/19764,https://www.impo.com.uy/bases/leyes/19764-2019,"PERSONAS CON DISCAPACIDAD VISUAL. MEDICAMENTOS. ACCESO INFORMACIÓN.",127299,0,0
2019-06-21,19763,https://parlamento.gub.uy/documentosyleyes/leyes/ley/19763,https://www.impo.com.uy/bases/leyes/19763-2019,"INSTITUCION DERECHOS HUMANOS (NACIONAL). LEY 18446. MODIFICACION",137300,5,0
2019-06-21,19762,https://parlamento.gub.uy/documentosyleyes/leyes/ley/19762,https://www.impo.com.uy/bases/leyes/19762-2019,"SAMPAYO, Aníbal. EX MUELLE SHELL (PAYSANDU) . DENOMINACION.",142428,0,0
2019-06-21,19761,https://parlamento.gub.uy/documentosyleyes/leyes/ley/19761,https://www.impo.com.uy/bases/leyes/19761-2019,"INVESTIGACION. EQUIPOS CONJUNTOS. MERCOSUR. ESTADOS ASOCIADOS. ESTADOS PARTE. ACUERDO. APROBACION.",142286,0,0
2019-06-21,19760,https://parlamento.gub.uy/documentosyleyes/leyes/ley/19760,https://www.impo.com.uy/bases/leyes/19760-2019,"URUGUAY - COMUNIDAD FRANCESA DE BÉLGICA. COPRODUCCIÓN CINEMATOGRÁFICA Y ANEXOS. ACUERDO.",140504,0,0
2019-06-10,19759,https://parlamento.gub.uy/documentosyleyes/leyes/ley/19759,https://www.impo.com.uy/bases/leyes/19759-2019,"FUERZAS COMANDO 2019. DELEGACION EJERCITO NACIONAL. SALIDA PAIS. AUTORIZACION.",143463,0,0
2019-05-24,19758,https://parlamento.gub.uy/documentosyleyes/leyes/ley/19758,https://www.impo.com.uy/bases/leyes/19758-2019,"TOCAF. ARTICULO 46. MODIFICACION.",141420,3,0
2019-05-24,19757,https://parlamento.gub.uy/documentosyleyes/leyes/ley/19757,https://www.impo.com.uy/bases/leyes/19757-2019,"MISION PAZ (ONU). EFECTIVOS EJERCITO NACIONAL. SALIDA PAIS. AUTORIZACION.",143105,0,1
2019-05-23,19756,https://parlamento.gub.uy/documentosyleyes/leyes/ley/19756,https://www.impo.com.uy/bases/leyes/19756-2019,"SANTOS PIREZ, Manuel. LICEO 4 MERCEDES (SORIANO). DENOMINACION",134629,0,0
2019-05-17,19755,https://parlamento.gub.uy/documentosyleyes/leyes/ley/19755,https://www.impo.com.uy/bases/leyes/19755-2019,"ENMIENDA PÁRRAFO 6 ARTÍCULO 8. CONVENCION INTERNACIONAL SOBRE ELIMINACIÓN DE TODAS FORMAS DISCRIMINACIÓN RACIAL.  APROBACIÓN",141625,0,0
2019-05-17,19754,https://parlamento.gub.uy/documentosyleyes/leyes/ley/19754,https://www.impo.com.uy/bases/leyes/19754-2019,"BARCO ARMADA ROU. CAPITAN MIRANDA. SALIDA PAIS. AUTORIZACION.",143104,0,0
2019-05-17,19753,https://parlamento.gub.uy/documentosyleyes/leyes/ley/19753,https://www.impo.com.uy/bases/leyes/19753-2019,"KUWAIT-URUGUAY. SERVICIOS AEREOS. ACUERDO. APROBACION.",141430,0,0
2019-05-17,19752,https://parlamento.gub.uy/documentosyleyes/leyes/ley/19752,https://www.impo.com.uy/bases/leyes/19752-2019,"BUQUES PESQUEROS. PERSONAL. TITULACION GUARDIA. CONVENIO INTERNACIONAL. NORMAS.",138983,0,0
2019-05-17,19751,https://parlamento.gub.uy/documentosyleyes/leyes/ley/19751,https://www.impo.com.uy/bases/leyes/19751-2019,"ECUADOR-URUGUAY. PATRIMONIO CULTURAL Y NATURAL. BIENES. COOPERACION. CONVENIO. APROBACION.",141477,0,0
2019-05-16,19750,https://parlamento.gub.uy/documentosyleyes/leyes/ley/19750,https://www.impo.com.uy/bases/leyes/19750-2019,"DIA TRABAJADOR ENSEÑANZA PRIVADA (NACIONAL) - 15 JUNIO. FERIADO NO LABORABLE. DECLARACION.",126950,0,0
2019-05-15,19749,https://parlamento.gub.uy/documentosyleyes/leyes/ley/19749,https://www.impo.com.uy/bases/leyes/19749-2019,"ANTITERRORISMO. LEY INTEGRAL. APROBACIÓN.",132893,7,0
2019-04-19,19748,https://parlamento.gub.uy/documentosyleyes/leyes/ley/19748,https://www.impo.com.uy/bases/leyes/19748-2019,"BELLA UNION (ARTIGAS). ANIVERSARIO FUNDACION (190). FERIADO NO LABORABLE. DECLARACION.",143058,0,0
2019-04-19,19747,https://parlamento.gub.uy/documentosyleyes/leyes/ley/19747,https://www.impo.com.uy/bases/leyes/19747-2019,"CÓDIGO DE LA NIÑEZ Y LA ADOLESCENCIA. CAPÍTULO XI. MODIFICACIÓN.",139089,3,1
2019-04-19,19746,https://parlamento.gub.uy/documentosyleyes/leyes/ley/19746,https://www.impo.com.uy/bases/leyes/19746-2019,"REFERENDUM. RECURSO. MODIFICACION.",143144,2,0
2019-04-19,19745,https://parlamento.gub.uy/documentosyleyes/leyes/ley/19745,https://www.impo.com.uy/bases/leyes/19745-2019,"LECHE LARGA VIDA. IMPUESTO VALOR AGREGADO. AJUSTES.",142261,0,0
2019-04-19,19744,https://parlamento.gub.uy/documentosyleyes/leyes/ley/19744,https://www.impo.com.uy/bases/leyes/19744-2019,"DÍA NACIONAL DE CONCIENTIZACIÓN DE LA SALUD CARDIOVASCULAR DE LA MUJER. SE DECLARA EL 9 DE MARZO DE CADA AÑO.",141603,0,0
2019-04-19,19743,https://parlamento.gub.uy/documentosyleyes/leyes/ley/19743,https://www.impo.com.uy/bases/leyes/19743-2019,"DÍA DEL ABOGADO EN URUGUAY - 9 DE MAYO. DECLARACIÓN.",139480,0,0
2019-04-12,19742,https://parlamento.gub.uy/documentosyleyes/leyes/ley/19742,https://www.impo.com.uy/bases/leyes/19742-2019,"RUMANIA-URUGUAY. SEGURIDAD SOCIAL. ACUERDO ADMINISTRATIVO. APLICACION. CONVENIO. APROBACION.",141304,0,0
2019-04-12,19741,https://parlamento.gub.uy/documentosyleyes/leyes/ley/19741,https://www.impo.com.uy/bases/leyes/19741-2019,"SERVICIO FORESTAL (EUA). GUARDIA NACIONAL CONNECTICUT C-130 (HERCULES). INGRESO AL PAIS. AUTORIZACION.",142830,0,0
2019-04-12,19740,https://parlamento.gub.uy/documentosyleyes/leyes/ley/19740,https://www.impo.com.uy/bases/leyes/19740-2019,"""CAPITAL NACIONAL DEL COOPERATIVISMO"". CANELONES (CIUDAD). AÑO 2019. DECLARACION.",141817,0,0
2019-04-12,19739,https://parlamento.gub.uy/documentosyleyes/leyes/ley/19739,https://www.impo.com.uy/bases/leyes/19739-2019,"DESARROLLO. INVESTIGACION. EMPRESAS PRIVADAS. CREDITO FISCAL. OTORGAMIENTO.",142089,0,0
2019-04-11,19738,https://parlamento.gub.uy/documentosyleyes/leyes/ley/19738,https://www.impo.com.uy/bases/leyes/19738-2019,"CASTRO, Julio. ESCUELA N° 71 (PAYSANDU). DENOMINACION.",140654,0,0
2019-04-09,19737,https://parlamento.gub.uy/documentosyleyes/leyes/ley/19737,https://www.impo.com.uy/bases/leyes/19737-2019,"FONDO CITRICOLA. CREACION.",143028,2,2
2019-03-22,19736,https://parlamento.gub.uy/documentosyleyes/leyes/ley/19736,https://www.impo.com.uy/bases/leyes/19736-2019,"SINGAPUR-URUGUAY. SERVICIOS AEREOS. ACUERDO. APROBACION.",120998,0,0
2019-01-04,19735,https://parlamento.gub.uy/documentosyleyes/leyes/ley/19735,https://www.impo.com.uy/bases/leyes/19735-2019,"TRABAJADOR DEPÓSITOS PORTUARIOS, EXTRAPORTUARIOS, MUELLES Y EXPLANADAS. JORNALES MÍNIMOS. FIJACIÓN. ENTRADA EN VIGENCIA. PRÓRROGA.",142224,1,0
2019-01-04,19734,https://parlamento.gub.uy/documentosyleyes/leyes/ley/19734,https://www.impo.com.uy/bases/leyes/19734-2019,"TRAFICO ARMAS. DELITO. TIPIFICACION. LEY 19.247 ARTÍCULO 6. PRÓRROGA DE PLAZO.",141809,1,0
2018-12-28,19733,https://parlamento.gub.uy/documentosyleyes/leyes/ley/19733,https://www.impo.com.uy/bases/leyes/19733-2018,"FISCALÍA GENERA NACIÓN. FONDO DE PERITAJES. CREACIÓN.",140834,3,0
2018-12-28,19732,https://parlamento.gub.uy/documentosyleyes/leyes/ley/19732,https://www.impo.com.uy/bases/leyes/19732-2018,"MEDIOS PAGO ELECTRONICO. REGULACION. LEY INCLUSION FINANCIERA. MODIFICACIONES",141698,9,1
2018-12-28,19731,https://parlamento.gub.uy/documentosyleyes/leyes/ley/19731,https://www.impo.com.uy/bases/leyes/19731-2018,"MEDIOS PAGO ELECTRONICO. SISTEMA. REGULACION.",142138,3,0
2018-12-28,19730,https://parlamento.gub.uy/documentosyleyes/leyes/ley/19730,https://www.impo.com.uy/bases/leyes/19730-2018,"OSE. CONTRATACIÓN TRABAJADORES EMPRESA AGUAS DE LA COSTA S.A. AUTORIZACIÓN.",142053,1,0
2018-12-28,19729,https://parlamento.gub.uy/documentosyleyes/leyes/ley/19729,https://www.impo.com.uy/bases/leyes/19729-2018,"LICENCIA ESPECIAL TRABAJADOR CON FAMILIARES A CARGO CON DISCAPACIDAD. REGIMEN. MODIFICACION.",141631,2,0
2018-12-21,19728,https://parlamento.gub.uy/documentosyleyes/leyes/ley/19728,https://www.impo.com.uy/bases/leyes/19728-2018,"FIBROMIALGIA. DIAGNOSTICO Y TRATAMIENTO. INTERES NACIONAL. DECLARACION.",128750,0,0
2018-12-21,19727,https://parlamento.gub.uy/documentosyleyes/leyes/ley/19727,https://www.impo.com.uy/bases/leyes/19727-2018,"PENSION ALIMENTICIA. DECLARACION JURADA BIENES E INGRESOS PERSONAS OBLIGADAS. OBLIGATORIEDAD",133779,1,0
2018-12-21,19726,https://parlamento.gub.uy/documentosyleyes/leyes/ley/19726,https://www.impo.com.uy/bases/leyes/19726-2018,"RESPONSABILIDAD DECENAL. CODIGO CIVIL. MODIFICACION.",132929,1,0
2018-12-21,19725,https://parlamento.gub.uy/documentosyleyes/leyes/ley/19725,https://www.impo.com.uy/bases/leyes/19725-2018,"ENAJENACIONES INTENDENCIAS EN CONVENIO CON MVOTMA, BHU O ANV. CERTIFICADOS BPS. EXONERACION.",125010,2,0
2018-12-21,19724,https://parlamento.gub.uy/documentosyleyes/leyes/ley/19724,https://www.impo.com.uy/bases/leyes/19724-2018,"SAN GABRIEL (FLORIDA). PUEBLO. DECLARATORIA.",137430,0,0
2018-12-21,19723,https://parlamento.gub.uy/documentosyleyes/leyes/ley/19723,https://www.impo.com.uy/bases/leyes/19723-2018,"TABACO. PRODUCTOS. ETIQUETADO. EMPAQUETADO. MODIFICACIÓN",137365,1,0
2018-12-21,19722,https://parlamento.gub.uy/documentosyleyes/leyes/ley/19722,https://www.impo.com.uy/bases/leyes/19722-2018,"DIA TRABAJADOR PORTUARIO  - 21 JULIO. FERIADO PAGO. DECLARATORIA.",131938,0,0
2018-12-21,19721,https://parlamento.gub.uy/documentosyleyes/leyes/ley/19721,https://www.impo.com.uy/bases/leyes/19721-2018,"SEGURIDAD PRIVADA. REGULACION.",127392,1,0
2018-12-21,19720,https://parlamento.gub.uy/documentosyleyes/leyes/ley/19720,https://www.impo.com.uy/bases/leyes/19720-2018,"LEY ORGANICA UNIDAD ALIMENTARIA MONTEVIDEO (UAM). MODIFICACION. APROBACION",139527,5,0
2018-12-21,19719,https://parlamento.gub.uy/documentosyleyes/leyes/ley/19719,https://www.impo.com.uy/bases/leyes/19719-2018,"EL SALVADOR - URUGUAY. ASUNTOS PENALES. ASISTENCIA JURIDICA. CONVENIO. APROBACION.",125067,0,0
2018-12-21,19718,https://parlamento.gub.uy/documentosyleyes/leyes/ley/19718,https://www.impo.com.uy/bases/leyes/19718-2018,"INVESTIGACION AGRICOLA. CONSORCIO CENTROS INTERNACIONALES. CONSTITUCION. CONVENIO. APROBACION.",114972,0,0
2018-12-21,19717,https://parlamento.gub.uy/documentosyleyes/leyes/ley/19717,https://www.impo.com.uy/bases/leyes/19717-2018,"PRODUCCION BASES AGROECOLOGICAS. INTERES GENERAL. DECLARACION. COMISION HONORARIA NACIONAL. CREACION.",131029,0,0
2018-12-18,19710,https://parlamento.gub.uy/documentosyleyes/leyes/ley/19710,https://www.impo.com.uy/bases/leyes/19710-2018,"REPUBLICA DE ITALIA. ESCUELA 57 PAYSANDU (PAYSANDU). DENOMINACION.",130980,0,0
2018-12-14,19716,https://parlamento.gub.uy/documentosyleyes/leyes/ley/19716,https://www.impo.com.uy/bases/leyes/19716-2018,"CONVENIO INFRACCIONES A BORDO AERONAVES. MODIFICACION. PROTOCOLO. APROBACION.",140843,0,0
2018-12-14,19715,https://parlamento.gub.uy/documentosyleyes/leyes/ley/19715,https://www.impo.com.uy/bases/leyes/19715-2018,"DIA PERIODISTA Y TRABAJADOR MEDIOS DE COMUNICACION - 23 OCTUBRE. DECLARACION.",131517,1,0
2018-12-14,19714,https://parlamento.gub.uy/documentosyleyes/leyes/ley/19714,https://www.impo.com.uy/bases/leyes/19714-2018,"COPA MUNDIAL FUTBOL (FIFA 2030). DIFUSION CANDIDATURA. BENEFICIOS TRIBUTARIOS. LEY Nº 18.833. MODIFICACION.",139235,1,0
2018-12-14,19713,https://parlamento.gub.uy/documentosyleyes/leyes/ley/19713,https://www.impo.com.uy/bases/leyes/19713-2018,"PALACIO LEGISLATIVO. INAUGURACIÓN. CENTENARIO. INTERÉS NACIONAL. DECLARACIÓN.",140424,1,0
2018-12-14,19712,https://parlamento.gub.uy/documentosyleyes/leyes/ley/19712,https://www.impo.com.uy/bases/leyes/19712-2018,"""OPERACIÓN ANTARKOS XXXV"". BUQUE ROU 26 ""VANGUARDIA"" ARMADA NACIONAL. SALIDA DEL PAÍS. AUTORIZACIÓN",141652,0,0
2018-12-14,19711,https://parlamento.gub.uy/documentosyleyes/leyes/ley/19711,https://www.impo.com.uy/bases/leyes/19711-2018,"RIO NEGRO. JURISDICCION ARMADA NACIONAL. MODIFICACION.",137788,2,0
2018-12-14,19709,https://parlamento.gub.uy/documentosyleyes/leyes/ley/19709,https://www.impo.com.uy/bases/leyes/19709-2018,"MEDEROS DE GONZALEZ, Azucena. ESCUELA ESPECIAL 80 TREINTA Y TRES (TREINTA Y TRES). DENOMINACION.",132038,0,0
2018-12-14,19708,https://parlamento.gub.uy/documentosyleyes/leyes/ley/19708,https://www.impo.com.uy/bases/leyes/19708-2018,"MASSERA LERENA, José Luis. LICEO JUANICO (CANELONES). DENOMINACION.",125825,0,0
2018-12-14,19707,https://parlamento.gub.uy/documentosyleyes/leyes/ley/19707,https://www.impo.com.uy/bases/leyes/19707-2018,"COMPTE Y RIQUE, Enriqueta. JARDIN INFANTES 64 FRAY BENTOS (RIO NEGRO). DENOMINACION.",136188,0,0
2018-12-14,19706,https://parlamento.gub.uy/documentosyleyes/leyes/ley/19706,https://www.impo.com.uy/bases/leyes/19706-2018,"MARTINOTE RIEFFEL, Basilio. ESCUELA N° 53 SAUCE BATOVI (TACUAREMBO). DENOMINACION.",140657,0,0
2018-12-14,19705,https://parlamento.gub.uy/documentosyleyes/leyes/ley/19705,https://www.impo.com.uy/bases/leyes/19705-2018,"PINNA COLLA, Luis Alfredo. ESCUELA Nº 25 (PAYSANDÚ). DENOMINACIÓN",140652,0,0
2018-12-14,19704,https://parlamento.gub.uy/documentosyleyes/leyes/ley/19704,https://www.impo.com.uy/bases/leyes/19704-2018,"PORTUGAL-URUGUAY. EXTRADICION. TRATADO. APROBACION.",138909,0,0
2018-12-07,19703,https://parlamento.gub.uy/documentosyleyes/leyes/ley/19703,https://www.impo.com.uy/bases/leyes/19703-2018,"OPERACION ""ESNAL II 2018"". BUQUES ROU 01 ""URUGUAY"". ROU 31 ""TEMERARIO"". ROU 34 ""AUDAZ"". SALIDA DEL PAÍS. AUTORIZACIÓN",141799,0,0
2018-11-23,19702,https://parlamento.gub.uy/documentosyleyes/leyes/ley/19702,https://www.impo.com.uy/bases/leyes/19702-2018,"CUMBRE DE LÍDERES DEL GRUPO G20. FUERZA AÉREA DE LOS ESTADOS UNIDOS DE AMERICA. APOYO LOGÍSTICO Y SEGURIDAD. INGRESO AL PAÍS. AUTORIZACIÓN",141681,0,0
2018-11-20,19701,https://parlamento.gub.uy/documentosyleyes/leyes/ley/19701,https://www.impo.com.uy/bases/leyes/19701-2018,"MEXICO-URUGUAY. COOPERACIÓN Y ASISTENCIA ADMINISTRATIVA MUTUA EN ASUNTOS ADUANEROS. ACUERDO. APROBACIÓN.",140989,0,0
2018-11-16,19700,https://parlamento.gub.uy/documentosyleyes/leyes/ley/19700,https://www.impo.com.uy/bases/leyes/19700-2018,"VILLAS CASUPA Y FRAY MARCOS (FLORIDA). CIUDAD. DECLARATORIA.",137429,0,0
2018-11-15,19699,https://parlamento.gub.uy/documentosyleyes/leyes/ley/19699,https://www.impo.com.uy/bases/leyes/19699-2018,"PYMES DEUDORAS BPS. PORCENTAJE BONIFICACION. MODIFICACION.",136017,1,0
2018-11-09,19698,https://parlamento.gub.uy/documentosyleyes/leyes/ley/19698,https://www.impo.com.uy/bases/leyes/19698-2018,"ANIBAL SAMPAYO. LICEO N° 3. DEPARTAMENTO PAYSANDU. DENOMINACION.",133697,0,0
2018-10-29,19697,https://parlamento.gub.uy/documentosyleyes/leyes/ley/19697,https://www.impo.com.uy/bases/leyes/19697-2018,"PARAGUAY-URUGUAY. IMPUESTO RENTA. DOBLE IMPOSICION. CONVENIO. APROBACION.",138982,0,0
2018-10-29,19696,https://parlamento.gub.uy/documentosyleyes/leyes/ley/19696,https://www.impo.com.uy/bases/leyes/19696-2018,"SISTEMA INTELIGENCIA ESTADO (NACIONAL). APROBACION.",133369,2,0
2018-10-29,19695,https://parlamento.gub.uy/documentosyleyes/leyes/ley/19695,https://www.impo.com.uy/bases/leyes/19695-2018,"SISTEMA DE PREVISIÓN SOCIAL MILITAR. MODIFICACIONES",135001,9,1
2018-10-29,19694,https://parlamento.gub.uy/documentosyleyes/leyes/ley/19694,https://www.impo.com.uy/bases/leyes/19694-2018,"POSSAMAY CLARO, Teresa Graciela. PENSION GRACIABLE. OTORGAMIENTO",141565,0,0
2018-10-29,19693,https://parlamento.gub.uy/documentosyleyes/leyes/ley/19693,https://www.impo.com.uy/bases/leyes/19693-2018,"PILI S.A. SEGURO DESEMPLEO. EXTENSIÓN.",141639,2,0
2018-10-29,19692,https://parlamento.gub.uy/documentosyleyes/leyes/ley/19692,https://www.impo.com.uy/bases/leyes/19692-2018,"COOPERATIVA LECHERIA MELO. (COLEME). TRABAJADORES. SEGURO DESEMPLEO. SEGURO DESEMPLEO. EXTENCION.",141611,2,0
2018-10-29,19691,https://parlamento.gub.uy/documentosyleyes/leyes/ley/19691,https://www.impo.com.uy/bases/leyes/19691-2018,"DISCAPACITADOS. TRABAJO. PROMOCION",139593,4,3
2018-10-29,19690,https://parlamento.gub.uy/documentosyleyes/leyes/ley/19690,https://www.impo.com.uy/bases/leyes/19690-2018,"FONDO GARANTIA. CREDITOS LABORALES. INSOLVENCIA EMPLEADOR. CREACION",141057,4,1
2018-10-29,19689,https://parlamento.gub.uy/documentosyleyes/leyes/ley/19689,https://www.impo.com.uy/bases/leyes/19689-2018,"TRABAJO. NUEVOS PUESTOS. GENERACION. INCENTIVOS",141018,10,2
2018-10-29,19688,https://parlamento.gub.uy/documentosyleyes/leyes/ley/19688,https://www.impo.com.uy/bases/leyes/19688-2018,"LABAT MONTOYA, Isabel.  PENSION GRACIABLE. APROBACION",137221,0,0
2018-10-29,19687,https://parlamento.gub.uy/documentosyleyes/leyes/ley/19687,https://www.impo.com.uy/bases/leyes/19687-2018,"COBELLI VIGNAROLLO, Julio Alberto. PENSION GRACIABLE. APROBACION.",137218,0,0
2018-10-26,19686,https://parlamento.gub.uy/documentosyleyes/leyes/ley/19686,https://www.impo.com.uy/bases/leyes/19686-2018,"PROPIETARIOS. PROMITENTES COMPRADORES. SECTOR ACTIVIDAD AGROPECUARIA. CULTIVOS AGRICOLAS. SEGURO. REDUCCION",140913,3,0
2018-10-26,19685,https://parlamento.gub.uy/documentosyleyes/leyes/ley/19685,https://www.impo.com.uy/bases/leyes/19685-2018,"BIENES. SERVICIOS. OBRAS PUBLICAS. ADQUISICION. EQUIDAD GENERO.",139810,4,0
2018-10-26,19684,https://parlamento.gub.uy/documentosyleyes/leyes/ley/19684,https://www.impo.com.uy/bases/leyes/19684-2018,"PERSONAS TRANS. LEY INTEGRAL. APROBACIÓN",135064,10,1
2018-10-26,19683,https://parlamento.gub.uy/documentosyleyes/leyes/ley/19683,https://www.impo.com.uy/bases/leyes/19683-2018,"MERCOSUR (ESTADOS PARTES)-ESTADOS ASOCIADOS. RECONOCIMIENTO CERTIFICADOS Y TITULOS ESTUDIO E INTEGRACION EDUCATIVA. PROTOCOLO. REITERACION. APROBACION.",138189,0,0
2018-10-26,19682,https://parlamento.gub.uy/documentosyleyes/leyes/ley/19682,https://www.impo.com.uy/bases/leyes/19682-2018,"APATRIDA. RECONONOCIMIENTO Y PROTECCION. APROBACIÓN.",137033,1,0
2018-10-26,19681,https://parlamento.gub.uy/documentosyleyes/leyes/ley/19681,https://www.impo.com.uy/bases/leyes/19681-2018,"LUMINARIAS LED. PRODUCCION NACIONAL. PROMOCION.",141025,0,0
2018-10-26,19680,https://parlamento.gub.uy/documentosyleyes/leyes/ley/19680,https://www.impo.com.uy/bases/leyes/19680-2018,"NATER STUTZ, Rodolfo. ESCUELA 109 COSTAS DE POLONIA (COLONIA). DENOMINACION.",131506,0,0
2018-10-26,19679,https://parlamento.gub.uy/documentosyleyes/leyes/ley/19679,https://www.impo.com.uy/bases/leyes/19679-2018,"ESPACIOS PUBLICOS. LEY FALTAS Y CUIDADOS. MODIFICACION.",132647,3,0
2018-10-26,19678,https://parlamento.gub.uy/documentosyleyes/leyes/ley/19678,https://www.impo.com.uy/bases/leyes/19678-2018,"SEGUROS. CONTRATOS. REGIMEN. MODIFICACION.",126196,13,0
2018-10-26,19677,https://parlamento.gub.uy/documentosyleyes/leyes/ley/19677,https://www.impo.com.uy/bases/leyes/19677-2018,"VIGILANCIA. FUERZAS ARMADAS. ZONA FRONTERIZA. AUTORIZACION.",138813,0,0
2018-10-26,19676,https://parlamento.gub.uy/documentosyleyes/leyes/ley/19676,https://www.impo.com.uy/bases/leyes/19676-2018,"INMUEBLES URBANOS VACÍOS.  CUMPLIMIENTO DEBERES PROPIEDAD. INTERÉS GENERAL. DECLARACIÓN.",138095,1,0
2018-10-24,19675,https://parlamento.gub.uy/documentosyleyes/leyes/ley/19675,https://www.impo.com.uy/bases/leyes/19675-2018,"COOPERATIVA TRABAJADORES CERAMICOS OLMOS (CTC OLMOS). TRABAJADORES. SEGURO DESEMPLEO. PRORROGA.",141407,2,0
2018-10-24,19674,https://parlamento.gub.uy/documentosyleyes/leyes/ley/19674,https://www.impo.com.uy/bases/leyes/19674-2018,"LORYSER S.A. TRABAJADORES. SEGURO DESEMPLEO. PRORROGA.",141408,2,0
2018-10-24,19673,https://parlamento.gub.uy/documentosyleyes/leyes/ley/19673,https://www.impo.com.uy/bases/leyes/19673-2018,"EJERCICIO ""CRUZEX FLIGHT 2018"". CONTINGENTE FUERZA AEREA URUGUAYA. SALIDA PAIS. AUTORIZACION.",140257,0,0
2018-10-19,19672,https://parlamento.gub.uy/documentosyleyes/leyes/ley/19672,https://www.impo.com.uy/bases/leyes/19672-2018,"LEAL MORALES, Vani Hebar. PENSION GRACIABLE. APROBACION.",137222,0,0
2018-10-19,19671,https://parlamento.gub.uy/documentosyleyes/leyes/ley/19671,https://www.impo.com.uy/bases/leyes/19671-2018,"PROCESO EJECUTIVO. CODIGO GENERAL DEL PROCESO. MODIFICACION.",136032,2,0
2018-10-15,19670,https://parlamento.gub.uy/documentosyleyes/leyes/ley/19670,https://www.impo.com.uy/bases/leyes/19670-2018,"RENDICION CUENTAS (EJERCICIO 2017). APROBACION",140288,0,4
2018-10-12,19669,https://parlamento.gub.uy/documentosyleyes/leyes/ley/19669,https://www.impo.com.uy/bases/leyes/19669-2018,"DOCTOR SAMUEL BERTON. HOSPITAL COLONIA DEL SACRAMENTO (COLONIA). DENOMINACION.",132481,0,0
2018-10-12,19668,https://parlamento.gub.uy/documentosyleyes/leyes/ley/19668,https://www.impo.com.uy/bases/leyes/19668-2018,"ESTATUTO FUNCIONARIOS NO FISCALES FISCALIA GENERAL NACION. APROBACION.",130653,4,0
2018-10-05,19667,https://parlamento.gub.uy/documentosyleyes/leyes/ley/19667,https://www.impo.com.uy/bases/leyes/19667-2018,"VELERO ESCUELA ""CAPITÁN MIRANDA"". XXX VIAJE DE INSTRUCCIÓN. SALIDA DEL PAIS. AUTORIZACIÓN",141260,1,0
2018-10-04,19666,https://parlamento.gub.uy/documentosyleyes/leyes/ley/19666,https://www.impo.com.uy/bases/leyes/19666-2018,"ATENCIÓN DE CALIDAD DE PATOLOGÍAS. EQUIDAD EN EL ACCESO. CENTROS O SERVICIOS REFERENCIA EN SALUD. INTERÉS GENERAL. DECLARACIÓN.",133584,1,0
2018-10-04,19665,https://parlamento.gub.uy/documentosyleyes/leyes/ley/19665,https://www.impo.com.uy/bases/leyes/19665-2018,"FABRICA NACIONAL PAPEL S.A. LIDERLIV S.A. COMITAL URUGUAY S.A. SEGURO DESEMPLEO. PRORROGA.",141170,2,0
2018-10-04,19664,https://parlamento.gub.uy/documentosyleyes/leyes/ley/19664,https://www.impo.com.uy/bases/leyes/19664-2018,"COOPERATIVA TEXTIL PUERTO SAUCE (COLONIA). TRABAJADOR. SEGURO DESEMPLEO. PRORROGA.",141169,2,0
2018-10-01,19663,https://parlamento.gub.uy/documentosyleyes/leyes/ley/19663,https://www.impo.com.uy/bases/leyes/19663-2018,"PACKING. COSECHA. TRABAJADORES CITRICULTURA. SEGURO DESEMPLEO. REGIMEN ESPECIAL",141266,2,0
2018-10-01,19662,https://parlamento.gub.uy/documentosyleyes/leyes/ley/19662,https://www.impo.com.uy/bases/leyes/19662-2018,"EJERCICIO RIO 2018. EJERCICIO TANQUE 2018. FUERZA AEREA URUGUAYA Y ARGENTINA. AUTORIZACION",141067,0,0
2018-09-21,19661,https://parlamento.gub.uy/documentosyleyes/leyes/ley/19661,https://www.impo.com.uy/bases/leyes/19661-2018,"DESALOJOS COLECTIVOS Y PRESCRIPCIONES ADQUISITIVAS QUINQUENALES. REGIMEN. MODIFICACION.",137803,3,0
2018-09-21,19660,https://parlamento.gub.uy/documentosyleyes/leyes/ley/19660,https://www.impo.com.uy/bases/leyes/19660-2018,"URUGUAY - REINOS DE LOS PAISES BAJOS. SERVICIOS AEREOS. ACUERDO",139542,0,0
2018-09-21,19659,https://parlamento.gub.uy/documentosyleyes/leyes/ley/19659,https://www.impo.com.uy/bases/leyes/19659-2018,"BANCO CENTRAL URUGUAY. CARTA ORGANICA. INTERMEDIACION FINANCIERA. CORPORACION PROTECCION AHORRO BANCARIO. MODIFICACION",137182,15,1
2018-09-20,19658,https://parlamento.gub.uy/documentosyleyes/leyes/ley/19658,https://www.impo.com.uy/bases/leyes/19658-2018,"AGUA POTABLE. SUMINISTRO. SERRILHADA LOCALIDAD (BRASIL). AUTORIZACIÓN.",140503,0,0
2018-08-30,19657,https://parlamento.gub.uy/documentosyleyes/leyes/ley/19657,https://www.impo.com.uy/bases/leyes/19657-2018,"JOSE PEDRO VARELA (LAVALLEJA). CENTENARIO FUNDACION. FERIADO NO LABORABLE. DECLARACION.",139501,0,0
2018-08-27,19645,https://parlamento.gub.uy/documentosyleyes/leyes/ley/19645,https://www.impo.com.uy/bases/leyes/19645-2018,"CÓDIGO PENAL. HOMICIDIO. PENAS. MODIFICACIÓN.",131324,0,0
2018-08-20,19656,https://parlamento.gub.uy/documentosyleyes/leyes/ley/19656,https://www.impo.com.uy/bases/leyes/19656-2018,"ALIMENTOS Y BEBIDAS IMPORTADOS. EVALUACION LATU. COSTO.",136022,2,0
2018-08-20,19649,https://parlamento.gub.uy/documentosyleyes/leyes/ley/19649,https://www.impo.com.uy/bases/leyes/19649-2018,"EMPRESA PILI S.A. PRODUCTOR. FONDO DESARROLLO RURAL. MGAP. CREACION.",140839,0,0
2018-08-17,19655,https://parlamento.gub.uy/documentosyleyes/leyes/ley/19655,https://www.impo.com.uy/bases/leyes/19655-2018,"BOLSAS PLASTICAS. IMPACTO AMBIENTAL. PREVENCION Y REDUCCION. INTERES GENERAL. DECLARACION",130902,2,1
2018-08-17,19654,https://parlamento.gub.uy/documentosyleyes/leyes/ley/19654,https://www.impo.com.uy/bases/leyes/19654-2018,"CIUDADANO RESIDENTE EXTERIOR. INSTRUMENTACION VOTO. INTERPRETACION ARTICULOS 77 Y 81 CONSTITUCION REPUBLICA.",136900,1,1
2018-08-17,19653,https://parlamento.gub.uy/documentosyleyes/leyes/ley/19653,https://www.impo.com.uy/bases/leyes/19653-2018,"POLICIA NACIONAL, PREFECTURA NACIONAL NAVAL Y POLICÍA AÉREA NACIONAL. CÓDIGO PROCESO PENAL. MODIFICACION.",139704,9,0
2018-08-17,19652,https://parlamento.gub.uy/documentosyleyes/leyes/ley/19652,https://www.impo.com.uy/bases/leyes/19652-2018,"EJERCICIO ""ATLASUR XI"". BUQUE ROU 04 ""GENERAL ARTIGAS"". SALIDA PAIS. AUTORIZACION.",140182,0,0
2018-08-17,19651,https://parlamento.gub.uy/documentosyleyes/leyes/ley/19651,https://www.impo.com.uy/bases/leyes/19651-2018,"MERCADERIAS EN ABANDONO DIRECCION ADUANAS. PROCEDIMIENTO. CODIGO ADUANERO. MODIFICACION",130221,1,0
2018-08-17,19650,https://parlamento.gub.uy/documentosyleyes/leyes/ley/19650,https://www.impo.com.uy/bases/leyes/19650-2018,"MONUMENTO URUGUAYOS CAIDOS MISIONES PAZ.  CREACION. HOMENAJE.",134628,0,0
2018-08-17,19648,https://parlamento.gub.uy/documentosyleyes/leyes/ley/19648,https://www.impo.com.uy/bases/leyes/19648-2018,"EMPRESA PILI S.A. TRABAJADORES. FONDO ASISTENCIA BPS. CREACION.",140838,0,0
2018-08-10,19647,https://parlamento.gub.uy/documentosyleyes/leyes/ley/19647,https://www.impo.com.uy/bases/leyes/19647-2018,"RODRIGUEZ CORREA, MANUEL. RUTA 43 TRAMO RUTA 5 - ACCESO SAN GREGORIO DE POLANCO (TACUAREMBO). DENOMINACION,",137930,0,0
2018-08-10,19646,https://parlamento.gub.uy/documentosyleyes/leyes/ley/19646,https://www.impo.com.uy/bases/leyes/19646-2018,"REPUBLICA ORIENTAL URUGUAY - REPUBLICA CHILE. LIBRE COMERCIO. ACUERDO. APROBACION.",133407,0,0
2018-07-27,19644,https://parlamento.gub.uy/documentosyleyes/leyes/ley/19644,https://www.impo.com.uy/bases/leyes/19644-2018,"CAPA OZONO. SUSTANCIAS AGOTAN. PROTOCOLO MONTREAL. ENMIENDA KIGALI",138986,0,0
2018-07-20,19643,https://parlamento.gub.uy/documentosyleyes/leyes/ley/19643,https://www.impo.com.uy/bases/leyes/19643-2018,"PERSONAS. TRATA. EXPLOTACIÓN. COMBATE. PREVENCIÓN.",136991,7,0
2018-07-20,19642,https://parlamento.gub.uy/documentosyleyes/leyes/ley/19642,https://www.impo.com.uy/bases/leyes/19642-2018,"MOZOS CORDEL. PARTIDAS OTORGADAS. INCREMENTO.",135387,2,0
2018-07-13,19641,https://parlamento.gub.uy/documentosyleyes/leyes/ley/19641,https://www.impo.com.uy/bases/leyes/19641-2018,"SITIOS MEMORIA HISTORICA DEL PASADO RECIENTE. INTERES GENERAL. DECLARACION.",135482,1,0
2018-07-13,19640,https://parlamento.gub.uy/documentosyleyes/leyes/ley/19640,https://www.impo.com.uy/bases/leyes/19640-2018,"CAMBIO CLIMATICO. PROTOCOLO KYOTO. ENMIENDA. APROBACION",120863,1,0
2018-07-13,19639,https://parlamento.gub.uy/documentosyleyes/leyes/ley/19639,https://www.impo.com.uy/bases/leyes/19639-2018,"GROSSO ACOSTA, Julián Esmir. PENSIÓN GRACIABLE. APROBACIÓN.",136023,0,0
2018-07-13,19638,https://parlamento.gub.uy/documentosyleyes/leyes/ley/19638,https://www.impo.com.uy/bases/leyes/19638-2018,"LARROSA, Leónidas. LICEO VILLA VELAZQUEZ (ROCHA). DENOMINACION.",126567,0,0
2018-07-13,19637,https://parlamento.gub.uy/documentosyleyes/leyes/ley/19637,https://www.impo.com.uy/bases/leyes/19637-2018,"IRAE. DESARROLLO PRODUCTIVO. INVERSIONES. TEXTO ORDENADO 1996. MODIFICACION",139409,2,0
2018-07-13,19636,https://parlamento.gub.uy/documentosyleyes/leyes/ley/19636,https://www.impo.com.uy/bases/leyes/19636-2018,"ARBITRAJE COMERCIAL INTERNACIONAL. APROBACION.",127453,0,0
2018-07-13,19635,https://parlamento.gub.uy/documentosyleyes/leyes/ley/19635,https://www.impo.com.uy/bases/leyes/19635-2018,"INVERSIONES INTRA-MERCOSUR. PROTOCOLO. APROBACION.",138910,0,0
2018-07-02,19634,https://parlamento.gub.uy/documentosyleyes/leyes/ley/19634,https://www.impo.com.uy/bases/leyes/19634-2018,"TRABAJADOR DEPÓSITOS PORTUARIOS O EXTRAPORTUARIOS Y MUELLES O EXPLANADAS. JORNALES MÍNIMOS. FIJACIÓN. ENTRADA EN VIGENCIA. PRÓRROGA.",140161,1,0
2018-07-02,19626,https://parlamento.gub.uy/documentosyleyes/leyes/ley/19626,https://www.impo.com.uy/bases/leyes/19626-2018,"DIA DE LA LAICIDAD -19 MARZO. DECLARACION.",129569,0,0
2018-06-22,19633,https://parlamento.gub.uy/documentosyleyes/leyes/ley/19633,https://www.impo.com.uy/bases/leyes/19633-2018,"""RUTA DEL EXODO-PASO DEL SOLDADO"". PUENTE RIO SANTA LUCIA RUTA NACIONAL 11 (CANELONES). DENOMINACION.",135291,0,0
2018-06-22,19632,https://parlamento.gub.uy/documentosyleyes/leyes/ley/19632,https://www.impo.com.uy/bases/leyes/19632-2018,"BPS. CONTRIBUYENTE. BENEFICIOS. BUEN PAGADOR. REGIMEN FACILIDADES. EXTENSION",139874,1,0
2018-06-22,19631,https://parlamento.gub.uy/documentosyleyes/leyes/ley/19631,https://www.impo.com.uy/bases/leyes/19631-2018,"DEUDAS. CANCELACIÓN COSTOS REDUCCIÓN. CONTRIBUYENTES. SITUACIÓN. MEJORA. MEDIDAS",139407,8,0
2018-06-22,19630,https://parlamento.gub.uy/documentosyleyes/leyes/ley/19630,https://www.impo.com.uy/bases/leyes/19630-2018,"URUGUAY - SUDAFRICA. ASISTENCIA MUTUA ENTRE ADMINISTRACIONES ADUANERAS. ACUERDO. APROBACION.",138113,0,0
2018-06-22,19629,https://parlamento.gub.uy/documentosyleyes/leyes/ley/19629,https://www.impo.com.uy/bases/leyes/19629-2018,"MERCOSUR. LISTA COMPROMISOS ESPECIFICOS. DECISION 21709. CONVENIO. APROBACION.",117138,1,0
2018-06-21,19628,https://parlamento.gub.uy/documentosyleyes/leyes/ley/19628,https://www.impo.com.uy/bases/leyes/19628-2018,"CERTIFICADO DEFUNCION. EXPEDICION. REGIMEN",112582,2,1
2018-06-21,19627,https://parlamento.gub.uy/documentosyleyes/leyes/ley/19627,https://www.impo.com.uy/bases/leyes/19627-2018,"PROHIBICION ARMAS NUCLEARES. TRATADO. APROBACION",138985,0,0
2018-06-11,19625,https://parlamento.gub.uy/documentosyleyes/leyes/ley/19625,https://www.impo.com.uy/bases/leyes/19625-2018,"PODER JUDICIAL. CONVENIOS COLECTIVOS. RECURSOS",139590,3,0
2018-05-25,19624,https://parlamento.gub.uy/documentosyleyes/leyes/ley/19624,https://www.impo.com.uy/bases/leyes/19624-2018,"RED ACUICULTURA DE LAS AMERICAS. ESTABLECIMIENTO. CONVENIO. APROBACION.",125670,0,0
2018-05-17,19623,https://parlamento.gub.uy/documentosyleyes/leyes/ley/19623,https://www.impo.com.uy/bases/leyes/19623-2018,"MONTEVIDEO ""CAPITAL NACIONAL COOPERATIVISMO"". DECLARACION.",138105,0,0
2018-05-17,19622,https://parlamento.gub.uy/documentosyleyes/leyes/ley/19622,https://www.impo.com.uy/bases/leyes/19622-2018,"SALVAMENTO MARITIMO. CONVENIO INTERNACIONAL. APROBACION.",131411,0,0
2018-05-17,19621,https://parlamento.gub.uy/documentosyleyes/leyes/ley/19621,https://www.impo.com.uy/bases/leyes/19621-2018,"DANIEL FERNANDEZ CRESPO.  RUTA TERCIARIA. SAN JOSE (DPTO). RAMAL RUTA 11. DENOMINACION.",137648,0,0
2018-05-17,19620,https://parlamento.gub.uy/documentosyleyes/leyes/ley/19620,https://www.impo.com.uy/bases/leyes/19620-2018,"FONDO ESTABILIZACION ENERGETICA. TRANSFERENCIA EXCEDENTES. AUTORIZACION.",137571,1,0
2018-05-17,19619,https://parlamento.gub.uy/documentosyleyes/leyes/ley/19619,https://www.impo.com.uy/bases/leyes/19619-2018,"DIA ARTISTA CARNAVAL - 11 MARZO. DENOMINACION.",136513,0,0
2018-05-17,19618,https://parlamento.gub.uy/documentosyleyes/leyes/ley/19618,https://www.impo.com.uy/bases/leyes/19618-2018,"MERCOSUR. TURISTAS ESTADOS PARTE Y ASOCIADOS. PLAZO 90 DIAS. CONCESION. CONVENIO. APROBACION.",128049,0,0
2018-05-11,19617,https://parlamento.gub.uy/documentosyleyes/leyes/ley/19617,https://www.impo.com.uy/bases/leyes/19617-2018,"PALESTINA-URUGUAY. COOPERACION TECNICA. CONVENIO. APROBACION.",135358,0,0
2018-04-27,19616,https://parlamento.gub.uy/documentosyleyes/leyes/ley/19616,https://www.impo.com.uy/bases/leyes/19616-2018,"ORGAMBIDE, Raúl Never. ESCUELA RURAL N° 64 PARAJE LA ALEGRIA (DURAZNO). DENOMINACIÓN.",135180,0,0
2018-04-27,19615,https://parlamento.gub.uy/documentosyleyes/leyes/ley/19615,https://www.impo.com.uy/bases/leyes/19615-2018,"CONTRIBUCION INMOBILIARIA RURAL. EJERCICIO 2018 - 2019. ALICUOTA. REDUCCION.",138534,1,1
2018-04-26,19614,https://parlamento.gub.uy/documentosyleyes/leyes/ley/19614,https://www.impo.com.uy/bases/leyes/19614-2018,"COMPAÑIA NACIONAL CEMENTOS S.A. SEGURO DESEMPLEO. EXTENSION",138938,2,0
2018-04-26,19613,https://parlamento.gub.uy/documentosyleyes/leyes/ley/19613,https://www.impo.com.uy/bases/leyes/19613-2018,"COOPERATIVA TRABAJADORES CERAMICOS OLMOS (CTC OLMOS). SEGURO DESEMPLEO. EXTENSION",138936,2,0
2018-04-26,19612,https://parlamento.gub.uy/documentosyleyes/leyes/ley/19612,https://www.impo.com.uy/bases/leyes/19612-2018,"FABRICA NACIONAL PAPEL S.A. LIDERLIV S.A. COMITAL URUGUAY S.A. SEGURO DESEMPLEO. EXTENSION",138934,2,0
2018-04-26,19611,https://parlamento.gub.uy/documentosyleyes/leyes/ley/19611,https://www.impo.com.uy/bases/leyes/19611-2018,"EBIGOLD S.A.  ALENVIDRIO S.A. SEGURO DESEMPLEO. EXTENSION",138935,2,0
2018-04-24,19610,https://parlamento.gub.uy/documentosyleyes/leyes/ley/19610,https://www.impo.com.uy/bases/leyes/19610-2018,"ACUÑACION MONEDAS. BANCO CENTRAL URUGUAY. AUTORIZACION.",138326,0,0
2018-04-24,19609,https://parlamento.gub.uy/documentosyleyes/leyes/ley/19609,https://www.impo.com.uy/bases/leyes/19609-2018,"VERDESIO, Emilio. ESCUELA ESPECIAL 133 ROSARIO (COLONIA). DENOMINACION.",35453,0,0
2018-04-13,19608,https://parlamento.gub.uy/documentosyleyes/leyes/ley/19608,https://www.impo.com.uy/bases/leyes/19608-2018,"UNIDAD PREVISIONAL (UP). CREACIÓN",136446,0,0
2018-04-12,19607,https://parlamento.gub.uy/documentosyleyes/leyes/ley/19607,https://www.impo.com.uy/bases/leyes/19607-2018,"RUSIA-URUGUAY. COOPERACIÓN MATERIA DEFENSA. CONVENIO. APROBACIÓN.",135304,0,0
2018-04-12,19606,https://parlamento.gub.uy/documentosyleyes/leyes/ley/19606,https://www.impo.com.uy/bases/leyes/19606-2018,"SUIZA - URUGUAY. SERVICIOS AEREOS REGULARES. CONVENIO. APROBACION",124808,0,0
2018-04-09,19605,https://parlamento.gub.uy/documentosyleyes/leyes/ley/19605,https://www.impo.com.uy/bases/leyes/19605-2018,"INGENIERO ELADIO DIESTE SAN MARTÍN. CONMEMORACIÓN CENTENARIO NACIMIENTO. INTERÉS NACIONAL. DECLARACIÓN.",137375,0,0
2018-03-21,19604,https://parlamento.gub.uy/documentosyleyes/leyes/ley/19604,https://www.impo.com.uy/bases/leyes/19604-2018,"GASTOS COMUNES EDIFICIOS PROPIEDAD HORIZONTAL. DEUDAS. INTERESES Y PRESCRIPCION. REGIMEN",109947,4,0
2018-03-21,19603,https://parlamento.gub.uy/documentosyleyes/leyes/ley/19603,https://www.impo.com.uy/bases/leyes/19603-2018,"""XXX VIAJE DE INSTRUCCION"". ESCUELA ROU ""CAPITAN MIRANDA"". SALIDA PAIS. AUTORIZACION.",138812,0,1
2018-03-21,19602,https://parlamento.gub.uy/documentosyleyes/leyes/ley/19602,https://www.impo.com.uy/bases/leyes/19602-2018,"IMPUESTO VALOR AGREGADO (IVA). DEVOLUCION. PRODUCTORES GANADEROS (BOVINO, OVINO). APROBACION",138533,1,0
2018-03-16,19601,https://parlamento.gub.uy/documentosyleyes/leyes/ley/19601,https://www.impo.com.uy/bases/leyes/19601-2018,"ENSEÑANZA. ELECCIONES UNIVERSITARIAS. MODIFICACIÓN.",137830,1,0
2018-03-16,19600,https://parlamento.gub.uy/documentosyleyes/leyes/ley/19600,https://www.impo.com.uy/bases/leyes/19600-2018,"BATALLA, Hugo. LICEO 47 MONTEVIDEO (DPTO). DENOMINACION",137143,0,0
2018-03-16,19599,https://parlamento.gub.uy/documentosyleyes/leyes/ley/19599,https://www.impo.com.uy/bases/leyes/19599-2018,"GOMEZ GOTUZZO, Juan de Dios. LICEO 1 (ARTIGAS). DENOMINACION",127918,0,0
2018-03-16,19598,https://parlamento.gub.uy/documentosyleyes/leyes/ley/19598,https://www.impo.com.uy/bases/leyes/19598-2018,"VIVAS BORBONET, MARTA ELENA. JARDIN INFANTES 203 LA PAZ (CANELONES). DENOMINACION",110643,0,0
2018-03-16,19597,https://parlamento.gub.uy/documentosyleyes/leyes/ley/19597,https://www.impo.com.uy/bases/leyes/19597-2018,"ARMADA NACIONAL. BICENTENARIO FUNDACION. ACUÑACION MONEDAS CONMEMORATIVAS. BCU. AUTORIZACION.",137860,0,0
2018-02-16,19596,https://parlamento.gub.uy/documentosyleyes/leyes/ley/19596,https://www.impo.com.uy/bases/leyes/19596-2018,"FONDO GARANTÍA DEUDAS PRODUCTORES LECHEROS. CREACIÓN",137752,0,3
2018-02-16,19595,https://parlamento.gub.uy/documentosyleyes/leyes/ley/19595,https://www.impo.com.uy/bases/leyes/19595-2018,"IVA GASOIL PRODUCTOR RURAL (LECHE, ARROZ, FLORES, FRUTAS Y HORTALIZAS). DEVOLUCION. REGIMEN.",138223,0,1
2018-01-05,19594,https://parlamento.gub.uy/documentosyleyes/leyes/ley/19594,https://www.impo.com.uy/bases/leyes/19594-2018,"SERVICIO POSTAL UNIVERSAL. FINANCIAMIENTO. TASA. MODIFICACION.",136020,3,0
2018-01-05,19593,https://parlamento.gub.uy/documentosyleyes/leyes/ley/19593,https://www.impo.com.uy/bases/leyes/19593-2018,"SERVICIOS FINANCIEROS Y MEDIOS PAGO ELECTRONICO. USO. MODIFICACION.",136196,3,1
2018-01-05,19592,https://parlamento.gub.uy/documentosyleyes/leyes/ley/19592,https://www.impo.com.uy/bases/leyes/19592-2018,"INSUMOS TECNOLOGICOS. IMPORTACION. IMPUESTOS. EXONERACION.",136021,1,0
2018-01-02,19575,https://parlamento.gub.uy/documentosyleyes/leyes/ley/19575,https://www.impo.com.uy/bases/leyes/19575-2018,"TURQUIA-URUGUAY. SERVICIOS AEREOS. ACUERDO. APROBACION.",127448,0,0
2017-12-29,19574,https://parlamento.gub.uy/documentosyleyes/leyes/ley/19574,https://www.impo.com.uy/bases/leyes/19574-2017,"ACTIVOS. LAVADO. LEY INTEGRAL. APROBACIÓN.",132894,22,7
2017-12-28,19591,https://parlamento.gub.uy/documentosyleyes/leyes/ley/19591,https://www.impo.com.uy/bases/leyes/19591-2017,"COOPERATIVAS. FUNCIONAMIENTO. REGIMEN. MODIFICACION.",136030,2,0
2017-12-28,19590,https://parlamento.gub.uy/documentosyleyes/leyes/ley/19590,https://www.impo.com.uy/bases/leyes/19590-2017,"AFAP. REGIMEN JUBILATORIO. DESAFILIACION. HABILITACION. MODIFICACION.",137926,3,0
2017-12-28,19589,https://parlamento.gub.uy/documentosyleyes/leyes/ley/19589,https://www.impo.com.uy/bases/leyes/19589-2017,"FONDO SOLIDARIDAD. REGIMEN APORTACION Y FUNCIONAMIENTO. MODIFICACION.",137152,4,0
2017-12-28,19588,https://parlamento.gub.uy/documentosyleyes/leyes/ley/19588,https://www.impo.com.uy/bases/leyes/19588-2017,"DEMANDA HABITACIONAL. SUBSIDIOS. SISTEMAS. MODIFICACION.",135962,4,0
2017-12-28,19587,https://parlamento.gub.uy/documentosyleyes/leyes/ley/19587,https://www.impo.com.uy/bases/leyes/19587-2017,"CÓDIGO DEL PROCESO PENAL. LEY 19.293. MATERIA INFRACCIONAL ADOLESCENTE. INCORPORACIÓN.",137658,2,0
2017-12-28,19586,https://parlamento.gub.uy/documentosyleyes/leyes/ley/19586,https://www.impo.com.uy/bases/leyes/19586-2017,"URUGUAY - ITALIA. EXTRADICION. CONVENIO. APROBACION",136460,0,0
2017-12-28,19585,https://parlamento.gub.uy/documentosyleyes/leyes/ley/19585,https://www.impo.com.uy/bases/leyes/19585-2017,"FRACTURA HIDRAULICA OBTENCION HIDROCARBUROS NO CONVENCIONALES. MORATORIA",137324,0,0
2017-12-28,19584,https://parlamento.gub.uy/documentosyleyes/leyes/ley/19584,https://www.impo.com.uy/bases/leyes/19584-2017,"CONVENCION INTERAMERICANA CONTRA DISCRIMINACION E INTOLERANCIA. APROBACION.",128053,0,0
2017-12-28,19583,https://parlamento.gub.uy/documentosyleyes/leyes/ley/19583,https://www.impo.com.uy/bases/leyes/19583-2017,"AVIACIÓN CIVIL INTERNACIONAL. CONVENIO (ENMIENDA AL ARTÍCULO 50 Y 56). PROTOCOLOS. APROBACIÓN.",136214,0,0
2017-12-28,19582,https://parlamento.gub.uy/documentosyleyes/leyes/ley/19582,https://www.impo.com.uy/bases/leyes/19582-2017,"CONVENIO INTERNACIONAL DEL TRABAJO 171. RATIFICACION.",136444,0,0
2017-12-24,19559,https://parlamento.gub.uy/documentosyleyes/leyes/ley/19559,https://www.impo.com.uy/bases/leyes/19559-2017,"INDONESIA-URUGUAY. COOPERACION ECONOMICA Y TECNICA. ACUERDO. APROBACION.",134547,0,0
2017-12-22,19581,https://parlamento.gub.uy/documentosyleyes/leyes/ley/19581,https://www.impo.com.uy/bases/leyes/19581-2017,"VIVIENDAS. CONSTRUCCION. MINIMO SUPERFICIE HABITACIONAL. DETERMINACION.",136028,1,0
2017-12-22,19580,https://parlamento.gub.uy/documentosyleyes/leyes/ley/19580,https://www.impo.com.uy/bases/leyes/19580-2017,"VIOLENCIA GENERO. ERRADICACION. POLITICAS.",129185,10,4
2017-12-22,19579,https://parlamento.gub.uy/documentosyleyes/leyes/ley/19579,https://www.impo.com.uy/bases/leyes/19579-2017,"EGIPTO-URUGUAY. COOPERACION ECONOMICA Y TECNICA. ACUERDO. APROBACION.",134799,0,0
2017-12-22,19578,https://parlamento.gub.uy/documentosyleyes/leyes/ley/19578,https://www.impo.com.uy/bases/leyes/19578-2017,"EMPRESAS SERVICIOS EN DEPÓSITOS PORTUARIOS. EXTRAPORTUARIOS Y MUELLES. TRABAJADORES. LEY 19.535 (ART. 116). VIGENCIA. PRORROGA.",137800,3,0
2017-12-22,19577,https://parlamento.gub.uy/documentosyleyes/leyes/ley/19577,https://www.impo.com.uy/bases/leyes/19577-2017,"INMUEBLES RURALES. ENAJENACION. OPCION COMPRA INC. REGIMEN. MODIFICACION.",129428,3,0
2017-12-22,19576,https://parlamento.gub.uy/documentosyleyes/leyes/ley/19576,https://www.impo.com.uy/bases/leyes/19576-2017,"PUERTO JOSE CARBAJAL EL SABALERO. PUERTO SAUCE (COLONIA). DENOMINACION. MODIFICACION.",125291,0,0
2017-12-15,19573,https://parlamento.gub.uy/documentosyleyes/leyes/ley/19573,https://www.impo.com.uy/bases/leyes/19573-2017,"COOPERATIVA AHORRO Y CRÉDITO (COOPACE). ASOCIADOS. RETENCIONES.",131694,3,0
2017-12-15,19572,https://parlamento.gub.uy/documentosyleyes/leyes/ley/19572,https://www.impo.com.uy/bases/leyes/19572-2017,"PLUNA ENTE AUTONOMO. SUPRESION. APROBACION.",136388,3,0
2017-12-15,19571,https://parlamento.gub.uy/documentosyleyes/leyes/ley/19571,https://www.impo.com.uy/bases/leyes/19571-2017,"DIA DE LA PRIMERA BANDERA DE JOSE ARTIGAS. DECLARACION.",133875,0,0
2017-12-15,19570,https://parlamento.gub.uy/documentosyleyes/leyes/ley/19570,https://www.impo.com.uy/bases/leyes/19570-2017,"CANDOMBE. DECLARACION UNESCO PATRIMONIO CULTURAL HUMANIDAD. MONEDA CONMEMORATIVA. ACUÑACION. BCU. AUTORIZACION.",136773,0,0
2017-12-15,19569,https://parlamento.gub.uy/documentosyleyes/leyes/ley/19569,https://www.impo.com.uy/bases/leyes/19569-2017,"GUERRA MATTOS, EVARISTO. RUTA 81. TRAMO ENTRE RUTA 7 Y RUTA 80 (CANELONES). DENOMINACION.",135165,0,0
2017-12-15,19568,https://parlamento.gub.uy/documentosyleyes/leyes/ley/19568,https://www.impo.com.uy/bases/leyes/19568-2017,"ESTADOS UNIDOS-URUGUAY. SEGURIDAD SOCIAL. CONVENIO. APROBACION.",134548,0,0
2017-12-15,19567,https://parlamento.gub.uy/documentosyleyes/leyes/ley/19567,https://www.impo.com.uy/bases/leyes/19567-2017,"BANCHERO NOAIN, Miguel. LICEO N° 2 CARMELO (COLONIA). DENOMINACIÓN.",135432,0,0
2017-12-08,19566,https://parlamento.gub.uy/documentosyleyes/leyes/ley/19566,https://www.impo.com.uy/bases/leyes/19566-2017,"ZONAS FRANCAS. REGIMEN. MODIFICACION.",125035,8,0
2017-12-08,19565,https://parlamento.gub.uy/documentosyleyes/leyes/ley/19565,https://www.impo.com.uy/bases/leyes/19565-2017,"DIESTE, Eladio. PERIMETRAL RUTA 30 TRAMO ARTIGAS -RUTA 5 (ARTIGAS). DENOMINACION.",135386,0,0
2017-12-01,19564,https://parlamento.gub.uy/documentosyleyes/leyes/ley/19564,https://www.impo.com.uy/bases/leyes/19564-2017,"UCRANIA-URUGUAY. RELACIONES AMISTAD Y COOPERACIÓN. CONVENIO. APROBACIÓN. REITERACIÓN",133208,0,0
2017-12-01,19563,https://parlamento.gub.uy/documentosyleyes/leyes/ley/19563,https://www.impo.com.uy/bases/leyes/19563-2017,"TERRA, Juan Pablo. DIRECCION NACIONAL VIVIENDA. EDIFICIO SEDE. DENOMINACION.",131556,0,0
2017-12-01,19562,https://parlamento.gub.uy/documentosyleyes/leyes/ley/19562,https://www.impo.com.uy/bases/leyes/19562-2017,"NUÑEZ, Lucio Gabino. LICEO SAN GREGORIO POLANCO (TACUAREMBO). DENOMINACION",119449,0,0
2017-12-01,19561,https://parlamento.gub.uy/documentosyleyes/leyes/ley/19561,https://www.impo.com.uy/bases/leyes/19561-2017,"URUGUAY - REINO DE ESPAÑA. COOPERACIÓN EN MATERIA DE DEFENSA. ACUERDO. APROBACIÓN.",131228,0,0
2017-11-24,19560,https://parlamento.gub.uy/documentosyleyes/leyes/ley/19560,https://www.impo.com.uy/bases/leyes/19560-2017,"OPERACIÓN ESNAL II. ESCUELA NAVAL. BUQUE ROU 01 ""URUGUAY"". SALIDA DEL PAÍS. AUTORIZACIÓN.",137208,0,0
2017-11-23,19558,https://parlamento.gub.uy/documentosyleyes/leyes/ley/19558,https://www.impo.com.uy/bases/leyes/19558-2017,"REPUBLICA ORIENTAL URUGUAY - REPUBLICA POPULAR CHINA. COOPERACION. CONVENIO.-",133408,0,0
2017-11-17,19557,https://parlamento.gub.uy/documentosyleyes/leyes/ley/19557,https://www.impo.com.uy/bases/leyes/19557-2017,"EJERCICIO RIO 2017. EJERCICIO MILITARES COMBINADOS. FUERZA AEREA URUGUAYA. AUTORIZACION",136789,0,0
2017-11-17,19556,https://parlamento.gub.uy/documentosyleyes/leyes/ley/19556,https://www.impo.com.uy/bases/leyes/19556-2017,"""OPERACIÓN ANTARKOS XXXIV"". CAMPAÑA ANTÁRTICA. SALIDA PAÌS. AUTORIZACIÓN",137213,0,0
2017-11-09,19555,https://parlamento.gub.uy/documentosyleyes/leyes/ley/19555,https://www.impo.com.uy/bases/leyes/19555-2017,"PARTIDOS POLITICOS. CARGOS. PARTICIPACION PARITARIA AMBOS SEXOS. REGIMEN. MODIFICACION.",130145,1,0
2017-11-08,19554,https://parlamento.gub.uy/documentosyleyes/leyes/ley/19554,https://www.impo.com.uy/bases/leyes/19554-2017,"""MAESTRO OLEGARIO VILLALBA"". ESCUELA N° 97. VILLA SERRANA (LAVALLEJA). DENOMINACIÓN.",133241,0,0
2017-11-01,19549,https://parlamento.gub.uy/documentosyleyes/leyes/ley/19549,https://www.impo.com.uy/bases/leyes/19549-2017,"CÓDIGO PROCESO PENAL. MODIFICACIÓN.",135674,7,2
2017-10-27,19553,https://parlamento.gub.uy/documentosyleyes/leyes/ley/19553,https://www.impo.com.uy/bases/leyes/19553-2017,"RIEGO DESTINO AGRARIO. REGULACION. MODIFICACION",129008,8,0
2017-10-27,19552,https://parlamento.gub.uy/documentosyleyes/leyes/ley/19552,https://www.impo.com.uy/bases/leyes/19552-2017,"INMUEBLES PADRONES 18.891, 17.854, 10.329,10.331, 12.872 Y 30.045 (SALTO). AFECTACION INTENDENCIA SALTO. MINISTERIO TRANSPORTE Y OBRAS PUBLICAS. DESAFECTACION.",135289,0,0
2017-10-25,19551,https://parlamento.gub.uy/documentosyleyes/leyes/ley/19551,https://www.impo.com.uy/bases/leyes/19551-2017,"CÓDIGO NIÑEZ Y ADOLESCENCIA. LEY 17.823. MODIFICACIÓN",135085,2,0
2017-10-25,19550,https://parlamento.gub.uy/documentosyleyes/leyes/ley/19550,https://www.impo.com.uy/bases/leyes/19550-2017,"LESA HUMANIDAD. CRÍMENES. FISCALIA ESPECIALIZADA. TRANSFORMACIÓN.",133437,1,1
2017-10-20,19548,https://parlamento.gub.uy/documentosyleyes/leyes/ley/19548,https://www.impo.com.uy/bases/leyes/19548-2017,"CHILE - URUGUAY. IMPUESTO RENTA Y PATRIMONIO. DOBLE IMPOSICION . ELIMINACION. CONVENIO. APROBACION.",131087,0,0
2017-10-20,19547,https://parlamento.gub.uy/documentosyleyes/leyes/ley/19547,https://www.impo.com.uy/bases/leyes/19547-2017,"SOLARI, Pedro Benito. ESCUELA 105 (SALTO). DENOMINACION.",121808,0,0
2017-10-20,19546,https://parlamento.gub.uy/documentosyleyes/leyes/ley/19546,https://www.impo.com.uy/bases/leyes/19546-2017,"CINCUNEGUI DE BIASSINI, Rita. ESCUELA RURAL 33 (SALTO). DENOMINACION.",125650,0,0
2017-10-20,19545,https://parlamento.gub.uy/documentosyleyes/leyes/ley/19545,https://www.impo.com.uy/bases/leyes/19545-2017,"COOPERATIVAS. REFORMA ESTATUTOS. INSCRIPCION. EXIGENCIA CERTIFICADOS. REGIMEN.",135388,2,0
2017-10-20,19544,https://parlamento.gub.uy/documentosyleyes/leyes/ley/19544,https://www.impo.com.uy/bases/leyes/19544-2017,"CODIGO DEL PROCESO PENAL. NORMATIVA. MODIFICACION.",134536,7,0
2017-10-20,19543,https://parlamento.gub.uy/documentosyleyes/leyes/ley/19543,https://www.impo.com.uy/bases/leyes/19543-2017,"18 DE MAYO (CANELONES). CIUDAD. DECLARATORIA.",132181,0,0
2017-10-20,19542,https://parlamento.gub.uy/documentosyleyes/leyes/ley/19542,https://www.impo.com.uy/bases/leyes/19542-2017,"MARTINEZ DE PATETTA, Ofelia. ESCUELA 154 COSTA AZUL (CANELONES). DENOMINACION.",127423,0,0
2017-10-20,19541,https://parlamento.gub.uy/documentosyleyes/leyes/ley/19541,https://www.impo.com.uy/bases/leyes/19541-2017,"LAUSAROT GUIGOU, Libertad Grizelda. LICEO Nº 1 CIUDAD DEL PLATA (SAN JOSE). DENOMINACION.",134850,0,0
2017-10-20,19540,https://parlamento.gub.uy/documentosyleyes/leyes/ley/19540,https://www.impo.com.uy/bases/leyes/19540-2017,"ACEITE OLIVA Y ACEITUNAS MESA. CONVENIO INTERNACIONAL. APROBACION",133539,0,0
2017-10-13,19539,https://parlamento.gub.uy/documentosyleyes/leyes/ley/19539,https://www.impo.com.uy/bases/leyes/19539-2017,"AGUIAR FERNANDEZ, Bartolo Alejandro. GRADO MAYOR (R). OTORGAMIENTO.",128070,0,0
2017-10-09,19538,https://parlamento.gub.uy/documentosyleyes/leyes/ley/19538,https://www.impo.com.uy/bases/leyes/19538-2017,"FEMICIDIO. VIOLENCIA DOMESTICA. DISCRIMINACION. AGRAVANTES. CODIGO PENAL. MODIFICACION",128006,0,0
2017-10-09,19537,https://parlamento.gub.uy/documentosyleyes/leyes/ley/19537,https://www.impo.com.uy/bases/leyes/19537-2017,"FINLANDIA-URUGUAY. ASISTENCIA MUTUA Y COOPERACION MATERIA ADUANERA. CONVENIO. APROBACION.",135303,0,0
2017-09-27,19536,https://parlamento.gub.uy/documentosyleyes/leyes/ley/19536,https://www.impo.com.uy/bases/leyes/19536-2017,"SALARIOS Y PASIVIDADES. MINIMO INTANGIBLE. CRONOGRAMA AUMENTO. MODIFICACION.",135260,2,0
2017-09-25,19535,https://parlamento.gub.uy/documentosyleyes/leyes/ley/19535,https://www.impo.com.uy/bases/leyes/19535-2017,"RENDICION CUENTAS 2016. APROBACION",135375,0,9
2017-09-24,19534,https://parlamento.gub.uy/documentosyleyes/leyes/ley/19534,https://www.impo.com.uy/bases/leyes/19534-2017,"ESPECTACULOS PUBLICOS. DERECHO ADMISION Y PERMANENCIA. REGIMEN.",133023,4,1
2017-09-15,19533,https://parlamento.gub.uy/documentosyleyes/leyes/ley/19533,https://www.impo.com.uy/bases/leyes/19533-2017,"PARAGUAY - URUGUAY. TRANSPORTE AEREO COMERCIAL. CONVENIO. APROBACION",128343,0,0
2017-09-15,19532,https://parlamento.gub.uy/documentosyleyes/leyes/ley/19532,https://www.impo.com.uy/bases/leyes/19532-2017,"COMISION LATINOAMERICANA AVIACION CIVIL. ACUERDO MULTILATERAL CIELOS ABIERTOS. APROBACION",128051,0,0
2017-08-24,19531,https://parlamento.gub.uy/documentosyleyes/leyes/ley/19531,https://www.impo.com.uy/bases/leyes/19531-2017,"EL SALVADOR - URUGUAY. ASOCIACION ASUNTOS POLITICOS, COOPERACION Y TURISMO. CONVENIO. APROBACION",128019,0,0
2017-08-24,19530,https://parlamento.gub.uy/documentosyleyes/leyes/ley/19530,https://www.impo.com.uy/bases/leyes/19530-2017,"SALAS LACTANCIA MATERNA. INSTALACION. REGIMEN",124117,0,0
2017-08-24,19529,https://parlamento.gub.uy/documentosyleyes/leyes/ley/19529,https://www.impo.com.uy/bases/leyes/19529-2017,"SALUD MENTAL. PROTECCION. REGIMEN",127880,8,2
2017-08-24,19528,https://parlamento.gub.uy/documentosyleyes/leyes/ley/19528,https://www.impo.com.uy/bases/leyes/19528-2017,"CABO SANTA MARIA. LICEO LA PALOMA (ROCHA). DENOMINACION",126951,0,0
2017-08-24,19527,https://parlamento.gub.uy/documentosyleyes/leyes/ley/19527,https://www.impo.com.uy/bases/leyes/19527-2017,"SUDAFRICA - URUGUAY. INFORMACION TRIBUTARIA. INTERCAMBIO. CONVENIO. APROBACION",128658,0,0
2017-08-24,19526,https://parlamento.gub.uy/documentosyleyes/leyes/ley/19526,https://www.impo.com.uy/bases/leyes/19526-2017,"ESTADOS DE GUERNSEY-URUGUAY. INFORMACION MATERIA TRIBUTARIA. CONVENIO. APROBACION",129904,0,0
2017-08-18,19525,https://parlamento.gub.uy/documentosyleyes/leyes/ley/19525,https://www.impo.com.uy/bases/leyes/19525-2017,"ORDENAMIENTO TERRITORIAL Y DESARROLLO SOSTENIBLE. DIRECTRICES NACIONALES. APROBACION",116787,5,0
2017-08-18,19524,https://parlamento.gub.uy/documentosyleyes/leyes/ley/19524,https://www.impo.com.uy/bases/leyes/19524-2017,"MEXICO - URUGUAY. TRANSPORTE AEREO. CONVENIO. APROBACION",127345,0,0
2017-08-18,19523,https://parlamento.gub.uy/documentosyleyes/leyes/ley/19523,https://www.impo.com.uy/bases/leyes/19523-2017,"REPÚBLICA ORIENTAL URUGUAY - REPÚBLICA COREA. ASUNTOS ADUANEROS. ASISTENCIA MUTUA. COOPERACIÓN . ACUERDO. APROBACIÓN.",133587,0,0
2017-08-18,19522,https://parlamento.gub.uy/documentosyleyes/leyes/ley/19522,https://www.impo.com.uy/bases/leyes/19522-2017,"URUGUAY-REPÚBLICA ÁRABE DE EGIPTO.COOPERACIÓN Y ASISTENCIA MUTUA. ASUNTOS ADUANEROS. CONVENIO. APROBACIÓN",133586,0,0
2017-08-18,19521,https://parlamento.gub.uy/documentosyleyes/leyes/ley/19521,https://www.impo.com.uy/bases/leyes/19521-2017,"CHINA - URUGUAY. COOPERACIÓN Y ASISTENCIA ADMINISTRATIVA MUTUA EN MATERIA ADUANERA. ACUERDO. APROBACIÓN.",133534,0,0
2017-08-18,19520,https://parlamento.gub.uy/documentosyleyes/leyes/ley/19520,https://www.impo.com.uy/bases/leyes/19520-2017,"REPÚBLICA ORIENTAL URUGUAY - REPÚBLICA ESTADO ISRAEL. CUESTIONES ADUANERAS. ASISTENCIA MUTUA. ACUERDO. APROBACIÓN.",133588,0,0
2017-08-17,19519,https://parlamento.gub.uy/documentosyleyes/leyes/ley/19519,https://www.impo.com.uy/bases/leyes/19519-2017,"EJERCICIO ""COOPERACION V"". EFECTIVOS FUERZA AEREA URUGUAYA. SALIDA PAIS. AUTORIZACION.",135563,0,0
2017-08-17,19518,https://parlamento.gub.uy/documentosyleyes/leyes/ley/19518,https://www.impo.com.uy/bases/leyes/19518-2017,"EJERCICIO ""ACRUX VIII"". ARMADA NACIONAL. SALIDA DEL PAIS. AUTORIZACION",135604,0,0
2017-07-21,19517,https://parlamento.gub.uy/documentosyleyes/leyes/ley/19517,https://www.impo.com.uy/bases/leyes/19517-2017,"CONVENCION INTERAMERICANA CONTRA RACISMO, DISCRIMINACION E INTOLERANCIA. APROBACION",128048,0,0
2017-07-21,19516,https://parlamento.gub.uy/documentosyleyes/leyes/ley/19516,https://www.impo.com.uy/bases/leyes/19516-2017,"TAPIE PIÑEYRO, Juan Pedro. TRAMO RUTA 63. DENOMINACION",129433,0,0
2017-07-21,19515,https://parlamento.gub.uy/documentosyleyes/leyes/ley/19515,https://www.impo.com.uy/bases/leyes/19515-2017,"AÑO VALORACION REFORMA VARELIANA Y PROYECCION EDUCACION PUBLICA URUGUAY - 2017. DECLARATORIA.",133362,0,0
2017-07-19,19514,https://parlamento.gub.uy/documentosyleyes/leyes/ley/19514,https://www.impo.com.uy/bases/leyes/19514-2017,"SAN VICENTE Y LAS GRANADINAS - URUGUAY. ACUERDO MARCO COOPERACION. APROBACION",128938,0,0
2017-07-14,19513,https://parlamento.gub.uy/documentosyleyes/leyes/ley/19513,https://www.impo.com.uy/bases/leyes/19513-2017,"COMISION LUCHA CONTRA NARCOTRAFICO Y CRIMEN ORGANIZADO TRANSFRONTERIZO. CREACION",130685,4,0
2017-07-14,19512,https://parlamento.gub.uy/documentosyleyes/leyes/ley/19512,https://www.impo.com.uy/bases/leyes/19512-2017,"FUERZAS COMANDO 2017. EFECTIVOS EJERCITO NACIONAL. SALIDA PAIS. AUTORIZACION.",135177,0,0
2017-07-14,19511,https://parlamento.gub.uy/documentosyleyes/leyes/ley/19511,https://www.impo.com.uy/bases/leyes/19511-2017,"CÓDIGO PROCESO PENAL. LEY 19.293. MODIFICACIÓN.",135084,4,1
2017-07-14,19510,https://parlamento.gub.uy/documentosyleyes/leyes/ley/19510,https://www.impo.com.uy/bases/leyes/19510-2017,"CODIGO PROCESO PENAL. ENTRADA EN VIGENCIA. MODIFICACION.",135458,2,0
2017-07-13,19509,https://parlamento.gub.uy/documentosyleyes/leyes/ley/19509,https://www.impo.com.uy/bases/leyes/19509-2017,"DIA DEL FUTURO - ULTIMO LUNES SETIEMBRE. DECLARACION",127270,0,0
2017-07-13,19508,https://parlamento.gub.uy/documentosyleyes/leyes/ley/19508,https://www.impo.com.uy/bases/leyes/19508-2017,"MUNIZ TABORDA, Elvira. ESCUELA 76 TOTORAL DEL SAUCE (CANELONES). DENOMINACION.",131510,0,0
2017-07-06,19507,https://parlamento.gub.uy/documentosyleyes/leyes/ley/19507,https://www.impo.com.uy/bases/leyes/19507-2017,"PERSONAS PRIVADAS DE LIBERTAD. UNIDADES INTERNACION. GUARDIA PERIMETRAL TRANSITORIA. PRORROGA",135288,0,0
2017-06-30,19506,https://parlamento.gub.uy/documentosyleyes/leyes/ley/19506,https://www.impo.com.uy/bases/leyes/19506-2017,"INCLUSION FINANCIERA. PAGO ELECTRONICO. OBLIGATORIEDAD. PLAZO. PRORROGA.",135396,2,0
2017-06-23,19505,https://parlamento.gub.uy/documentosyleyes/leyes/ley/19505,https://www.impo.com.uy/bases/leyes/19505-2017,"ASERBAIYAN - URUGUAY. CULTURA. COOPERACION. CONVENIO. APROBACION",128018,0,0
2017-06-23,19504,https://parlamento.gub.uy/documentosyleyes/leyes/ley/19504,https://www.impo.com.uy/bases/leyes/19504-2017,"INMUEBLE MTOP LA BOYADA (SAN JOSE). TRANSFERENCIA OSE. AUTORIZACION",128017,0,0
2017-06-22,19503,https://parlamento.gub.uy/documentosyleyes/leyes/ley/19503,https://www.impo.com.uy/bases/leyes/19503-2017,"ITALIA - URUGUAY. COOPERACION DEFENSA. CONVENIO. APROBACION",133975,0,0
2017-06-16,19502,https://parlamento.gub.uy/documentosyleyes/leyes/ley/19502,https://www.impo.com.uy/bases/leyes/19502-2017,"MERCOSUR - TUNEZ. COMERCIO Y COOPERACION ECONOMICA. ACUERDO MARCO. APROBACION",125876,0,0
2017-06-16,19501,https://parlamento.gub.uy/documentosyleyes/leyes/ley/19501,https://www.impo.com.uy/bases/leyes/19501-2017,"MERCOSUR - BOLIVIA. FORMACION POSTGRADO RECURSOS HUMANOS. PROTOCOLO INTEGRACION EDUCATIVA. APROBACION.",113440,0,0
2017-06-16,19500,https://parlamento.gub.uy/documentosyleyes/leyes/ley/19500,https://www.impo.com.uy/bases/leyes/19500-2017,"COLOMBIA - URUGUAY. BIENES CULTURALES. PROTECCION Y RESTITUCION. NOTAS REVERSALES. APROBACION",126055,0,0
2017-06-16,19499,https://parlamento.gub.uy/documentosyleyes/leyes/ley/19499,https://www.impo.com.uy/bases/leyes/19499-2017,"COLOMBIA - URUGUAY. PROTECCION Y RESTITUCION BIENES CULTURALES. CONVENIO. APROBACION",128082,0,0
2017-06-16,19498,https://parlamento.gub.uy/documentosyleyes/leyes/ley/19498,https://www.impo.com.uy/bases/leyes/19498-2017,"MOSKOVICS, ANDRÉS. PENSIÓN GRACIABLE. OTORGAMIENTO.",133597,0,0
2017-06-16,19497,https://parlamento.gub.uy/documentosyleyes/leyes/ley/19497,https://www.impo.com.uy/bases/leyes/19497-2017,"DÍA DEL ESCRITOR - 14 DE SETIEMBRE. DECLARACIÓN",101689,0,0
2017-06-16,19496,https://parlamento.gub.uy/documentosyleyes/leyes/ley/19496,https://www.impo.com.uy/bases/leyes/19496-2017,"TANGO LA CUMPARSITA. CENTENARIO CREACION. MONEDA CONMEMORATIVA. ACUÑACION BCU. AUTORIZACION.",134631,0,0
2017-06-16,19495,https://parlamento.gub.uy/documentosyleyes/leyes/ley/19495,https://www.impo.com.uy/bases/leyes/19495-2017,"CONGRESO UNIFICACIÓN SINDICAL. 50 ANIVERSARIO. MONEDAS CONMEMORATIVAS. ACUÑACIÓN. BCU. AUTORIZACION.",133916,0,0
2017-06-16,19494,https://parlamento.gub.uy/documentosyleyes/leyes/ley/19494,https://www.impo.com.uy/bases/leyes/19494-2017,"CAMARA COMERCIO Y SERVICIOS (NACIONAL). 150 ANIVERSARIO. MONEDAS CONMEMORATIVAS. ACUÑACION. BCU. AUTORIZACION.",134203,0,0
2017-06-16,19493,https://parlamento.gub.uy/documentosyleyes/leyes/ley/19493,https://www.impo.com.uy/bases/leyes/19493-2017,"MERCOSUR - BOLIVIA - INTEGRACIÓN EDUCATIVA. PROTOCOLO. APROBACIÓN",113441,0,0
2017-05-26,19492,https://parlamento.gub.uy/documentosyleyes/leyes/ley/19492,https://www.impo.com.uy/bases/leyes/19492-2017,"FALCO, Líber. LICEO 26 (MONTEVIDEO). DENOMINACION",128231,1,0
2017-05-19,19491,https://parlamento.gub.uy/documentosyleyes/leyes/ley/19491,https://www.impo.com.uy/bases/leyes/19491-2017,"TRATADO ANTARTICO PROTECCION MEDIO AMBIENTE. PROTOCOLO. ANEXO VI. APROBACION.",130284,0,0
2017-05-12,19490,https://parlamento.gub.uy/documentosyleyes/leyes/ley/19490,https://www.impo.com.uy/bases/leyes/19490-2017,"SEREGNI, Liber (General). CIUDAD. DECLARATORIA",132544,0,0
2017-05-12,19489,https://parlamento.gub.uy/documentosyleyes/leyes/ley/19489,https://www.impo.com.uy/bases/leyes/19489-2017,"SOLAR DEL CHARRUA. ESCUELA 49 COLINIA DEL SACRAMENTO (COLONIA). DENOMINACION",107127,0,0
2017-05-12,19488,https://parlamento.gub.uy/documentosyleyes/leyes/ley/19488,https://www.impo.com.uy/bases/leyes/19488-2017,"LEY ORGANICA EJERCITO NACIONAL. JEFE BATALLON INFANTERIA PARACAIDISTA. MODIFICACION",132811,1,0
2017-04-07,19487,https://parlamento.gub.uy/documentosyleyes/leyes/ley/19487,https://www.impo.com.uy/bases/leyes/19487-2017,"ROSLIK BICHKOV, Vladimir. POLICLINICA ASSE SAN JAVIER (RIO NEGRO). DENOMINACION",127470,0,0
2017-04-07,19486,https://parlamento.gub.uy/documentosyleyes/leyes/ley/19486,https://www.impo.com.uy/bases/leyes/19486-2017,"RODO, José Enrique. CENTENARIO FALLECIMIENTO. MONEDAS CONMEMORATIVAS. ACUÑACION BANCO CENTRAL. AUTORIZACION.",133650,0,0
2017-03-15,19485,https://parlamento.gub.uy/documentosyleyes/leyes/ley/19485,https://www.impo.com.uy/bases/leyes/19485-2017,"PODER JUDICIAL. FISCALIA GENERAL NACION. TCA. AJUSTE SALARIAL. DIFERENDO",133560,2,1
2017-01-05,19484,https://parlamento.gub.uy/documentosyleyes/leyes/ley/19484,https://www.impo.com.uy/bases/leyes/19484-2017,"TRANSPARENCIA FISCAL. LAVADO ACTIVOS. PREVENCION. NORMAS.",130782,16,4
2017-01-05,19483,https://parlamento.gub.uy/documentosyleyes/leyes/ley/19483,https://www.impo.com.uy/bases/leyes/19483-2017,"FISCALIA GENERAL NACION. ORGANIZACION Y FUNCIONAMIENTO. REGULACION.",129677,7,5
2017-01-05,19482,https://parlamento.gub.uy/documentosyleyes/leyes/ley/19482,https://www.impo.com.uy/bases/leyes/19482-2017,"HAITI. MISION PAZ ONU (MINUSTAH). CONTINGENTE MILITAR. PERMANENCIA. PRORROGA.",132809,1,0
2017-01-05,19481,https://parlamento.gub.uy/documentosyleyes/leyes/ley/19481,https://www.impo.com.uy/bases/leyes/19481-2017,"UNION POSTAL AMERICAS, ESPAÑA Y PORTUGAL (UPAEP). ACTAS CONGRESO XXII. APROBACION.",125644,0,0
2017-01-05,19480,https://parlamento.gub.uy/documentosyleyes/leyes/ley/19480,https://www.impo.com.uy/bases/leyes/19480-2017,"PENSIONES ALIMENTICIAS. REGISTRO BPS PERSONAS OBLIGADAS. CREACION.",131033,0,1
2017-01-05,19479,https://parlamento.gub.uy/documentosyleyes/leyes/ley/19479,https://www.impo.com.uy/bases/leyes/19479-2017,"INSTRUMENTOS FINANCIEROS DERIVADOS. IMPUESTOS. APLICACION. REGIMEN.",132186,1,0
2017-01-05,19478,https://parlamento.gub.uy/documentosyleyes/leyes/ley/19478,https://www.impo.com.uy/bases/leyes/19478-2017,"INCLUSION FINANCIERA. DINERO ELECTRONICO. MODIFICACIONES",132489,6,4
2017-01-04,19477,https://parlamento.gub.uy/documentosyleyes/leyes/ley/19477,https://www.impo.com.uy/bases/leyes/19477-2017,"ROSA, Ricardo. TRAMO RUTA 67 (CANELONES). DENOMINACION.",132117,0,0
2017-01-04,19476,https://parlamento.gub.uy/documentosyleyes/leyes/ley/19476,https://www.impo.com.uy/bases/leyes/19476-2017,"TOSCANINI, Juan. TRAMO RUTA 69 (CANELONES). DENOMINACION.",132114,0,0
2017-01-03,19475,https://parlamento.gub.uy/documentosyleyes/leyes/ley/19475,https://www.impo.com.uy/bases/leyes/19475-2017,"INCLUSION FINANCIERA. MEDIOS DE PAGO COMPRAS MONTOS ELEVADOS. VIGENCIA. PRORROGA.",133359,1,0
2016-12-30,19474,https://parlamento.gub.uy/documentosyleyes/leyes/ley/19474,https://www.impo.com.uy/bases/leyes/19474-2016,"POLICIA AEREA NACIONAL. CODIGO PROCEDIMIENTO PENAL. INCLUSION.",127557,1,2
2016-12-23,19473,https://parlamento.gub.uy/documentosyleyes/leyes/ley/19473,https://www.impo.com.uy/bases/leyes/19473-2016,"BOLIVIA- MERCOSUR. PROTOCOLO ADHESION. APROBACION.",130664,0,0
2016-12-23,19472,https://parlamento.gub.uy/documentosyleyes/leyes/ley/19472,https://www.impo.com.uy/bases/leyes/19472-2016,"SISTEMA NACIONAL DE COMPETITIVIDAD. CREACION.",123575,8,2
2016-12-23,19471,https://parlamento.gub.uy/documentosyleyes/leyes/ley/19471,https://www.impo.com.uy/bases/leyes/19471-2016,"ETIOPIA-URUGUAY. COOPERACION. ACUERDO MARCO. APROBACION.",126541,0,0
2016-12-23,19470,https://parlamento.gub.uy/documentosyleyes/leyes/ley/19470,https://www.impo.com.uy/bases/leyes/19470-2016,"JAPON-URUGUAY. LIBERACION, PROMOCION Y PROTECCION INVERSIONES. CONVENIO. APROBACION.",127059,0,0
2016-12-23,19469,https://parlamento.gub.uy/documentosyleyes/leyes/ley/19469,https://www.impo.com.uy/bases/leyes/19469-2016,"MERCOSUR - SURINAME. ACUERDO MARCO. APROBACION",130646,0,0
2016-12-23,19468,https://parlamento.gub.uy/documentosyleyes/leyes/ley/19468,https://www.impo.com.uy/bases/leyes/19468-2016,"NOTAROBERTO de FLORES, Gladys. JARDIN INFANTES 246 (MONTEVIDEO). DENOMINACION",32153,0,0
2016-12-23,19467,https://parlamento.gub.uy/documentosyleyes/leyes/ley/19467,https://www.impo.com.uy/bases/leyes/19467-2016,"HUGO ROHRER, David Manuel. ESCUELA TECNICA ECILDA PAULLIER (SAN JOSE). DENOMINACION",130226,0,0
2016-12-23,19466,https://parlamento.gub.uy/documentosyleyes/leyes/ley/19466,https://www.impo.com.uy/bases/leyes/19466-2016,"ANGOLA - URUGUAY. COOPERACION ARTE Y CULTURA. CONVENIO. APROBACION",124677,0,0
2016-12-23,19465,https://parlamento.gub.uy/documentosyleyes/leyes/ley/19465,https://www.impo.com.uy/bases/leyes/19465-2016,"CANTONI, Angel. ESCUELA RURAL PARAJE PAMER (SORIANO). DENOMINACION",130249,0,0
2016-12-23,19464,https://parlamento.gub.uy/documentosyleyes/leyes/ley/19464,https://www.impo.com.uy/bases/leyes/19464-2016,"AÑO CENTENARIO DE LA CUMPARSITA - 2017. DECLARACION",129233,0,0
2016-12-23,19463,https://parlamento.gub.uy/documentosyleyes/leyes/ley/19463,https://www.impo.com.uy/bases/leyes/19463-2016,"D'ELIA, José. ESCUELA TALLER DISCAPACITADO INTELECTUAL 380 (MONTEVIDEO). DENOMINACION",125396,0,0
2016-12-23,19462,https://parlamento.gub.uy/documentosyleyes/leyes/ley/19462,https://www.impo.com.uy/bases/leyes/19462-2016,"AGENCIA NACIONAL VIVIENDA. ESTATUTO FUNCIONARIO. APROBACION",130625,4,1
2016-12-16,19461,https://parlamento.gub.uy/documentosyleyes/leyes/ley/19461,https://www.impo.com.uy/bases/leyes/19461-2016,"RIO NEGRO (DPTO). CAPITAL NACIONAL COOPERATIVISMO 2016. DECLARACION.",129680,0,0
2016-12-16,19460,https://parlamento.gub.uy/documentosyleyes/leyes/ley/19460,https://www.impo.com.uy/bases/leyes/19460-2016,"UNION POSTAL UNIVERSAL (UPU). CONGRESO (25). DECISIONES, CONVENIOS Y ACTAS. APR0BACION",125436,0,0
2016-12-14,19459,https://parlamento.gub.uy/documentosyleyes/leyes/ley/19459,https://www.impo.com.uy/bases/leyes/19459-2016,"DAMNIFICADOS TORNADO DOLORES (SORIANO). TRIBUTOS. EXONERACION",131401,6,0
2016-12-14,19458,https://parlamento.gub.uy/documentosyleyes/leyes/ley/19458,https://www.impo.com.uy/bases/leyes/19458-2016,"GULARTE, Martha. ESCUELA RURAL 22 (TACUAREMBO). DENOMINACION",126583,0,0
2016-12-02,19457,https://parlamento.gub.uy/documentosyleyes/leyes/ley/19457,https://www.impo.com.uy/bases/leyes/19457-2016,"URUGUAY - SINGAPUR. RENTA Y PATRIMONIO. DOBLE IMPOSICIÓN IMPUESTOS. ACUERDO. APROBACIÓN.",125438,0,0
2016-12-02,19456,https://parlamento.gub.uy/documentosyleyes/leyes/ley/19456,https://www.impo.com.uy/bases/leyes/19456-2016,"IASS*. ALICUOTAS. MODIFICACION",131020,1,1
2016-11-25,19455,https://parlamento.gub.uy/documentosyleyes/leyes/ley/19455,https://www.impo.com.uy/bases/leyes/19455-2016,"EJERCICIO TANQUE 2016. FUERZA AEREA ARGENTINA. INGRESO PAIS. AUTORIZACION",131582,0,0
2016-11-25,19454,https://parlamento.gub.uy/documentosyleyes/leyes/ley/19454,https://www.impo.com.uy/bases/leyes/19454-2016,"EJERCICIO RIO 2016. FUERZA AEREA URUGUAYA Y ARGENTINA. INGRESO Y SALIDA PAIS. AUTORIZACION",131583,0,0
2016-11-25,19453,https://parlamento.gub.uy/documentosyleyes/leyes/ley/19453,https://www.impo.com.uy/bases/leyes/19453-2016,"OPERACION ESNAL II. BUQUE ROU GENERAL ARTIGAS. SALIDA PAIS. AUTORIZACION",131420,0,0
2016-11-17,19452,https://parlamento.gub.uy/documentosyleyes/leyes/ley/19452,https://www.impo.com.uy/bases/leyes/19452-2016,"FERREIRA ALDUNATE, Wilson. EDIFICIO SEDE CORPORACION NACIONAL DESARROLLO. DENOMINACION",127769,0,1
2016-11-17,19451,https://parlamento.gub.uy/documentosyleyes/leyes/ley/19451,https://www.impo.com.uy/bases/leyes/19451-2016,"MERCOSUR - LIBANO. COMERCIO Y COOPERACION ECONOMICA. CONVENIO. APROBACION",128660,0,0
2016-11-17,19450,https://parlamento.gub.uy/documentosyleyes/leyes/ley/19450,https://www.impo.com.uy/bases/leyes/19450-2016,"MERCOSUR. SISTEMA GLOBAL DE PREFERENCIAS COMERCIALES PAISES EN DESARROLLO. PROTOCOLO RONDA SAN PABLO. APROBACION.",111061,0,0
2016-11-17,19449,https://parlamento.gub.uy/documentosyleyes/leyes/ley/19449,https://www.impo.com.uy/bases/leyes/19449-2016,"FRANCIA - URUGUAY. DEFENSA. COOPERACION. CONVENIO. APROBACIONFRANCIA - URUGUAY. DEFENSA.",128659,0,0
2016-11-15,19448,https://parlamento.gub.uy/documentosyleyes/leyes/ley/19448,https://www.impo.com.uy/bases/leyes/19448-2016,"CAMPAÑA ANTARTICA OPERACION ANTARKOS XXXIII. BARCO ROU VANGUARDIA. SALIDA PAIS. AUTORIZACION",131084,0,0
2016-11-11,19447,https://parlamento.gub.uy/documentosyleyes/leyes/ley/19447,https://www.impo.com.uy/bases/leyes/19447-2016,"MERCOSUR. FONDO CONVERGENCIA ESTRUCTURAL. DECISION CMC 22. APROBACION",128052,0,0
2016-10-28,19446,https://parlamento.gub.uy/documentosyleyes/leyes/ley/19446,https://www.impo.com.uy/bases/leyes/19446-2016,"LIBERTAD ANTICIPADA Y PENAS SUSTITUTIVAS. CODIGO PROCESO PENAL. MODIFICACION.",129730,3,2
2016-10-28,19445,https://parlamento.gub.uy/documentosyleyes/leyes/ley/19445,https://www.impo.com.uy/bases/leyes/19445-2016,"FUNCIONARIOS GOBIERNOS DEPARTAMENTALES. RETRIBUCION. TOPE. DETERMINACION",131639,1,0
2016-10-27,19444,https://parlamento.gub.uy/documentosyleyes/leyes/ley/19444,https://www.impo.com.uy/bases/leyes/19444-2016,"FONDO SOCIAL METALURGICO. CREACION",129211,4,0
2016-10-27,19443,https://parlamento.gub.uy/documentosyleyes/leyes/ley/19443,https://www.impo.com.uy/bases/leyes/19443-2016,"REINO UNIDO-URUGUAY. RENTA Y PATRIMONIO. DOBLE IMPOSICION IMPUESTOS. CONVENIO. APROBACION",129642,0,0
2016-10-22,19442,https://parlamento.gub.uy/documentosyleyes/leyes/ley/19442,https://www.impo.com.uy/bases/leyes/19442-2016,"PARAGUAY - URUGUAY. BIENES CULTURALES. RECUPERACION. CONVENIO. APROBACION",125440,0,0
2016-10-21,19441,https://parlamento.gub.uy/documentosyleyes/leyes/ley/19441,https://www.impo.com.uy/bases/leyes/19441-2016,"CEMENTERIO ARTIGAS (DPTO). CONSTRUCCION. INMUEBLE MTOP. TRANSFERENCIA INTENDENCIA ARTIGAS",129982,0,0
2016-10-19,19440,https://parlamento.gub.uy/documentosyleyes/leyes/ley/19440,https://www.impo.com.uy/bases/leyes/19440-2016,"TEATRO UAMA (CARMELO - COLONIA). SALA Y HALL. DENOMINACION",128943,0,0
2016-10-17,19439,https://parlamento.gub.uy/documentosyleyes/leyes/ley/19439,https://www.impo.com.uy/bases/leyes/19439-2016,"CAMBIO CLIMATICO. NACIONES UNIDAS. ACUERDO DE PARIS. APROBACION",131595,0,0
2016-10-14,19438,https://parlamento.gub.uy/documentosyleyes/leyes/ley/19438,https://www.impo.com.uy/bases/leyes/19438-2016,"RENDICION CUENTAS 2015. APROBACION",130303,0,1
2016-10-13,19437,https://parlamento.gub.uy/documentosyleyes/leyes/ley/19437,https://www.impo.com.uy/bases/leyes/19437-2016,"APROBACIÓN ORGANIZACION LATINOAMERICANA DE ENERGIA (OLADE). CONVENIO. MODIFICACION. APROBACION",127346,0,0
2016-09-23,19436,https://parlamento.gub.uy/documentosyleyes/leyes/ley/19436,https://www.impo.com.uy/bases/leyes/19436-2016,"CODIGO PROCESO PENAL. APROBACION",129679,3,5
2016-09-23,19435,https://parlamento.gub.uy/documentosyleyes/leyes/ley/19435,https://www.impo.com.uy/bases/leyes/19435-2016,"INCLUSION FINANCIERA. EXCEPCION. REGIMEN. MODIFICACION.",129996,1,1
2016-09-23,19434,https://parlamento.gub.uy/documentosyleyes/leyes/ley/19434,https://www.impo.com.uy/bases/leyes/19434-2016,"CORPORACION INTERAMERICANA DE INVERSIONES (CII). CAPITAL ACCIONARIO URUGUAY",130160,2,1
2016-09-21,19433,https://parlamento.gub.uy/documentosyleyes/leyes/ley/19433,https://www.impo.com.uy/bases/leyes/19433-2016,"FONDO FINANCIERO DESARROLLO CUENCA DEL PLATA (FONPLATA). APORTE CAPITAL URUGUAY. AUMENTO",130163,1,0
2016-09-16,19432,https://parlamento.gub.uy/documentosyleyes/leyes/ley/19432,https://www.impo.com.uy/bases/leyes/19432-2016,"COLON (LAVALLEJA). CENTENARIO FUNDACION. FERIADO NO LABORABLE. DECLARACION.",130103,0,0
2016-09-16,19431,https://parlamento.gub.uy/documentosyleyes/leyes/ley/19431,https://www.impo.com.uy/bases/leyes/19431-2016,"LAGUNA DEL SAUCE (MALDONADO). ARMADA NACIONAL. JURISDICCION. INCLUSION",127907,3,0
2016-09-08,19430,https://parlamento.gub.uy/documentosyleyes/leyes/ley/19430,https://www.impo.com.uy/bases/leyes/19430-2016,"CONVENCION INTERAMERICANA PROTECCION DERECHOS HUMANOS PERSONAS MAYORES. APROBACION.",128050,0,0
2016-09-05,19429,https://parlamento.gub.uy/documentosyleyes/leyes/ley/19429,https://www.impo.com.uy/bases/leyes/19429-2016,"REINO UNIDO-URUGUAY. INFORMACION MATERIA TRIBUTARIA. CONVENIO. APROBACION",120128,0,0
2016-08-29,19428,https://parlamento.gub.uy/documentosyleyes/leyes/ley/19428,https://www.impo.com.uy/bases/leyes/19428-2016,"CONVENCION ASISTENCIA MUTUA MATERIA FISCAL. APROBACION",131089,0,1
2016-08-19,19427,https://parlamento.gub.uy/documentosyleyes/leyes/ley/19427,https://www.impo.com.uy/bases/leyes/19427-2016,"TRABAJADORES COOPERATIVA PROFUNCOOP. SEGURO DESEMPLEO. PRORROGA",130921,2,0
2016-08-12,19426,https://parlamento.gub.uy/documentosyleyes/leyes/ley/19426,https://www.impo.com.uy/bases/leyes/19426-2016,"TRABAJADORES COOPERATIVA EL AGUILA. SEGURO DESEMPLEO. PRORROGA",130884,2,0
2016-08-12,19425,https://parlamento.gub.uy/documentosyleyes/leyes/ley/19425,https://www.impo.com.uy/bases/leyes/19425-2016,"TRABAJADORES COOPERATIVA PAYLANA (COTRAPAY). SEGURO DESEMPLEO. PRORROGA",130852,2,0
2016-07-27,19424,https://parlamento.gub.uy/documentosyleyes/leyes/ley/19424,https://www.impo.com.uy/bases/leyes/19424-2016,"BCU. CINCUENTENARIO CREACION. MONEDAS CONMEMORATIVAS. ACUÑACION. AUTORIZACION.",130162,0,0
2016-07-24,19423,https://parlamento.gub.uy/documentosyleyes/leyes/ley/19423,https://www.impo.com.uy/bases/leyes/19423-2016,"GUYANA - URUGUAY. COOPERACION . ACUERDO MARCO. APROBACION",126188,0,0
2016-07-22,19422,https://parlamento.gub.uy/documentosyleyes/leyes/ley/19422,https://www.impo.com.uy/bases/leyes/19422-2016,"CALVETE AYESTARAN, JORGE. LICEO 2 CHUY (ROCHA). DENOMINACION.",124475,0,0
2016-07-22,19421,https://parlamento.gub.uy/documentosyleyes/leyes/ley/19421,https://www.impo.com.uy/bases/leyes/19421-2016,"REPUBLICA DE FINLANDIA. ESCUELA 2 TIEMPO COMPLETO (RIO NEGRO). DENOMINACION.",122523,1,0
2016-07-22,19420,https://parlamento.gub.uy/documentosyleyes/leyes/ley/19420,https://www.impo.com.uy/bases/leyes/19420-2016,"BRUNO, Andrés Bernardo. ESCUELA TECNICA UNION (MONTEVIDEO). DENOMINACION.",111389,0,0
2016-07-22,19419,https://parlamento.gub.uy/documentosyleyes/leyes/ley/19419,https://www.impo.com.uy/bases/leyes/19419-2016,"REPUBLICA LIBANESA. ESCUELA 150 RIVERA (DPTO). DENOMINACION.",125745,0,0
2016-07-15,19418,https://parlamento.gub.uy/documentosyleyes/leyes/ley/19418,https://www.impo.com.uy/bases/leyes/19418-2016,"ABIGEATO. DELITO. CODIGO RURAL. MODIFICACION",128000,0,0
2016-07-15,19417,https://parlamento.gub.uy/documentosyleyes/leyes/ley/19417,https://www.impo.com.uy/bases/leyes/19417-2016,"EMPRESAS REDUCIDA DIMENSION ECONOMICA. TRANSICION GRADUAL REGIMENES TRIBUTARIOS",128212,2,0
2016-06-30,19416,https://parlamento.gub.uy/documentosyleyes/leyes/ley/19416,https://www.impo.com.uy/bases/leyes/19416-2016,"HUNGRIA - URUGUAY. COOPERACION ECONOMICA Y TECNICA. APROBACION",126189,0,0
2016-06-30,19415,https://parlamento.gub.uy/documentosyleyes/leyes/ley/19415,https://www.impo.com.uy/bases/leyes/19415-2016,"APROBACION DEL ACUERDO MARCO DE COOPERACION ENTRE URUGUAY Y LA FEDERACION DE SAINT KITTS AND NEVIS",126190,0,0
2016-06-30,19414,https://parlamento.gub.uy/documentosyleyes/leyes/ley/19414,https://www.impo.com.uy/bases/leyes/19414-2016,"ORGANIZACION MUNDIAL COMERCIO (OMC). ACUERDO DE MARRAKECH. PROTOCOLO DE ENMIENDA. APROBACION",126723,0,0
2016-06-30,19413,https://parlamento.gub.uy/documentosyleyes/leyes/ley/19413,https://www.impo.com.uy/bases/leyes/19413-2016,"ARMENIA - URUGUAY. COOPERACION. ACUERDO MARCO. APROBACION",126443,0,0
2016-06-24,19412,https://parlamento.gub.uy/documentosyleyes/leyes/ley/19412,https://www.impo.com.uy/bases/leyes/19412-2016,"APROBACION DEL ACUERDO MARCO DE ASOCIACION ENTRE EL MERCOSUR Y LA REPUBLICA COOPERATIVA DE GUYANA",121532,0,0
2016-06-24,19411,https://parlamento.gub.uy/documentosyleyes/leyes/ley/19411,https://www.impo.com.uy/bases/leyes/19411-2016,"SURINAM - URUGUAY. COOPERACION. ACUERDO MARCO. APROBACION.",126186,0,0
2016-06-24,19410,https://parlamento.gub.uy/documentosyleyes/leyes/ley/19410,https://www.impo.com.uy/bases/leyes/19410-2016,"LAS TOSCAS DE CARAGUATA (TACUAREMBO). VILLA. DECLARATORIA.",127698,0,0
2016-06-24,19409,https://parlamento.gub.uy/documentosyleyes/leyes/ley/19409,https://www.impo.com.uy/bases/leyes/19409-2016,"COSTA DEL INMIGRANTE. REGION ESTE COLONIA (DPTO). DENOMINACION.",127915,0,0
2016-06-24,19408,https://parlamento.gub.uy/documentosyleyes/leyes/ley/19408,https://www.impo.com.uy/bases/leyes/19408-2016,"ESTADOS UNIDOS - URUGUAY. ENERGIA. ASISTENCIA TECNICA. CONVENIO. APROBACION.",114037,0,0
2016-06-24,19407,https://parlamento.gub.uy/documentosyleyes/leyes/ley/19407,https://www.impo.com.uy/bases/leyes/19407-2016,"FRUTAS, FLORES Y HORTALIZAS. IVA. APLICACION. MODIFICACION.",127919,2,0
2016-06-24,19406,https://parlamento.gub.uy/documentosyleyes/leyes/ley/19406,https://www.impo.com.uy/bases/leyes/19406-2016,"PANELES SOLARES. PRODUCCION NACIONAL. BENEFICIOS TRIBUTARIOS",128783,0,0
2016-06-24,19405,https://parlamento.gub.uy/documentosyleyes/leyes/ley/19405,https://www.impo.com.uy/bases/leyes/19405-2016,"AZERBAIYAN - URUGUAY. MATERIA ADUANERA. COOPERACION Y ASISTENCIA. CONVENIO. APROBACION",122626,0,0
2016-06-24,19404,https://parlamento.gub.uy/documentosyleyes/leyes/ley/19404,https://www.impo.com.uy/bases/leyes/19404-2016,"VIETNAM - URUGUAY. RENTA Y PATRIMONIO. DOBLE IMPOSICION IMPUESTOS. CONVENIO. APROBACION.",121114,0,0
2016-06-24,19403,https://parlamento.gub.uy/documentosyleyes/leyes/ley/19403,https://www.impo.com.uy/bases/leyes/19403-2016,"BELGICA - URUGUAY. DOBLE IMPOSICION IMPUESTOS Y EVASION FISCAL. CONVENIO. APROBACION.",119255,0,0
2016-06-17,19402,https://parlamento.gub.uy/documentosyleyes/leyes/ley/19402,https://www.impo.com.uy/bases/leyes/19402-2016,"ACUICULTURA. BIENES Y MATERIAS PRIMAS. IVA. EXONERACION.",127818,1,0
2016-06-13,19401,https://parlamento.gub.uy/documentosyleyes/leyes/ley/19401,https://www.impo.com.uy/bases/leyes/19401-2016,"INCLUSION FINANCIERA. SUSPENSION VIGENCIA. MODIFICACION",130118,2,0
2016-06-10,19400,https://parlamento.gub.uy/documentosyleyes/leyes/ley/19400,https://www.impo.com.uy/bases/leyes/19400-2016,"BARISSONI BERGERO, Teresa Antonia. ESCUELA RURAL 66 VIBORAS Y VACAS (COLONIA). DENOMINACION.",127705,0,0
2016-06-06,19399,https://parlamento.gub.uy/documentosyleyes/leyes/ley/19399,https://www.impo.com.uy/bases/leyes/19399-2016,"VAIMACA PIRU. RUTA 20 NUEVO BERLIN (RIO NEGRO) - MELO (CERRO LARGO). DENOMINACION.",125027,0,0
2016-06-01,19398,https://parlamento.gub.uy/documentosyleyes/leyes/ley/19398,https://www.impo.com.uy/bases/leyes/19398-2016,"PAGO EN EFECTIVO OPERACIONES ELEVADO MONTO. RESTRICCION. ENTRADA VIGENCIA LEY INCLUSION FINANCIERA. PRORROGA.",129449,1,2
2016-05-27,19397,https://parlamento.gub.uy/documentosyleyes/leyes/ley/19397,https://www.impo.com.uy/bases/leyes/19397-2016,"EMPRESAS LACTEAS EXPORTADORAS. FINANCIAMIENTO. ACCESO. FLEXIBILIZACION.",128811,0,1
2016-05-20,19396,https://parlamento.gub.uy/documentosyleyes/leyes/ley/19396,https://www.impo.com.uy/bases/leyes/19396-2016,"ARMENIA - URUGUAY. COOPERACION ECONOMICA. CONVENIO. APROBACION",122513,1,0
2016-05-20,19395,https://parlamento.gub.uy/documentosyleyes/leyes/ley/19395,https://www.impo.com.uy/bases/leyes/19395-2016,"ARMENIA - URUGUAY. DEPORTES. COOPERACION. CONVENIO. APROBACION.",122628,0,1
2016-05-20,19394,https://parlamento.gub.uy/documentosyleyes/leyes/ley/19394,https://www.impo.com.uy/bases/leyes/19394-2016,"CODIGO ADUANERO (CAROU). ACTOS PROCESALES. VIGENCIA. PRORROGA.",128645,2,0
2016-05-20,19393,https://parlamento.gub.uy/documentosyleyes/leyes/ley/19393,https://www.impo.com.uy/bases/leyes/19393-2016,"EMIRATOS ARABES-URUGUAY. IMPUESTOS RENTA Y PATRIMONIO. DOBLE IMPOSICION. CONVENIO. APROBACION.",126187,0,0
2016-05-20,19392,https://parlamento.gub.uy/documentosyleyes/leyes/ley/19392,https://www.impo.com.uy/bases/leyes/19392-2016,"ARMENIA - URUGUAY. COOPERACION TURISTICA. CONVENIO. APROBACION",125068,0,0
2016-05-20,19391,https://parlamento.gub.uy/documentosyleyes/leyes/ley/19391,https://www.impo.com.uy/bases/leyes/19391-2016,"CHILE-URUGUAY. INFORMACION TRIBUTARIA. INTERCAMBIO. CONVENIO. APROBACION.",124678,0,0
2016-05-19,19390,https://parlamento.gub.uy/documentosyleyes/leyes/ley/19390,https://www.impo.com.uy/bases/leyes/19390-2016,"LENA, Ruben. ESCUELA 382 (MONTEVIDEO). DENOMINACION",127841,0,0
2016-05-19,19389,https://parlamento.gub.uy/documentosyleyes/leyes/ley/19389,https://www.impo.com.uy/bases/leyes/19389-2016,"DIA RELACIONES PUBLICAS (NACIONAL) - 19 SETIEMBRE. DECLARACION",114820,0,0
2016-05-13,19388,https://parlamento.gub.uy/documentosyleyes/leyes/ley/19388,https://www.impo.com.uy/bases/leyes/19388-2016,"ZAPICAN (LAVALLEJA). ANIVERSARIO FUNDACION (125). FERIADO NO LABORABLE PAGO. REGIMEN.",127679,0,0
2016-05-13,19387,https://parlamento.gub.uy/documentosyleyes/leyes/ley/19387,https://www.impo.com.uy/bases/leyes/19387-2016,"GUACURARI, Andrés (ANDRESITO). GENERAL. GRADO HONORIFICO. RECONOCIMIENTO",126739,0,0
2016-04-22,19386,https://parlamento.gub.uy/documentosyleyes/leyes/ley/19386,https://www.impo.com.uy/bases/leyes/19386-2016,"SILVA FERNANDEZ, María Jacinta. PENSION GRACIABLE. OTORGAMIENTO.",127704,0,0
2016-04-22,19385,https://parlamento.gub.uy/documentosyleyes/leyes/ley/19385,https://www.impo.com.uy/bases/leyes/19385-2016,"COMPETENCIA FUERZAS COMANDO 2016. EFECTIVOS EJERCITO NACIONAL. SALIDA PAIS. AUTORIZACION.",128841,0,0
2016-04-22,19384,https://parlamento.gub.uy/documentosyleyes/leyes/ley/19384,https://www.impo.com.uy/bases/leyes/19384-2016,"ADMINISTRACION NACIONAL PUERTOS. CENTENARIO CREACION. MEDALLA CONMEMORATIVA. EMISION BANCO CENTRAL.",128536,0,0
2016-04-22,19383,https://parlamento.gub.uy/documentosyleyes/leyes/ley/19383,https://www.impo.com.uy/bases/leyes/19383-2016,"BOLIVIA - URUGUAY. DEFENSA. COOPERACION. CONVENIO. APROBACION.",122224,0,1
2016-04-22,19382,https://parlamento.gub.uy/documentosyleyes/leyes/ley/19382,https://www.impo.com.uy/bases/leyes/19382-2016,"HONDURAS - URUGUAY. COOPERACION ECONOMICA, CIENTIFICA Y TECNICA. CONVENIO. APROBACION.",119142,0,0
2016-04-22,19381,https://parlamento.gub.uy/documentosyleyes/leyes/ley/19381,https://www.impo.com.uy/bases/leyes/19381-2016,"MONEDAS CONMEMORATIVAS PAISAJE INDUSTRIAL FRAY BENTOS COMO PAISAJE CULTURAL UNESCO. EMISION BANCO CENTRAL. AUTORIZACION",128407,0,0
2016-04-15,19380,https://parlamento.gub.uy/documentosyleyes/leyes/ley/19380,https://www.impo.com.uy/bases/leyes/19380-2016,"TRABAJADOR EMPRESA ALTOS FINES S.A. SEGURO DESEMPLEO. PLAZO. PRORROGA.",128661,2,0
2016-04-14,19379,https://parlamento.gub.uy/documentosyleyes/leyes/ley/19379,https://www.impo.com.uy/bases/leyes/19379-2016,"CASTILLOS (ROCHA). ANIVERSARIO FUNDACION (150). FERIADO NO LABORABLE. DECLARACION.",128709,0,0
2016-04-14,19378,https://parlamento.gub.uy/documentosyleyes/leyes/ley/19378,https://www.impo.com.uy/bases/leyes/19378-2016,"TRABAJADOR ARATIRI S.A. SEGURO DESEMPLEO. PLAZO. PRORROGA.",128090,2,0
2016-04-14,19377,https://parlamento.gub.uy/documentosyleyes/leyes/ley/19377,https://www.impo.com.uy/bases/leyes/19377-2016,"LA MACANA (FLORIDA). PUEBLO. DECLARATORIA.",126849,0,0
2016-03-18,19376,https://parlamento.gub.uy/documentosyleyes/leyes/ley/19376,https://www.impo.com.uy/bases/leyes/19376-2016,"MOSQUITO AEDES AEGYPTI. FUMIGACION PREDIOS BALDÍOS Y FINCAS ABANDONADAS. INGRESO. AUTORIZACIÓN.",128446,0,0
2016-03-18,19375,https://parlamento.gub.uy/documentosyleyes/leyes/ley/19375,https://www.impo.com.uy/bases/leyes/19375-2016,"PAISES BAJOS - URUGUAY. INFORMACION TRIBUTARIA. CONVENIO. APROBACION.",117137,0,0
2016-03-18,19374,https://parlamento.gub.uy/documentosyleyes/leyes/ley/19374,https://www.impo.com.uy/bases/leyes/19374-2016,"PERU-URUGUAY. COOPERACION ASUNTOS MIGRATORIOS. CONVENIO. APROBACION.",120482,0,0
2016-03-18,19373,https://parlamento.gub.uy/documentosyleyes/leyes/ley/19373,https://www.impo.com.uy/bases/leyes/19373-2016,"VIETNAM-URUGUAY. COMERCIO E INVERSION. CONVENIO. APROBACION.",121063,0,0
2016-03-18,19372,https://parlamento.gub.uy/documentosyleyes/leyes/ley/19372,https://www.impo.com.uy/bases/leyes/19372-2016,"ESTABLE, Clemente. LICEO 73 (MONTEVIDEO). DENOMINACION.",123290,0,1
2016-03-18,19371,https://parlamento.gub.uy/documentosyleyes/leyes/ley/19371,https://www.impo.com.uy/bases/leyes/19371-2016,"SILVA DE SOUZA, Celeste. ESCUELA RURAL 27 PASO POTRERO DE ARERUNGUA (SALTO). DENOMINACION",120767,0,0
2016-03-18,19370,https://parlamento.gub.uy/documentosyleyes/leyes/ley/19370,https://www.impo.com.uy/bases/leyes/19370-2016,"TRABAJADOR EMPRESA GREENFROZEN Y FRUTOS DEL NORTE. SEGURO DESEMPLEO. PLAZO. PRORROGA.",128338,2,0
2016-02-29,19369,https://parlamento.gub.uy/documentosyleyes/leyes/ley/19369,https://www.impo.com.uy/bases/leyes/19369-2016,"CAMPAÑA ANTARTICA 2015. OPERACION ANTARKOS XXXII. EFECTIVOS ARMADA NACIONAL. SALIDA PAIS. AUTORIZACION.",128220,1,0
2016-01-04,19368,https://parlamento.gub.uy/documentosyleyes/leyes/ley/19368,https://www.impo.com.uy/bases/leyes/19368-2016,"ANCAP. CAPITALIZACION.",128002,3,0
2015-12-31,19367,https://parlamento.gub.uy/documentosyleyes/leyes/ley/19367,https://www.impo.com.uy/bases/leyes/19367-2015,"INSTITUTO NACIONAL INCLUSION SOCIAL ADOLESCENTE. SERVICIO DESCENTRALIZADO. CREACION",125844,5,0
2015-12-31,19366,https://parlamento.gub.uy/documentosyleyes/leyes/ley/19366,https://www.impo.com.uy/bases/leyes/19366-2015,"CARMELO (COLONIA). ANIVERSARIO (200) FUNDACION. FERIADO. DECLARACION.",127996,0,0
2015-12-31,19365,https://parlamento.gub.uy/documentosyleyes/leyes/ley/19365,https://www.impo.com.uy/bases/leyes/19365-2015,"TRABAJADOR PRESSUR CORPORATION S.A. SEGURO DESEMPLEO. PLAZO. PRORROGA.",127692,2,0
2015-12-31,19364,https://parlamento.gub.uy/documentosyleyes/leyes/ley/19364,https://www.impo.com.uy/bases/leyes/19364-2015,"FONDO RECONSTRUCCION Y FOMENTO GRANJA. FINANCIAMIENTO. MODIFICACION",127719,2,0
2015-12-31,19363,https://parlamento.gub.uy/documentosyleyes/leyes/ley/19363,https://www.impo.com.uy/bases/leyes/19363-2015,"HAITI. MISION PAZ ONU (MINUSTAH). CONTINGENTE MILITAR. PERMANENCIA. PRORROGA.",127853,1,0
2015-12-31,19362,https://parlamento.gub.uy/documentosyleyes/leyes/ley/19362,https://www.impo.com.uy/bases/leyes/19362-2015,"CIUDADANIA NATURAL. DETERMINACION. REGIMEN. MODIFICACION.",125018,1,0
2015-12-30,19361,https://parlamento.gub.uy/documentosyleyes/leyes/ley/19361,https://www.impo.com.uy/bases/leyes/19361-2015,"MEREGALLI, Jaime (Cnel). MUSEO AERONAUTICO FUERZA AEREA URUGUAYA. DENOMINACION.",126894,1,0
2015-12-30,19357,https://parlamento.gub.uy/documentosyleyes/leyes/ley/19357,https://www.impo.com.uy/bases/leyes/19357-2015,"INSTITUCIONES ASISTENCIA MEDICA COLECTIVA (IAMC). FONDO GARANTIA. MONTO ANUAL. AMPLIACION.",125166,3,0
2015-12-28,19360,https://parlamento.gub.uy/documentosyleyes/leyes/ley/19360,https://www.impo.com.uy/bases/leyes/19360-2015,"CONDUCTORES. CONCENTRACION ALCOHOL EN SANGRE. TOLERANCIA CERO.",124415,1,0
2015-12-24,19359,https://parlamento.gub.uy/documentosyleyes/leyes/ley/19359,https://www.impo.com.uy/bases/leyes/19359-2015,"BRASIL - URUGUAY. RESIDENTES FRONTERIZOS. ASISTENCIA SITUACIONES EMERGENCIA Y DEFENSA CIVIL. AJUSTE COMPLEMENTARIO. APROBACION.",121792,0,0
2015-12-24,19358,https://parlamento.gub.uy/documentosyleyes/leyes/ley/19358,https://www.impo.com.uy/bases/leyes/19358-2015,"MATERIALES NUCLEARES. PROTECCION FISICA. CONVENCION. ENMIENDAS. APROBACION",34560,0,0
2015-12-24,19356,https://parlamento.gub.uy/documentosyleyes/leyes/ley/19356,https://www.impo.com.uy/bases/leyes/19356-2015,"MERCOSUR - EGIPTO. LIBRE COMERCIO. CONVENIO. APROBACION.",117254,0,0
2015-12-19,19355,https://parlamento.gub.uy/documentosyleyes/leyes/ley/19355,https://www.impo.com.uy/bases/leyes/19355-2015,"PRESUPUESTO NACIONAL 2015-2019. APROBACION.",126267,0,18
2015-12-18,19354,https://parlamento.gub.uy/documentosyleyes/leyes/ley/19354,https://www.impo.com.uy/bases/leyes/19354-2015,"LUXEMBURGO-URUGUAY. IMPUESTO RENTA Y PATRIMONIO. DOBLE IMPOSICION. CONVENIO. APROBACION.",125878,0,0
2015-11-27,19353,https://parlamento.gub.uy/documentosyleyes/leyes/ley/19353,https://www.impo.com.uy/bases/leyes/19353-2015,"SISTEMA NACIONAL INTEGRADO CUIDADOS (SNIC). CREACION.",123565,1,1
2015-11-27,19352,https://parlamento.gub.uy/documentosyleyes/leyes/ley/19352,https://www.impo.com.uy/bases/leyes/19352-2015,"ESPINO GUERRA, IGNACIO. PENSION GRACIABLE. OTORGAMIENTO.",125106,0,0
2015-11-24,19351,https://parlamento.gub.uy/documentosyleyes/leyes/ley/19351,https://www.impo.com.uy/bases/leyes/19351-2015,"RUSIA - URUGUAY. MATERIA ADUANERA. COOPERACION Y ASISTENCIA. CONVENIO. APROBACION.",124695,0,0
2015-10-30,19350,https://parlamento.gub.uy/documentosyleyes/leyes/ley/19350,https://www.impo.com.uy/bases/leyes/19350-2015,"TERRORISMO NUCLEAR. ACTOS. REPRESION. CONVENCION INTERNACIONAL. APROBACION.",34954,0,0
2015-10-19,19349,https://parlamento.gub.uy/documentosyleyes/leyes/ley/19349,https://www.impo.com.uy/bases/leyes/19349-2015,"CERRO CHATO (DURAZNO, FLORIDA, TREINTA Y TRES). CIUDAD. DECLARATORIA.",124160,0,0
2015-10-16,19348,https://parlamento.gub.uy/documentosyleyes/leyes/ley/19348,https://www.impo.com.uy/bases/leyes/19348-2015,"BENITEZ, Francisco Encarnación. CASA CENTRAL INSTITUTO COLONIZACION. DENOMINACION.",119065,0,0
2015-10-16,19347,https://parlamento.gub.uy/documentosyleyes/leyes/ley/19347,https://www.impo.com.uy/bases/leyes/19347-2015,"MONEDAS CONMEMORATIVAS BICENTENARIO BIBLIOTECA NACIONAL. ACUÑACION BCU. AUTORIZACION.",125692,0,0
2015-09-30,19346,https://parlamento.gub.uy/documentosyleyes/leyes/ley/19346,https://www.impo.com.uy/bases/leyes/19346-2015,"RENDICION CUENTAS 2014. APROBACION.",125221,0,0
2015-09-18,19345,https://parlamento.gub.uy/documentosyleyes/leyes/ley/19345,https://www.impo.com.uy/bases/leyes/19345-2015,"CAMPAÑA ANTARTICA 2015. OPERACION ANTARKOS XXXII. EFECTIVOS ARMADA NACIONAL. SALIDA PAIS. AUTORIZACION.",124312,0,1
2015-09-18,19344,https://parlamento.gub.uy/documentosyleyes/leyes/ley/19344,https://www.impo.com.uy/bases/leyes/19344-2015,"CUBA. DEUDA CON ESTADO URUGUAYO. CONDONACION.",123274,0,0
2015-09-18,19343,https://parlamento.gub.uy/documentosyleyes/leyes/ley/19343,https://www.impo.com.uy/bases/leyes/19343-2015,"SALVA GONZALEZ, Héctor. PENSION GRACIABLE. OTORGAMIENTO.",120764,0,0
2015-09-18,19342,https://parlamento.gub.uy/documentosyleyes/leyes/ley/19342,https://www.impo.com.uy/bases/leyes/19342-2015,"ROSLIK BICHKOV, Vladimir. RAMAL RUTA 2 FRAY BENTOS (RIO NEGRO). DENOMINACION.",122377,0,0
2015-09-18,19341,https://parlamento.gub.uy/documentosyleyes/leyes/ley/19341,https://www.impo.com.uy/bases/leyes/19341-2015,"EJERCICIO ATLANTIS III. BARCO ARMADA ROU URUGUAY. SALIDA PAIS. AUTORIZACION.",125395,0,0
2015-08-28,19340,https://parlamento.gub.uy/documentosyleyes/leyes/ley/19340,https://www.impo.com.uy/bases/leyes/19340-2015,"JUNTA TRANSPARENCIA Y ETICA PUBLICA (JUTEP). SERVICIO DESCENTRALIZADO. CREACION.",123564,3,1
2015-08-26,19339,https://parlamento.gub.uy/documentosyleyes/leyes/ley/19339,https://www.impo.com.uy/bases/leyes/19339-2015,"ANCAP. PAGO DEUDA PETROLEOS VENEZUELA S.A. PRESTAMO AUTORIZACION.",125511,0,0
2015-08-21,19338,https://parlamento.gub.uy/documentosyleyes/leyes/ley/19338,https://www.impo.com.uy/bases/leyes/19338-2015,"OPERACION ESNAL II. EFECTIVOS ARMADA NACIONAL. SALIDA PAIS. AUTORIZACION.",124314,0,0
2015-08-20,19337,https://parlamento.gub.uy/documentosyleyes/leyes/ley/19337,https://www.impo.com.uy/bases/leyes/19337-2015,"FONDO PARA EL DESARROLLO (FONDES). INSTITUCIONALIDAD LEGAL.",124770,4,6
2015-08-14,19336,https://parlamento.gub.uy/documentosyleyes/leyes/ley/19336,https://www.impo.com.uy/bases/leyes/19336-2015,"ACTIVIDAD LECHERA. FONDO FINANCIAMIENTO Y DESARROLLO SUSTENTABLE. CREACION.",125497,2,1
2015-08-14,19335,https://parlamento.gub.uy/documentosyleyes/leyes/ley/19335,https://www.impo.com.uy/bases/leyes/19335-2015,"REPUBLICA DE SURINAM. ESCUELA 367 (MONTEVIDEO). DENOMINACION.",124375,0,0
2015-08-14,19334,https://parlamento.gub.uy/documentosyleyes/leyes/ley/19334,https://www.impo.com.uy/bases/leyes/19334-2015,"FISCALIA GENERAL NACION. SERVICIO DESCENTRALIZADO. CREACION.",123563,0,2
2015-07-31,19333,https://parlamento.gub.uy/documentosyleyes/leyes/ley/19333,https://www.impo.com.uy/bases/leyes/19333-2015,"ENSEÑANZA PRIMARIA (IMPUESTO). INMUEBLES RURALES. RESTABLECIMIENTO. REGIMEN.",124413,5,0
2015-07-20,19332,https://parlamento.gub.uy/documentosyleyes/leyes/ley/19332,https://www.impo.com.uy/bases/leyes/19332-2015,"MALDONADO (MALDONADO). CAPITAL NACIONAL DEL COOPERATIVISMO. DECLARACION",123145,0,0
2015-07-20,19331,https://parlamento.gub.uy/documentosyleyes/leyes/ley/19331,https://www.impo.com.uy/bases/leyes/19331-2015,"SECRETARIA NACIONAL DEPORTE. ORGANO DESCONCENTRADO. CREACION.",123578,2,1
2015-07-17,19330,https://parlamento.gub.uy/documentosyleyes/leyes/ley/19330,https://www.impo.com.uy/bases/leyes/19330-2015,"EJERCICIO ACRUX VII. BARCOS, AERONAVE E INTEGRANTES FUERZAS ARMADAS. SALIDA PAIS. AUTORIZACION.",124313,0,0
2015-07-10,19329,https://parlamento.gub.uy/documentosyleyes/leyes/ley/19329,https://www.impo.com.uy/bases/leyes/19329-2015,"COMPETENCIA FUERZAS COMANDO 2015. EFECTIVOS EJERCITO NACIONAL. SALIDA PAIS. AUTORIZACION",124671,0,0
2015-07-10,19328,https://parlamento.gub.uy/documentosyleyes/leyes/ley/19328,https://www.impo.com.uy/bases/leyes/19328-2015,"EEUU-URUGUAY. ASISTENCIA MUTUA ADMINISTRACIONES ADUANERAS. CONVENIO. APROBACION.",122476,0,0
2015-07-10,19327,https://parlamento.gub.uy/documentosyleyes/leyes/ley/19327,https://www.impo.com.uy/bases/leyes/19327-2015,"MERCOSUR - URUGUAY. SEDE FUNCIONAMIENTO ALTO REPRESENTANTE GENERAL. CONVENIO. APROBACION.",119537,0,0
2015-06-27,19326,https://parlamento.gub.uy/documentosyleyes/leyes/ley/19326,https://www.impo.com.uy/bases/leyes/19326-2015,"GUARDIA PERIMETRAL. FUNCIONES TRANSITORIAS. CUMPLIMIENTO. PRORROGA.",124734,0,0
2015-06-27,19325,https://parlamento.gub.uy/documentosyleyes/leyes/ley/19325,https://www.impo.com.uy/bases/leyes/19325-2015,"FRUTAS, FLORES Y HORTALIZAS. IVA. FONDO RECONSTRUCCION Y FOMENTO GRANJA. FINANCIACION. PRORROGA.",125014,3,1
2015-06-19,19324,https://parlamento.gub.uy/documentosyleyes/leyes/ley/19324,https://www.impo.com.uy/bases/leyes/19324-2015,"COOPERATIVAS. ADAPTACION ESTATUTOS. INSCRIPCION. PLAZO. PRORROGA.",124528,2,0
2015-06-15,19323,https://parlamento.gub.uy/documentosyleyes/leyes/ley/19323,https://www.impo.com.uy/bases/leyes/19323-2015,"VILLA QUEBRACHO (PAYSANDU). CIUDAD. DECLARATORIA.",123646,1,0
2015-05-29,19322,https://parlamento.gub.uy/documentosyleyes/leyes/ley/19322,https://www.impo.com.uy/bases/leyes/19322-2015,"CODIGO ADUANERO (CAROU). ASPECTOS PROCESALES. VIGENCIA. PRORROGA.",123812,2,0
2015-05-29,19321,https://parlamento.gub.uy/documentosyleyes/leyes/ley/19321,https://www.impo.com.uy/bases/leyes/19321-2015,"IMPUESTO RENTA PERSONAS FISICAS (IRPF). AGUINALDO Y SALARIO VACACIONAL. LIQUIDACION. MODIFICACION.",123577,0,0
2015-05-13,19320,https://parlamento.gub.uy/documentosyleyes/leyes/ley/19320,https://www.impo.com.uy/bases/leyes/19320-2015,"PARLAMENTO DEL MERCOSUR. FUNCIONAMIENTO. DECISION 11/14. APROBACION.",124437,0,0
2015-03-27,19319,https://parlamento.gub.uy/documentosyleyes/leyes/ley/19319,https://www.impo.com.uy/bases/leyes/19319-2015,"MUNICIPIOS Y DISTRITOS ELECTORALES. NOMINA. APROBACION.",123561,1,0
2015-02-20,19318,https://parlamento.gub.uy/documentosyleyes/leyes/ley/19318,https://www.impo.com.uy/bases/leyes/19318-2015,"MINERIA GRAN PORTE. REGIMEN. MODIFICACION.",123203,1,0
2015-02-18,19317,https://parlamento.gub.uy/documentosyleyes/leyes/ley/19317,https://www.impo.com.uy/bases/leyes/19317-2015,"BIOTECNOLOGIA. PROMOCION.",121054,1,1
2015-02-18,19316,https://parlamento.gub.uy/documentosyleyes/leyes/ley/19316,https://www.impo.com.uy/bases/leyes/19316-2015,"DEUDA SECTOR PUBLICO. TOPE. INCREMENTO. REGIMEN.",123073,3,0
2015-02-18,19315,https://parlamento.gub.uy/documentosyleyes/leyes/ley/19315,https://www.impo.com.uy/bases/leyes/19315-2015,"LEY ORGANICA POLICIAL. APROBACION.",114986,3,0
2015-02-13,19314,https://parlamento.gub.uy/documentosyleyes/leyes/ley/19314,https://www.impo.com.uy/bases/leyes/19314-2015,"MIEMBROS DOCENTES CONSEJOS ENSEÑANZA. PERMANENCIA. PLAZO. PRORROGA.",123049,3,0
2015-02-13,19313,https://parlamento.gub.uy/documentosyleyes/leyes/ley/19313,https://www.impo.com.uy/bases/leyes/19313-2015,"TRABAJO NOCTURNO. ACTIVIDAD. REGLAMENTACION.",116024,1,0
2015-02-04,19312,https://parlamento.gub.uy/documentosyleyes/leyes/ley/19312,https://www.impo.com.uy/bases/leyes/19312-2015,"CONVENIO REPRESION DELITOS CONTRA SEGURIDAD NAVEGACION MARITIMA Y DE PLATAFORMAS FIJAS EN PLATAFORMA CONTINENTAL. PROTOCOLO 2005. APROBACION.",114932,0,0
2015-02-04,19311,https://parlamento.gub.uy/documentosyleyes/leyes/ley/19311,https://www.impo.com.uy/bases/leyes/19311-2015,"MERCOSUR-CONVENIO ANDRES BELLO (CAB). RECONOCIMIENTO ESTUDIOS, TITULOS Y CERTIFICADOS. APROBACION.",113439,0,0
2015-01-07,19310,https://parlamento.gub.uy/documentosyleyes/leyes/ley/19310,https://www.impo.com.uy/bases/leyes/19310-2015,"FUNCIONARIOS PODER JUDICIAL Y MEC. RETRIBUCION. AJUSTE.",122995,7,3
2015-01-07,19309,https://parlamento.gub.uy/documentosyleyes/leyes/ley/19309,https://www.impo.com.uy/bases/leyes/19309-2015,"HAITI. MISION PAZ ONU.CONTINGENTE MILITAR. PERMANENCIA. PRORROGA.",123041,1,0
2015-01-07,19308,https://parlamento.gub.uy/documentosyleyes/leyes/ley/19308,https://www.impo.com.uy/bases/leyes/19308-2015,"DIRECTORIO ASSE. PRESIDENTE. DOBLE VOTO. ESTABLECIMIENTO.",113275,1,0
2014-12-29,19307,https://parlamento.gub.uy/documentosyleyes/leyes/ley/19307,https://www.impo.com.uy/bases/leyes/19307-2014,"MEDIOS COMUNICACION AUDIOVISUAL. REGULACION.",119374,27,5
2014-12-29,19306,https://parlamento.gub.uy/documentosyleyes/leyes/ley/19306,https://www.impo.com.uy/bases/leyes/19306-2014,"TRABAJADOR PLUNA S.A. SEGURO DESEMPLEO. PLAZO. PRORROGA.",122697,2,0
2014-12-29,19305,https://parlamento.gub.uy/documentosyleyes/leyes/ley/19305,https://www.impo.com.uy/bases/leyes/19305-2014,"BRASIL- URUGUAY. LEGALIZACION DOCUMENTOS PUBLICOS. NOTAS REVERSALES. CONVENIO. APROBACION.",119751,0,0
2014-12-29,19304,https://parlamento.gub.uy/documentosyleyes/leyes/ley/19304,https://www.impo.com.uy/bases/leyes/19304-2014,"CONVENCION DERECHOS NIÑO. PROTOCOLO FACULTATIVO ONU. APROBACION.",119536,0,0
2014-12-29,19303,https://parlamento.gub.uy/documentosyleyes/leyes/ley/19303,https://www.impo.com.uy/bases/leyes/19303-2014,"BRASIL - URUGUAY. INFORMACION TRIBUTARIA. CONVENIO. APROBACION.",116544,0,0
2014-12-29,19302,https://parlamento.gub.uy/documentosyleyes/leyes/ley/19302,https://www.impo.com.uy/bases/leyes/19302-2014,"INSTITUCIONES ASISTENCIA MEDICA COLECTIVA (IAMC). CREDITO FISCAL. OTORGAMIENTO.",122944,1,0
2014-12-26,19301,https://parlamento.gub.uy/documentosyleyes/leyes/ley/19301,https://www.impo.com.uy/bases/leyes/19301-2014,"SISTEMA RESIDENCIAS MEDICAS (NACIONAL). REGIMEN. MODIFICACION.",115649,3,1
2014-12-26,19300,https://parlamento.gub.uy/documentosyleyes/leyes/ley/19300,https://www.impo.com.uy/bases/leyes/19300-2014,"BOVINOS. ENFERMEDADES PREVALENTES. CONTROL. SEGURO. CREACION.",122158,7,0
2014-12-19,19299,https://parlamento.gub.uy/documentosyleyes/leyes/ley/19299,https://www.impo.com.uy/bases/leyes/19299-2014,"D'ELIA, JOSE ""PEPE"". TRAMO UNION RUTA 101-RUTA 8 (BY PASS PANDO). DENOMINACION.",120706,0,0
2014-12-19,19298,https://parlamento.gub.uy/documentosyleyes/leyes/ley/19298,https://www.impo.com.uy/bases/leyes/19298-2014,"LEMA, RUBEN. PUENTE RIO OLIMAR RUTA 8 TREINTA Y TRES (DPTO). DENOMINACION.",120694,0,0
2014-12-19,19297,https://parlamento.gub.uy/documentosyleyes/leyes/ley/19297,https://www.impo.com.uy/bases/leyes/19297-2014,"HÄBERLI PARRELLA, EMA RUTH. PENSION GRACIABLE. OTORGAMIENTO.",119210,0,0
2014-12-19,19296,https://parlamento.gub.uy/documentosyleyes/leyes/ley/19296,https://www.impo.com.uy/bases/leyes/19296-2014,"ACUÑA, JULIO HEBER. PENSION GRACIABLE. OTORGAMIENTO.",118617,0,0
2014-12-19,19295,https://parlamento.gub.uy/documentosyleyes/leyes/ley/19295,https://www.impo.com.uy/bases/leyes/19295-2014,"BARIZO VALIENTE, JOSE. PENSION GRACIABLE. OTORGAMIENTO.",118315,0,0
2014-12-19,19294,https://parlamento.gub.uy/documentosyleyes/leyes/ley/19294,https://www.impo.com.uy/bases/leyes/19294-2014,"CAMARGO GAITTER, MARIA ESTHER. PENSION GRACIABLE. OTORGAMIENTO.",119432,0,0
2014-12-19,19293,https://parlamento.gub.uy/documentosyleyes/leyes/ley/19293,https://www.impo.com.uy/bases/leyes/19293-2014,"CODIGO PROCESO PENAL. APROBACION.",105975,5,18
2014-12-16,19292,https://parlamento.gub.uy/documentosyleyes/leyes/ley/19292,https://www.impo.com.uy/bases/leyes/19292-2014,"PRODUCCION FAMILIAR AGROPECUARIA Y PESCA ARTESANAL. INTERES GENERAL. DECLARACION.",120934,0,1
2014-10-17,19291,https://parlamento.gub.uy/documentosyleyes/leyes/ley/19291,https://www.impo.com.uy/bases/leyes/19291-2014,"CONSTRUCCION. OBRAS PEQUEÑAS. APORTES SEGURIDAD SOCIAL. REGIMEN.",121429,1,0
2014-10-17,19290,https://parlamento.gub.uy/documentosyleyes/leyes/ley/19290,https://www.impo.com.uy/bases/leyes/19290-2014,"AFE. FUNCIONARIOS EXCEDENTARIOS. REDISTRIBUCION. PLAZO. PRORROGA.",120110,2,0
2014-09-26,19289,https://parlamento.gub.uy/documentosyleyes/leyes/ley/19289,https://www.impo.com.uy/bases/leyes/19289-2014,"IMPUESTO RENTA ACTIVIDADES ECONOMICAS (IRAE). BIENES. EXONERACION. REGIMEN. MODIFICACION.",120256,0,0
2014-09-26,19288,https://parlamento.gub.uy/documentosyleyes/leyes/ley/19288,https://www.impo.com.uy/bases/leyes/19288-2014,"SOCIEDADES ANONIMAS Y EN COMANDITA POR ACCIONES. INCUMPLIMIENTO INFORMACION TITULARES. DISOLUCION.",119299,4,1
2014-09-26,19287,https://parlamento.gub.uy/documentosyleyes/leyes/ley/19287,https://www.impo.com.uy/bases/leyes/19287-2014,"COOPERATIVA MAGISTERIAL CONSUMO. GARANTIA ALQUILERES. RETENCION HABERES. MODIFICACION.",122030,2,0
2014-09-25,19286,https://parlamento.gub.uy/documentosyleyes/leyes/ley/19286,https://www.impo.com.uy/bases/leyes/19286-2014,"ETICA MEDICA. CODIGO. APROBACION.",118303,0,2
2014-09-25,19285,https://parlamento.gub.uy/documentosyleyes/leyes/ley/19285,https://www.impo.com.uy/bases/leyes/19285-2014,"TENEDORES SILOS-MGAP. CONVENIOS INTEGRACION CAPITAL. PLAZO. PRORROGA.",122257,3,0
2014-09-25,19284,https://parlamento.gub.uy/documentosyleyes/leyes/ley/19284,https://www.impo.com.uy/bases/leyes/19284-2014,"CARNE BOVINA. COMERCIALIZACION. IMPUESTOS. MODIFICACION.",121196,1,0
2014-09-24,19283,https://parlamento.gub.uy/documentosyleyes/leyes/ley/19283,https://www.impo.com.uy/bases/leyes/19283-2014,"INMUEBLES RURALES. COMPRA Y TENENCIA EMPRESAS CON PARTICIPACION ESTADOS EXTRANJEROS. PROHIBICION.",119460,4,0
2014-09-19,19282,https://parlamento.gub.uy/documentosyleyes/leyes/ley/19282,https://www.impo.com.uy/bases/leyes/19282-2014,"DIA PERRO DE TRABAJO - 1ER. DOMINGO DICIEMBRE. DECLARACION.",114993,0,0
2014-09-19,19281,https://parlamento.gub.uy/documentosyleyes/leyes/ley/19281,https://www.impo.com.uy/bases/leyes/19281-2014,"REGLAMENTO PROVISORIO 1815. ANIVERSARIO (200). CONMEMORACION. ACUÑACION MONEDAS. AUTORIZACION.",122059,0,0
2014-09-19,19280,https://parlamento.gub.uy/documentosyleyes/leyes/ley/19280,https://www.impo.com.uy/bases/leyes/19280-2014,"DISCAPACITADO O INCAPAZ. CUOTA ADQUISICION VIVIENDA. IRPF. DEDUCCION.",122249,0,0
2014-09-19,19279,https://parlamento.gub.uy/documentosyleyes/leyes/ley/19279,https://www.impo.com.uy/bases/leyes/19279-2014,"CAPITAL NACIONAL COOPERATIVISMO. DESIGNACION ANUAL.",122251,0,0
2014-09-19,19278,https://parlamento.gub.uy/documentosyleyes/leyes/ley/19278,https://www.impo.com.uy/bases/leyes/19278-2014,"PRESTADOR SALUD. INCUMPLIMIENTO SERVICIOS. SUSPENSION PAGO CUOTA FONASA. REGIMEN. MODIFICACION.",112757,1,0
2014-09-19,19277,https://parlamento.gub.uy/documentosyleyes/leyes/ley/19277,https://www.impo.com.uy/bases/leyes/19277-2014,"GRUPO ARTILLERIA MARQUES DE TAMANDARE (BRASIL). ANIVERSARIO (72). EFECTIVOS EJERCITO NACIONAL. SALIDA PAIS. AUTORIZACION.",121559,0,0
2014-09-19,19276,https://parlamento.gub.uy/documentosyleyes/leyes/ley/19276,https://www.impo.com.uy/bases/leyes/19276-2014,"CODIGO ADUANERO (CAROU). APROBACION.",113866,17,7
2014-09-19,19275,https://parlamento.gub.uy/documentosyleyes/leyes/ley/19275,https://www.impo.com.uy/bases/leyes/19275-2014,"RENDICION CUENTAS 2013. APROBACION.",121577,3,0
2014-09-19,19274,https://parlamento.gub.uy/documentosyleyes/leyes/ley/19274,https://www.impo.com.uy/bases/leyes/19274-2014,"CASTRO, JULIO. ESCUELA TECNICA TOLEDO (CANELONES). DENOMINACION.",110856,0,0
2014-09-19,19273,https://parlamento.gub.uy/documentosyleyes/leyes/ley/19273,https://www.impo.com.uy/bases/leyes/19273-2014,"CASTRO, Julio. LICEO TOLEDO (CANELONES). DENOMINACION.",120282,0,0
2014-09-18,19272,https://parlamento.gub.uy/documentosyleyes/leyes/ley/19272,https://www.impo.com.uy/bases/leyes/19272-2014,"DESCENTRALIZACION Y PARTICIPACION CIUDADANA. REGIMEN.",119197,5,2
2014-09-18,19271,https://parlamento.gub.uy/documentosyleyes/leyes/ley/19271,https://www.impo.com.uy/bases/leyes/19271-2014,"MERCOSUR - SURINAME. ASOCIACION. CONVENIO. APROBACION.",120493,0,0
2014-09-18,19270,https://parlamento.gub.uy/documentosyleyes/leyes/ley/19270,https://www.impo.com.uy/bases/leyes/19270-2014,"EL SALVADOR - URUGUAY. COOPERACION. CONVENIO. APROBACION.",119254,0,0
2014-09-18,19269,https://parlamento.gub.uy/documentosyleyes/leyes/ley/19269,https://www.impo.com.uy/bases/leyes/19269-2014,"SERBIA - URUGUAY. COOPERACION MATERIA VETERINARIA. CONVENIO. APROBACION.",117139,0,0
2014-09-18,19268,https://parlamento.gub.uy/documentosyleyes/leyes/ley/19268,https://www.impo.com.uy/bases/leyes/19268-2014,"LEY ORGANIZACION CONSULAR. APROBACION.",118883,0,0
2014-09-12,19267,https://parlamento.gub.uy/documentosyleyes/leyes/ley/19267,https://www.impo.com.uy/bases/leyes/19267-2014,"MERCURIO. CONTAMINACION MEDIO AMBIENTE. PREVENCION. CONVENIO DE MINAMATA (JAPON). APROBACION.",120788,0,0
2014-09-10,19266,https://parlamento.gub.uy/documentosyleyes/leyes/ley/19266,https://www.impo.com.uy/bases/leyes/19266-2014,"DIA REGLAMENTO DE TIERRAS DE 1815 - 10 DE SETIEMBRE. DECLARACION.",116516,0,0
2014-09-09,19265,https://parlamento.gub.uy/documentosyleyes/leyes/ley/19265,https://www.impo.com.uy/bases/leyes/19265-2014,"CUENCA, MELCHORA. ESCUELA 226 MONTEVIDEO (DPTO). DENOMINACION.",107302,0,0
2014-09-05,19264,https://parlamento.gub.uy/documentosyleyes/leyes/ley/19264,https://www.impo.com.uy/bases/leyes/19264-2014,"BIENES Y SERVICIOS USO Y CONSUMO. NORMAS ESPECIFICACIONES TECNICAS. CONTRALOR.",118223,0,1
2014-08-29,19263,https://parlamento.gub.uy/documentosyleyes/leyes/ley/19263,https://www.impo.com.uy/bases/leyes/19263-2014,"IMPUESTO PATRIMONIO. RECAUDACION FINANCIACION PROYECTOS. REGIMEN. MODIFICACION.",120977,3,0
2014-08-29,19262,https://parlamento.gub.uy/documentosyleyes/leyes/ley/19262,https://www.impo.com.uy/bases/leyes/19262-2014,"MARRAKECH. TRATADO ACCESIBILIDAD OBRAS IMPRESAS DISCAPACITADOS VISUALES. APROBACION.",120568,0,1
2014-08-29,19261,https://parlamento.gub.uy/documentosyleyes/leyes/ley/19261,https://www.impo.com.uy/bases/leyes/19261-2014,"MERCOSUR-BOLIVIA-CHILE. LITIGIOS SIN GASTOS Y ASISTENCIA JURIDICA GRATUITA. CONVENIO. APROBACION.",104084,0,0
2014-08-29,19260,https://parlamento.gub.uy/documentosyleyes/leyes/ley/19260,https://www.impo.com.uy/bases/leyes/19260-2014,"GEORGIA-URUGUAY. COOPERACION. CONVENIO. APROBACION.",118889,0,0
2014-08-28,19259,https://parlamento.gub.uy/documentosyleyes/leyes/ley/19259,https://www.impo.com.uy/bases/leyes/19259-2014,"PRODUCTOS TABACO. COMERCIO ILICITO. ELIMINACION. CONVENIO. APROBACION.",119032,0,0
2014-08-28,19258,https://parlamento.gub.uy/documentosyleyes/leyes/ley/19258,https://www.impo.com.uy/bases/leyes/19258-2014,"COLEGIO CIENCIAS VETERINARIAS (NACIONAL). CREACION.",115412,0,0
2014-08-28,19257,https://parlamento.gub.uy/documentosyleyes/leyes/ley/19257,https://www.impo.com.uy/bases/leyes/19257-2014,"RUMANIA-URUGUAY. DOBLE IMPOSICION IMPUESTOS. CONVENIO. APROBACION.",115309,0,0
2014-08-28,19256,https://parlamento.gub.uy/documentosyleyes/leyes/ley/19256,https://www.impo.com.uy/bases/leyes/19256-2014,"DESFILE CONMEMORATIVO INDEPENDENCIA BRASIL. EFECTIVOS MILITARES. SALIDA PAIS. AUTORIZACION.",121765,0,0
2014-08-28,19255,https://parlamento.gub.uy/documentosyleyes/leyes/ley/19255,https://www.impo.com.uy/bases/leyes/19255-2014,"EJERCICIO SALITRE 2014. INTEGRANTES FUERZA AEREA. SALIDA PAIS. AUTORIZACION.",121284,0,0
2014-08-28,19254,https://parlamento.gub.uy/documentosyleyes/leyes/ley/19254,https://www.impo.com.uy/bases/leyes/19254-2014,"FAMILIARES URUGUAYOS PAISES MERCOSUR Y ESTADOS ASOCIADOS. RESIDENCIA PERMANENTE URUGUAY. OTORGAMIENTO. REGIMEN. MODIFICACION.",120130,1,0
2014-08-28,19253,https://parlamento.gub.uy/documentosyleyes/leyes/ley/19253,https://www.impo.com.uy/bases/leyes/19253-2014,"TURISMO. INTERES NACIONAL. DECLARACION.",116444,5,2
2014-08-28,19252,https://parlamento.gub.uy/documentosyleyes/leyes/ley/19252,https://www.impo.com.uy/bases/leyes/19252-2014,"LABOR LITERARIA E INTELECTUAL. PREMIOS. ADJUDICACION.",120048,2,0
2014-08-15,19251,https://parlamento.gub.uy/documentosyleyes/leyes/ley/19251,https://www.impo.com.uy/bases/leyes/19251-2014,"EJERCICIO ATLASUR. BUQUE ARMADA NACIONAL. SALIDA PAIS. AUTORIZACION.",121393,0,0
2014-08-15,19250,https://parlamento.gub.uy/documentosyleyes/leyes/ley/19250,https://www.impo.com.uy/bases/leyes/19250-2014,"OPERACION ESNAL II. INTEGRANTES ARMADA NACIONAL. SALIDA PAIS. AUTORIZACION.",121283,0,0
2014-08-15,19249,https://parlamento.gub.uy/documentosyleyes/leyes/ley/19249,https://www.impo.com.uy/bases/leyes/19249-2014,"CAMPAÑA ANTARTICA 2014. OPERACION ANTARKOS XXX. EFECTIVOS ARMADA NACIONAL. SALIDA PAIS. AUTORIZACION.",121285,0,0
2014-08-15,19248,https://parlamento.gub.uy/documentosyleyes/leyes/ley/19248,https://www.impo.com.uy/bases/leyes/19248-2014,"CORPORACION INTERAMERICANA INVERSIONES (CII). CAPITAL ACCIONARIO. AUMENTO. AUTORIZACION.",120652,2,0
2014-08-15,19247,https://parlamento.gub.uy/documentosyleyes/leyes/ley/19247,https://www.impo.com.uy/bases/leyes/19247-2014,"TRAFICO DE ARMAS. DELITO. TIPIFICACION.",112037,6,5
2014-08-15,19246,https://parlamento.gub.uy/documentosyleyes/leyes/ley/19246,https://www.impo.com.uy/bases/leyes/19246-2014,"DERECHO COMERCIAL MARITIMO. NORMAS. CODIGO COMERCIO. MODIFICACION.",119401,1,0
2014-07-25,19245,https://parlamento.gub.uy/documentosyleyes/leyes/ley/19245,https://www.impo.com.uy/bases/leyes/19245-2014,"PENSION ALIMENTICIA. COBRO. PRESENTACION CERTIFICADO AFILIACION CAJA PROFESIONALES. EXCEPCION.",117744,1,0
2014-07-25,19244,https://parlamento.gub.uy/documentosyleyes/leyes/ley/19244,https://www.impo.com.uy/bases/leyes/19244-2014,"TABACO. PUBLICIDAD, PROMOCION Y PATROCINIO. REGIMEN. MODIFICACION.",117021,2,0
2014-07-25,19243,https://parlamento.gub.uy/documentosyleyes/leyes/ley/19243,https://www.impo.com.uy/bases/leyes/19243-2014,"DESFILE CONMEMORATIVO INDEPENDENCIA BRASIL. EFECTIVOS EJERCITO NACIONAL. SALIDA PAIS. AUTORIZACION.",121438,0,0
2014-07-25,19242,https://parlamento.gub.uy/documentosyleyes/leyes/ley/19242,https://www.impo.com.uy/bases/leyes/19242-2014,"FUERZAS COMANDO 2014. EFECTIVOS EJERCITO NACIONAL. SALIDA PAIS. AUTORIZACION.",121110,0,0
2014-07-21,19241,https://parlamento.gub.uy/documentosyleyes/leyes/ley/19241,https://www.impo.com.uy/bases/leyes/19241-2014,"MANDELA, Nelson. ESCUELA 183 (MONTEVIDEO). DENOMINACION.",116860,0,0
2014-07-20,19240,https://parlamento.gub.uy/documentosyleyes/leyes/ley/19240,https://www.impo.com.uy/bases/leyes/19240-2014,"CAPITAL NACIONAL DE COOPERATIVISMO. SALTO (SALTO). DECLARATORIA.",120773,0,0
2014-07-20,19239,https://parlamento.gub.uy/documentosyleyes/leyes/ley/19239,https://www.impo.com.uy/bases/leyes/19239-2014,"GUERRA MENDEZ, Eduardo. HOSPITAL RIO BRANCO (CERRO LARGO). DENOMINACION.",116073,0,0
2014-07-20,19238,https://parlamento.gub.uy/documentosyleyes/leyes/ley/19238,https://www.impo.com.uy/bases/leyes/19238-2014,"ARTIGAS (ARTIGAS). CAPITAL PIEDRAS PRECIOSAS Y SEMIPRECIOSAS, AMATISTAS Y AGATAS (NACIONAL). DECLARACION.",104634,0,0
2014-07-15,19237,https://parlamento.gub.uy/documentosyleyes/leyes/ley/19237,https://www.impo.com.uy/bases/leyes/19237-2014,"QUEBRACHO (PAYSANDU). CIUDAD. DELCARATORIA.",104071,0,1
2014-07-15,19236,https://parlamento.gub.uy/documentosyleyes/leyes/ley/19236,https://www.impo.com.uy/bases/leyes/19236-2014,"VILLA RODRIGUEZ (SAN JOSE). CIUDAD. DECLARATORIA.",116862,0,0
2014-07-11,19235,https://parlamento.gub.uy/documentosyleyes/leyes/ley/19235,https://www.impo.com.uy/bases/leyes/19235-2014,"TRABAJADOR ARATIRI S.A. SEGURO DESEMPLEO. PLAZO. PRORROGA.",121294,2,0
2014-07-11,19234,https://parlamento.gub.uy/documentosyleyes/leyes/ley/19234,https://www.impo.com.uy/bases/leyes/19234-2014,"FEMENIAS VIGNEAU, Jorge. ESCUELA TECNICA LA PAZ (CANELONES). DENOMINACION.",105253,0,0
2014-07-11,19233,https://parlamento.gub.uy/documentosyleyes/leyes/ley/19233,https://www.impo.com.uy/bases/leyes/19233-2014,"PENADOS EN LIBERTAD CONDICIONAL O ANTICIPADA. CAUSAS PENALES. CLAUSURA PROVISORIA.",120605,0,0
2014-07-10,19232,https://parlamento.gub.uy/documentosyleyes/leyes/ley/19232,https://www.impo.com.uy/bases/leyes/19232-2014,"YAGUATIRICA. PUENTE RUTA 27 ARROYO YAGUARI (RIVERA). DENOMINACION.",119719,0,0
2014-06-27,19231,https://parlamento.gub.uy/documentosyleyes/leyes/ley/19231,https://www.impo.com.uy/bases/leyes/19231-2014,"FONDO COLONIZACION (NACIONAL). CREACION.",118454,3,0
2014-06-27,19230,https://parlamento.gub.uy/documentosyleyes/leyes/ley/19230,https://www.impo.com.uy/bases/leyes/19230-2014,"COOPERATIVAS. INSCRIPCION ESTATUTO.PLAZO. INTERPRETACION.",121259,3,0
2014-06-27,19229,https://parlamento.gub.uy/documentosyleyes/leyes/ley/19229,https://www.impo.com.uy/bases/leyes/19229-2014,"HERNANDEZ GOMEZ, María Catalina. ESCUELA 6 PUEBLO BELEN (SALTO). DENOMINACION.",110290,0,0
2014-06-27,19228,https://parlamento.gub.uy/documentosyleyes/leyes/ley/19228,https://www.impo.com.uy/bases/leyes/19228-2014,"PAGOS ELECTRONICOS. DESCUENTO IVA. VIGENCIA. FECHA. DETERMINACION.",121190,1,0
2014-06-24,19227,https://parlamento.gub.uy/documentosyleyes/leyes/ley/19227,https://www.impo.com.uy/bases/leyes/19227-2014,"DIVERSIDAD BIOLOGICA. RECURSOS GENETICOS. PROTOCOLO NAGOYA. APROBACION",113732,0,0
2014-06-17,19226,https://parlamento.gub.uy/documentosyleyes/leyes/ley/19226,https://www.impo.com.uy/bases/leyes/19226-2014,"JUEZ EJECUCION. COMPETENCIA. CODIGO PROCESO PENAL. MODIFICACION.",120604,1,0
2014-06-14,19225,https://parlamento.gub.uy/documentosyleyes/leyes/ley/19225,https://www.impo.com.uy/bases/leyes/19225-2014,"ARMAS. COMERCIO. CONVENIO ONU. APROBACION.",118884,0,0
2014-06-13,19224,https://parlamento.gub.uy/documentosyleyes/leyes/ley/19224,https://www.impo.com.uy/bases/leyes/19224-2014,"AUSTRALIA-URUGUAY. INFORMACION TRIBUTARIA. CONVENIO. APROBACION.",115737,0,0
2014-06-13,19223,https://parlamento.gub.uy/documentosyleyes/leyes/ley/19223,https://www.impo.com.uy/bases/leyes/19223-2014,"CANADA-URUGUAY. INFORMACION TRIBUTARIA. CONVOCATORIA. APROBACION.",116880,0,0
2014-06-13,19222,https://parlamento.gub.uy/documentosyleyes/leyes/ley/19222,https://www.impo.com.uy/bases/leyes/19222-2014,"ALEMANIA-URUGUAY. SEGURIDAD SOCIAL. CONVENIO. APROBACION.",118260,0,0
2014-06-13,19221,https://parlamento.gub.uy/documentosyleyes/leyes/ley/19221,https://www.impo.com.uy/bases/leyes/19221-2014,"ARGENTINA-URUGUAY. CONTROL ESPACIO AEREO. CONVENIO. APROBACION.",114726,0,0
2014-06-13,19220,https://parlamento.gub.uy/documentosyleyes/leyes/ley/19220,https://www.impo.com.uy/bases/leyes/19220-2014,"LUXEMBURGO-URUGUAY. SEGURIDAD SOCIAL. CONVENIO. APROBACION.",118547,0,0
2014-06-13,19219,https://parlamento.gub.uy/documentosyleyes/leyes/ley/19219,https://www.impo.com.uy/bases/leyes/19219-2014,"SUIZA-URUGUAY. SEGURIDAD SOCIAL. CONVENIO. APROBACION.",118888,0,0
2014-06-13,19218,https://parlamento.gub.uy/documentosyleyes/leyes/ley/19218,https://www.impo.com.uy/bases/leyes/19218-2014,"VIETNAM - URUGUAY. PROTECCION CIENTIFICA Y TECNOLOGICA. CONVENIO. APROBACION.",115618,0,0
2014-05-23,19217,https://parlamento.gub.uy/documentosyleyes/leyes/ley/19217,https://www.impo.com.uy/bases/leyes/19217-2014,"MERCOSUR. ADHESION BOLIVIA. CONVENIO. APROBACION.",118891,0,0
2014-05-23,19216,https://parlamento.gub.uy/documentosyleyes/leyes/ley/19216,https://www.impo.com.uy/bases/leyes/19216-2014,"MERCOSUR - PALESTINA. COMERCIO Y COOPERACION ECONOMICA. CONVENIO. APROBACION.",111603,0,0
2014-05-23,19215,https://parlamento.gub.uy/documentosyleyes/leyes/ley/19215,https://www.impo.com.uy/bases/leyes/19215-2014,"OMC. CONSEJO GENERAL. DECISION WT/L/641. APROBACION.",113854,0,0
2014-05-23,19214,https://parlamento.gub.uy/documentosyleyes/leyes/ley/19214,https://www.impo.com.uy/bases/leyes/19214-2014,"URUGUAY - BRASIL. LIBRE CIRCULACION PERSONAS. RESIDENCIA PERMANENTE. CONVENIO. APROBACION.",118885,0,0
2014-05-22,19213,https://parlamento.gub.uy/documentosyleyes/leyes/ley/19213,https://www.impo.com.uy/bases/leyes/19213-2014,"FONDO FINANCIERO DESARROLLO CUENCA DEL PLATA (FONPLATA). CAPITAL. AUMENTO. AUTORIZACION.",119574,1,0
2014-05-22,19212,https://parlamento.gub.uy/documentosyleyes/leyes/ley/19212,https://www.impo.com.uy/bases/leyes/19212-2014,"TRABAJADOR PLUNA S.A. SEGURO DESEMPLEO. PLAZO. PRORROGA.",120884,2,0
2014-05-16,19211,https://parlamento.gub.uy/documentosyleyes/leyes/ley/19211,https://www.impo.com.uy/bases/leyes/19211-2014,"DIA RESISTENCIA Y DEFENSA DEMOCRACIA - 27 JUNIO. DECLARACION.",114795,1,0
2014-04-29,19210,https://parlamento.gub.uy/documentosyleyes/leyes/ley/19210,https://www.impo.com.uy/bases/leyes/19210-2014,"SERVICIOS FINANCIEROS Y MEDIOS PAGO ELECTRONICOS. USO. PROMOCION.",119399,20,18
2014-04-28,19209,https://parlamento.gub.uy/documentosyleyes/leyes/ley/19209,https://www.impo.com.uy/bases/leyes/19209-2014,"EJERCICIO TANQUE 2014. FUERZA AEREA URUGUAYA Y ARGENTINA. PARTICIPACION. AUTORIZACION.",120251,0,0
2014-04-18,19208,https://parlamento.gub.uy/documentosyleyes/leyes/ley/19208,https://www.impo.com.uy/bases/leyes/19208-2014,"FUNCIONARIOS EMPRESAS PUBLICAS NO ESTATALES O DE ECONOMIA MIXTA. DECLARACION JURADA BIENES E INGRESOS. OBLIGATORIEDAD.",114167,2,0
2014-04-18,19207,https://parlamento.gub.uy/documentosyleyes/leyes/ley/19207,https://www.impo.com.uy/bases/leyes/19207-2014,"CUARO (ARTIGAS). PUEBLO. DECLARATORIA. PUEBLO CUARO. DENOMINACION.",116863,0,0
2014-04-18,19206,https://parlamento.gub.uy/documentosyleyes/leyes/ley/19206,https://www.impo.com.uy/bases/leyes/19206-2014,"DIRECCION POLICIA CIENTIFICA (NACIONAL). DENOMINACION. LEY ORGANICA POLICIAL. MODIFICACION.",105316,2,0
2014-04-11,19205,https://parlamento.gub.uy/documentosyleyes/leyes/ley/19205,https://www.impo.com.uy/bases/leyes/19205-2014,"ARMAS QUIMICAS Y SUSTANCIAS TOXICAS O PRECURSORES. EMPLEO. DELITO. TIPIFICACION.",103819,0,0
2014-04-11,19204,https://parlamento.gub.uy/documentosyleyes/leyes/ley/19204,https://www.impo.com.uy/bases/leyes/19204-2014,"CONTAMINACION POR BUQUES. PREVENCION. CONVENIO OMI. PROTOCOLO. APROBACION.",106384,0,0
2014-04-11,19203,https://parlamento.gub.uy/documentosyleyes/leyes/ley/19203,https://www.impo.com.uy/bases/leyes/19203-2014,"TRANQUERAS (RIVERA). DECLARACION PUEBLO. CENTENARIO. DECLARACION.",118034,0,0
2014-04-11,19202,https://parlamento.gub.uy/documentosyleyes/leyes/ley/19202,https://www.impo.com.uy/bases/leyes/19202-2014,"DOMINICA - URUGUAY. COOPERACION. CONVENIO. APROBACION.",116882,0,0
2014-04-08,19201,https://parlamento.gub.uy/documentosyleyes/leyes/ley/19201,https://www.impo.com.uy/bases/leyes/19201-2014,"MALFATTO LARGHERO, HECTOR. POLICLINICA BAUTISTA (CANELONES). DENOMINACION.",105665,0,0
2014-04-04,19200,https://parlamento.gub.uy/documentosyleyes/leyes/ley/19200,https://www.impo.com.uy/bases/leyes/19200-2014,"EJERCICIO RIO VI. FUERZA AEREA URUGUAYA Y ARGENTINA. PARTICIPACION. AUTORIZACION.",120252,0,0
2014-04-04,19199,https://parlamento.gub.uy/documentosyleyes/leyes/ley/19199,https://www.impo.com.uy/bases/leyes/19199-2014,"EJERCICIO COMBINADO COOPERACION III. FUERZA AEREA URUGUAYA. SALIDA PAIS. AUTORIZACION.",120250,0,0
2014-04-04,19198,https://parlamento.gub.uy/documentosyleyes/leyes/ley/19198,https://www.impo.com.uy/bases/leyes/19198-2014,"OIT. CONVENIO 176 SEGURIDAD Y SALUD EN LAS MINAS. APROBACION-",116463,0,0
2014-03-26,19197,https://parlamento.gub.uy/documentosyleyes/leyes/ley/19197,https://www.impo.com.uy/bases/leyes/19197-2014,"INFLACION. DISMINUCION. MEDIDAS. ADOPCION.",120481,1,0
2014-03-25,19196,https://parlamento.gub.uy/documentosyleyes/leyes/ley/19196,https://www.impo.com.uy/bases/leyes/19196-2014,"ACCIDENTES LABORALES. RESPONSABILIDAD PENAL EMPLEADOR. CODIGO PENAL. MODIFICACION.",114861,2,0
2014-03-15,19195,https://parlamento.gub.uy/documentosyleyes/leyes/ley/19195,https://www.impo.com.uy/bases/leyes/19195-2014,"EMIRATOS ARABES UNIDOS- URUGUAY. SERVICIOS AEREOS. ACUERDO. APROBACION.",118388,0,0
2014-03-13,19194,https://parlamento.gub.uy/documentosyleyes/leyes/ley/19194,https://www.impo.com.uy/bases/leyes/19194-2014,"AMBROSONI APA, PEDRO OSCAR Y LUIS MARIO ROASCIO. ESCUELAS 23 Y 56 SALTO (DPTO). DENOMINACION.",113770,1,0
2014-03-13,19193,https://parlamento.gub.uy/documentosyleyes/leyes/ley/19193,https://www.impo.com.uy/bases/leyes/19193-2014,"LOCKHART DE VUAN, ELISA. LICEO PALMAR (SORIANO). DENOMINACION.",109806,0,0
2014-03-13,19192,https://parlamento.gub.uy/documentosyleyes/leyes/ley/19192,https://www.impo.com.uy/bases/leyes/19192-2014,"LARROSA MARTINEZ, MARIA NILA. ESCUELA 97 (ROCHA). DENOMINACION.",107509,0,0
2014-03-13,19191,https://parlamento.gub.uy/documentosyleyes/leyes/ley/19191,https://www.impo.com.uy/bases/leyes/19191-2014,"MERCEDES (SORIANO). CAPITAL NACIONAL DEL JAZZ. DECLARACION.",117617,0,0
2014-01-16,19190,https://parlamento.gub.uy/documentosyleyes/leyes/ley/19190,https://www.impo.com.uy/bases/leyes/19190-2014,"ENRIQUE MARTINEZ (TREINTA Y TRES). CENTENARIO FUNDACION 15 FEBRERO 2014. FERIADO. DECLARACION.",119842,0,0
2014-01-13,19189,https://parlamento.gub.uy/documentosyleyes/leyes/ley/19189,https://www.impo.com.uy/bases/leyes/19189-2014,"OFICIALES SUPERIORES Y PERSONAL MILITAR. RETIRO OBLIGATORIO. LEY ORGANICA. MODIFICACION.",118792,3,1
2014-01-07,19188,https://parlamento.gub.uy/documentosyleyes/leyes/ley/19188,https://www.impo.com.uy/bases/leyes/19188-2014,"EDUCACION POLICIAL Y MILITAR. REDISEÑO INTEGRAL. REGIMEN.",113938,2,0
2014-01-02,19187,https://parlamento.gub.uy/documentosyleyes/leyes/ley/19187,https://www.impo.com.uy/bases/leyes/19187-2014,"CODICEN Y CONSEJOS EDUCACION. ELECCION MIEMBROS. REGIMEN. MODIFICACION.",118725,3,1
2013-12-30,19186,https://parlamento.gub.uy/documentosyleyes/leyes/ley/19186,https://www.impo.com.uy/bases/leyes/19186-2013,"HAITI. MISION PAZ ONU. CONTINGENTE MILITAR. PERMANENCIA. PRORROGA.",119729,1,0
2013-12-29,19185,https://parlamento.gub.uy/documentosyleyes/leyes/ley/19185,https://www.impo.com.uy/bases/leyes/19185-2013,"DEUDORES BPS. MICRO Y PEQUEÑAS EMPRESAS, ASOCIACIONES CIVILES SIN FINES LUCRO E INSTITUCIONES DEPORTIVAS. FACILIDADES PAGO. PLAZO. EXTENSION.",118980,3,0
2013-12-29,19184,https://parlamento.gub.uy/documentosyleyes/leyes/ley/19184,https://www.impo.com.uy/bases/leyes/19184-2013,"TRABAJADOR INDUSTRIA FRIGORIFICA. SEGURO DESEMPLEO. PRORROGA.",119454,2,0
2013-12-29,19183,https://parlamento.gub.uy/documentosyleyes/leyes/ley/19183,https://www.impo.com.uy/bases/leyes/19183-2013,"TRABAJADOR COOPERATIVA INDUSTRIAL MARAGATA (COOPIMA). SEGURO DESEMPLEO. PRORROGA.",119605,2,0
2013-12-29,19182,https://parlamento.gub.uy/documentosyleyes/leyes/ley/19182,https://www.impo.com.uy/bases/leyes/19182-2013,"TRABAJADOR CHIC FRANCES S.A. SEGURO DESEMPLEO. PRORROGA.",119561,2,0
2013-12-29,19181,https://parlamento.gub.uy/documentosyleyes/leyes/ley/19181,https://www.impo.com.uy/bases/leyes/19181-2013,"COOPERATIVAS. CONSTITUCION Y FUNCIONAMIENTO. REGIMEN. MODIFICACION.",112129,14,3
2013-12-29,19180,https://parlamento.gub.uy/documentosyleyes/leyes/ley/19180,https://www.impo.com.uy/bases/leyes/19180-2013,"PLUNA S.A. PERMISOS FRECUENCIAS VUELO. PRORROGA.",118908,1,0
2013-12-27,19179,https://parlamento.gub.uy/documentosyleyes/leyes/ley/19179,https://www.impo.com.uy/bases/leyes/19179-2013,"INFORMACION ORGANISMOS ESTADO. PROGRAMAS COMPUTACION FORMATO ABIERTO Y ESTANDAR. REGIMEN.",30805,0,1
2013-12-27,19178,https://parlamento.gub.uy/documentosyleyes/leyes/ley/19178,https://www.impo.com.uy/bases/leyes/19178-2013,"INFORMACION PUBLICA RESERVADA. CLASIFICACION. LEY. MODIFICACION.",119419,1,0
2013-12-27,19177,https://parlamento.gub.uy/documentosyleyes/leyes/ley/19177,https://www.impo.com.uy/bases/leyes/19177-2013,"DECLARACION JURADA BIENES E INGRESOS AUTORIDADES Y FUNCIONARIOS PUBLICOS. SOPORTE ELECTRONICO. INSTRUMENTACION.",119707,2,0
2013-12-20,19176,https://parlamento.gub.uy/documentosyleyes/leyes/ley/19176,https://www.impo.com.uy/bases/leyes/19176-2013,"REGULES, ELIAS. PUENTE ARROYO MALBAJAR RUTA 14 (DURAZNO). DENOMINACION.",118160,0,0
2013-12-20,19175,https://parlamento.gub.uy/documentosyleyes/leyes/ley/19175,https://www.impo.com.uy/bases/leyes/19175-2013,"PESCA Y ACUICULTURA. REGIMEN.",100305,4,1
2013-12-20,19174,https://parlamento.gub.uy/documentosyleyes/leyes/ley/19174,https://www.impo.com.uy/bases/leyes/19174-2013,"CROACIA-URUGUAY. COOPERACION. CONVENIO. APROBACION.",114994,0,0
2013-12-20,19173,https://parlamento.gub.uy/documentosyleyes/leyes/ley/19173,https://www.impo.com.uy/bases/leyes/19173-2013,"MERCOSUR. NORMAS COMPETENCIA. DEFENSA. CONVENIO. APROBACION.",112863,0,0
2013-12-20,19172,https://parlamento.gub.uy/documentosyleyes/leyes/ley/19172,https://www.impo.com.uy/bases/leyes/19172-2013,"MARIHUANA. PRODUCCION, COMERCIO Y CONSUMO. CONTROL. REGIMEN.",113662,6,5
2013-12-13,19171,https://parlamento.gub.uy/documentosyleyes/leyes/ley/19171,https://www.impo.com.uy/bases/leyes/19171-2013,"VEHICULOS USADOS. IMPORTACION. PROHIBICION. PRORROGA.",118322,4,0
2013-12-13,19170,https://parlamento.gub.uy/documentosyleyes/leyes/ley/19170,https://www.impo.com.uy/bases/leyes/19170-2013,"NORUEGA-URUGUAY. INTERCAMBIO MATERIA TRIBUTARIA. CONVENIO. APROBACION.",111610,0,0
2013-12-13,19169,https://parlamento.gub.uy/documentosyleyes/leyes/ley/19169,https://www.impo.com.uy/bases/leyes/19169-2013,"OPERACION ESNAL 2013. INTEGRANTES ARMADA NACIONAL. SALIDA PAIS. AUTORIZACION.",119247,0,0
2013-11-25,19168,https://parlamento.gub.uy/documentosyleyes/leyes/ley/19168,https://www.impo.com.uy/bases/leyes/19168-2013,"AUTOMOVILES CON TAXIMETRO. NAFTA. IMPUESTOS. DEVOLUCION. REGIMEN.",116946,1,0
2013-11-22,19167,https://parlamento.gub.uy/documentosyleyes/leyes/ley/19167,https://www.impo.com.uy/bases/leyes/19167-2013,"REPRODUCCION HUMANA ASISTIDA . TECNICAS. REGULACION.",3614,1,1
2013-11-19,19166,https://parlamento.gub.uy/documentosyleyes/leyes/ley/19166,https://www.impo.com.uy/bases/leyes/19166-2013,"ROCHA (ROCHA). ANIVERSARIO FUNDACION (220). FERIADO NO LABORABLE. DECLARACION.",119387,0,0
2013-11-17,19165,https://parlamento.gub.uy/documentosyleyes/leyes/ley/19165,https://www.impo.com.uy/bases/leyes/19165-2013,"REQUITERENA VOGT, ALFONSO. LICEO 2 FRAY BENTOS (RIO NEGRO). DENOMINACION.",108946,0,0
2013-11-15,19164,https://parlamento.gub.uy/documentosyleyes/leyes/ley/19164,https://www.impo.com.uy/bases/leyes/19164-2013,"COOPERATIVAS MEDICAS. TRANSFORMACION. ADECUACION ESTATUTOS. PLAZO. PRORROGA.",118321,3,0
2013-11-01,19163,https://parlamento.gub.uy/documentosyleyes/leyes/ley/19163,https://www.impo.com.uy/bases/leyes/19163-2013,"CAMPAÑA ANTARTICA 2013. OPERACION ANTARKOS III. EFCTIVOS ARMADA NACIONAL. SALIDA PAIS. AUTORIZACION.",119072,0,0
2013-11-01,19162,https://parlamento.gub.uy/documentosyleyes/leyes/ley/19162,https://www.impo.com.uy/bases/leyes/19162-2013,"AFAP. AFILIADO REGIMEN PREVISIONAL MIXTO POR OPCION. REVOCACION. AUTORIZACION",118845,4,2
2013-11-01,19161,https://parlamento.gub.uy/documentosyleyes/leyes/ley/19161,https://www.impo.com.uy/bases/leyes/19161-2013,"SUBSIDIOS Y LICENCIA MATERNIDAD Y PATERNIDAD TRABAJADOR ACTIVIDAD PRIVADA. REGIMEN.",118979,5,4
2013-11-01,19160,https://parlamento.gub.uy/documentosyleyes/leyes/ley/19160,https://www.impo.com.uy/bases/leyes/19160-2013,"TRABAJADOR DEPENDIENTE. JUBILACION PARCIAL. COMPATIBILIDAD. REGIMEN.",118473,1,0
2013-10-25,19159,https://parlamento.gub.uy/documentosyleyes/leyes/ley/19159,https://www.impo.com.uy/bases/leyes/19159-2013,"TALLERES PRODUCCION PROTEGIDA. CREACION.",38370,6,0
2013-10-25,19158,https://parlamento.gub.uy/documentosyleyes/leyes/ley/19158,https://www.impo.com.uy/bases/leyes/19158-2013,"INSTITUTO URUGUAYO METEOROLOGIA (INUMET). CREACION.",116090,3,0
2013-10-25,19157,https://parlamento.gub.uy/documentosyleyes/leyes/ley/19157,https://www.impo.com.uy/bases/leyes/19157-2013,"UNASUR. COMPROMISO CON LA DEMOCRACIA. PROTOCOLO ADICIONAL. APROBACION.",111808,0,0
2013-10-24,19156,https://parlamento.gub.uy/documentosyleyes/leyes/ley/19156,https://www.impo.com.uy/bases/leyes/19156-2013,"OFICIALES SUPERIORES FF.AA. SERVICIO RETIROS Y PENSIONES. HABER RETIRO. MODIFICACION",117862,1,0
2013-10-24,19155,https://parlamento.gub.uy/documentosyleyes/leyes/ley/19155,https://www.impo.com.uy/bases/leyes/19155-2013,"MERCOSUR. PROTOCOLO OLIVOS. MODIFICACION. APROBACION.",113325,0,0
2013-10-24,19154,https://parlamento.gub.uy/documentosyleyes/leyes/ley/19154,https://www.impo.com.uy/bases/leyes/19154-2013,"ACTIVIDADES ARTISTICAS. COMPATIBILIDAD JUBILACION O RETIRO.",116451,1,1
2013-10-24,19153,https://parlamento.gub.uy/documentosyleyes/leyes/ley/19153,https://www.impo.com.uy/bases/leyes/19153-2013,"CUENTAS BANCARIAS SUELDOS, PASIVIDADES Y DEPOSITOS AHORRO PREVIO BHU. INEMBARGABILIDAD.",118158,1,1
2013-10-24,19152,https://parlamento.gub.uy/documentosyleyes/leyes/ley/19152,https://www.impo.com.uy/bases/leyes/19152-2013,"TEXEIRA DE BASALDUA, Eneida. ESCUELA 54 (ARTIGAS). DENOMINACION.",115995,0,0
2013-10-24,19151,https://parlamento.gub.uy/documentosyleyes/leyes/ley/19151,https://www.impo.com.uy/bases/leyes/19151-2013,"VOLPI MESSINGER, Enrique Fructuoso. PLAZA VILLA CONSTITUCION (SALTO). DENOMINACION.",116534,0,0
2013-10-24,19150,https://parlamento.gub.uy/documentosyleyes/leyes/ley/19150,https://www.impo.com.uy/bases/leyes/19150-2013,"ANZUELA TURIENZO, Ulises. PLAZA DEPORTES NUEVA PALMIRA (COLONIA). DENOMINACION.",110297,0,0
2013-10-24,19149,https://parlamento.gub.uy/documentosyleyes/leyes/ley/19149,https://www.impo.com.uy/bases/leyes/19149-2013,"RENDICION CUENTAS 2012. APROBACION.",117545,137,13
2013-10-18,19148,https://parlamento.gub.uy/documentosyleyes/leyes/ley/19148,https://www.impo.com.uy/bases/leyes/19148-2013,"EJERCICIO CRUZEX FLIGHT. INTEGRANTES FUERZA AEREA. SALIDA PAIS. AUTORIZACION.",117752,0,0
2013-10-18,19147,https://parlamento.gub.uy/documentosyleyes/leyes/ley/19147,https://www.impo.com.uy/bases/leyes/19147-2013,"OBSERVATORIO AMBIENTAL NACIONAL (OAN). CREACION.",111385,2,1
2013-10-18,19146,https://parlamento.gub.uy/documentosyleyes/leyes/ley/19146,https://www.impo.com.uy/bases/leyes/19146-2013,"FUERZAS ARMADAS. BAJA. CAUSAL. DERECHO RETIRO. CARTA ORGANICA. MODIFICACION.",115667,2,0
2013-10-17,19145,https://parlamento.gub.uy/documentosyleyes/leyes/ley/19145,https://www.impo.com.uy/bases/leyes/19145-2013,"BOLIVIA-URUGUAY. COOPERACION TECNICA Y CIENTIFICA. CONVENIO. APROBACION.",115786,0,0
2013-10-17,19144,https://parlamento.gub.uy/documentosyleyes/leyes/ley/19144,https://www.impo.com.uy/bases/leyes/19144-2013,"URUGUAY-INSTITUTO INTERAMERICANO INVESTIGACION CAMBIO GLOBAL (IAI). SEDE. CONVENIO. APROBACION.",115989,0,0
2013-10-17,19143,https://parlamento.gub.uy/documentosyleyes/leyes/ley/19143,https://www.impo.com.uy/bases/leyes/19143-2013,"MERCOSUR. ACTIVIDADES ACADEMICAS. TITULO UNIVERSITARIO. ADMISION. CONVENIO. APROBACION.",113437,0,0
2013-10-14,19142,https://parlamento.gub.uy/documentosyleyes/leyes/ley/19142,https://www.impo.com.uy/bases/leyes/19142-2013,"ARMADA NACIONAL. JURISDICCION. LEY ORGANICA MILITAR. MODIFICACION.",114023,1,1
2013-10-11,19141,https://parlamento.gub.uy/documentosyleyes/leyes/ley/19141,https://www.impo.com.uy/bases/leyes/19141-2013,"ANDRESITO. ESCUELA 45 RIVERA. DENOMINACION.",114995,0,0
2013-10-11,19140,https://parlamento.gub.uy/documentosyleyes/leyes/ley/19140,https://www.impo.com.uy/bases/leyes/19140-2013,"ALIMENTACION SALUDABLE EN CENTROS EDUCATIVOS. PROMOCION.",108988,0,0
2013-10-09,19139,https://parlamento.gub.uy/documentosyleyes/leyes/ley/19139,https://www.impo.com.uy/bases/leyes/19139-2013,"OFICIALES SUPERIORES FFAA. SUBESCALAFON JUSTICIA MILITAR. HABER RETIRO. MODIFICACION.",117477,1,0
2013-10-03,19138,https://parlamento.gub.uy/documentosyleyes/leyes/ley/19138,https://www.impo.com.uy/bases/leyes/19138-2013,"COBRE. REGISTRO INDUSTRIALIZADORES Y COMERCIALIZADORES (NACIONAL). CREACION.",107595,0,0
2013-10-03,19137,https://parlamento.gub.uy/documentosyleyes/leyes/ley/19137,https://www.impo.com.uy/bases/leyes/19137-2013,"PRADO. EDIFICIOS DESTINADOS EXPOSICIONES Y FERIAS. PATRIMONIO. TRANSFERENCIA ESTADO A INTENDENCIA MONTEVIDEO.",114851,0,0
2013-10-03,19136,https://parlamento.gub.uy/documentosyleyes/leyes/ley/19136,https://www.impo.com.uy/bases/leyes/19136-2013,"COMPTE Y RIQUE, Enriqueta (MAESTRA). JARDIN INFANTES 81 (TREINTA Y TRES). DENOMINACION.",116188,0,0
2013-09-20,19135,https://parlamento.gub.uy/documentosyleyes/leyes/ley/19135,https://www.impo.com.uy/bases/leyes/19135-2013,"LOTERIA NACIONAL. PREMIOS FIN DE AÑO Y REVANCHA REYES. PORCENTAJE. DESTINO HOSPITALES MACIEL, PASTEUR Y PEREIRA ROSSELL.",117360,1,0
2013-09-20,19134,https://parlamento.gub.uy/documentosyleyes/leyes/ley/19134,https://www.impo.com.uy/bases/leyes/19134-2013,"GRANJA SANCHEZ. PARAJE COSTAS DE CORRALES (TREINTA Y TRES). DENOMINACION.",116022,0,0
2013-09-20,19133,https://parlamento.gub.uy/documentosyleyes/leyes/ley/19133,https://www.impo.com.uy/bases/leyes/19133-2013,"EMPLEO JUVENIL. PROMOCION. REGIMEN.",114811,8,2
2013-09-20,19132,https://parlamento.gub.uy/documentosyleyes/leyes/ley/19132,https://www.impo.com.uy/bases/leyes/19132-2013,"DIA DEL BEBE. PRIMER VIERNES DE OCTUBRE. DECLARACION.",109288,0,0
2013-09-20,19131,https://parlamento.gub.uy/documentosyleyes/leyes/ley/19131,https://www.impo.com.uy/bases/leyes/19131-2013,"PAZ SOSA, Juan Carlos. PENSION GRACIABLE. OTORGAMIENTO.",115619,0,0
2013-09-20,19130,https://parlamento.gub.uy/documentosyleyes/leyes/ley/19130,https://www.impo.com.uy/bases/leyes/19130-2013,"ACOSTA RODRIGUEZ, Luis Alberto. PENSION GRACIABLE. OTORGAMIENTO.",117339,0,0
2013-09-20,19129,https://parlamento.gub.uy/documentosyleyes/leyes/ley/19129,https://www.impo.com.uy/bases/leyes/19129-2013,"VERA DIAZ, Luis Alberto. PENSION GRACIABLE. OTORGAMIENTO.",117142,0,0
2013-09-13,19128,https://parlamento.gub.uy/documentosyleyes/leyes/ley/19128,https://www.impo.com.uy/bases/leyes/19128-2013,"SANTUARIO BALLENAS Y DELFINES. AGUAS JURISDICCIONALES. DECLARACION.",114421,1,0
2013-09-13,19127,https://parlamento.gub.uy/documentosyleyes/leyes/ley/19127,https://www.impo.com.uy/bases/leyes/19127-2013,"CARMINATTI, Mario. PUENTE RUTA 2 ARROYO YAGUERETE (RIO NEGRO). DENOMINACION.",111384,0,0
2013-09-11,19126,https://parlamento.gub.uy/documentosyleyes/leyes/ley/19126,https://www.impo.com.uy/bases/leyes/19126-2013,"MINERIA GRAN PORTE (MGP). ACTIVIDAD. REGLAMENTACION.",114484,9,2
2013-08-30,19125,https://parlamento.gub.uy/documentosyleyes/leyes/ley/19125,https://www.impo.com.uy/bases/leyes/19125-2013,"DESFILE CONMEMORATIVO INDEPENDENCIA BRASIL. EFECTIVOS MILITARES. SALIDA PAIS. AUTORIZACION.",117751,0,0
2013-08-30,19124,https://parlamento.gub.uy/documentosyleyes/leyes/ley/19124,https://www.impo.com.uy/bases/leyes/19124-2013,"EJERCICIO ATLANTIS II. BARCO ARMADA ROU URUGUAY. SALIDA PAIS. AUTORIZACION.",117750,0,0
2013-08-28,19123,https://parlamento.gub.uy/documentosyleyes/leyes/ley/19123,https://www.impo.com.uy/bases/leyes/19123-2013,"TRABAJADOR SECTOR CITRICOLA. SEGURO DESEMPLEO. PLAZO. PRORROGA.",118181,2,0
2013-08-21,19122,https://parlamento.gub.uy/documentosyleyes/leyes/ley/19122,https://www.impo.com.uy/bases/leyes/19122-2013,"AFRODESCENDIENTES. ACCESO MERCADO LABORAL Y BECAS ESTUDIO. CUOTIFICACION.",110651,5,2
2013-08-20,19121,https://parlamento.gub.uy/documentosyleyes/leyes/ley/19121,https://www.impo.com.uy/bases/leyes/19121-2013,"ESTATUTO FUNCIONARIO ADMINISTRACION CENTRAL. CREACION.",114565,7,7
2013-08-20,19120,https://parlamento.gub.uy/documentosyleyes/leyes/ley/19120,https://www.impo.com.uy/bases/leyes/19120-2013,"ESPACIOS PUBLICOS. FALTAS. CODIGO PENAL. MODIFICACION.",114867,10,3
2013-08-02,19119,https://parlamento.gub.uy/documentosyleyes/leyes/ley/19119,https://www.impo.com.uy/bases/leyes/19119-2013,"MATRIMONIO IGUALITARIO. CODIGO CIVIL. MODIFICACION.",117131,2,0
2013-08-02,19118,https://parlamento.gub.uy/documentosyleyes/leyes/ley/19118,https://www.impo.com.uy/bases/leyes/19118-2013,"TRABAJADOR MINERA ARATIRI. SEGURO DESEMPLEO. PLAZO. PRORROGA.",117448,2,0
2013-07-28,19117,https://parlamento.gub.uy/documentosyleyes/leyes/ley/19117,https://www.impo.com.uy/bases/leyes/19117-2013,"SEGURIDAD CONTENEDORES 1972. CONVENIO. APROBACION.",104206,0,0
2013-07-25,19116,https://parlamento.gub.uy/documentosyleyes/leyes/ley/19116,https://www.impo.com.uy/bases/leyes/19116-2013,"GILARDONI, MERCEDES. ESCUELA RURAL 35 CERRO ALEGRE (SORIANO). DENOMINAION.",101688,0,0
2013-07-25,19115,https://parlamento.gub.uy/documentosyleyes/leyes/ley/19115,https://www.impo.com.uy/bases/leyes/19115-2013,"HUMBERTO SEGUNDO. ESCUELA RURAL 33 PASO DE LAS PIEDRAS (SAN JOSE). DENOMINACION.",109380,0,0
2013-07-25,19114,https://parlamento.gub.uy/documentosyleyes/leyes/ley/19114,https://www.impo.com.uy/bases/leyes/19114-2013,"FERNANDEZ COBELLI, Daniel Alberto. ESCUELA 331 (MONTEVIDEO). DENOMINACION.",110291,0,0
2013-07-25,19113,https://parlamento.gub.uy/documentosyleyes/leyes/ley/19113,https://www.impo.com.uy/bases/leyes/19113-2013,"TIMBO. LICEO 2 YOUNG (RIO NEGRO). DENOMINACION.",107124,0,0
2013-07-25,19112,https://parlamento.gub.uy/documentosyleyes/leyes/ley/19112,https://www.impo.com.uy/bases/leyes/19112-2013,"PERE PERUZZO, Elvira Justa. ESCUELA RURAL 92 COLONIA AGRACIADA (SORIANO). DENOMINACION.",105576,0,0
2013-07-23,19111,https://parlamento.gub.uy/documentosyleyes/leyes/ley/19111,https://www.impo.com.uy/bases/leyes/19111-2013,"MERCOSUR. REGIMENES ORIGEN. INFRACTORES. SANCIONES.",104922,0,0
2013-07-23,19110,https://parlamento.gub.uy/documentosyleyes/leyes/ley/19110,https://www.impo.com.uy/bases/leyes/19110-2013,"INAC. JUNTA. INTEGRACION. MODIFICACION.",104493,2,1
2013-07-23,19109,https://parlamento.gub.uy/documentosyleyes/leyes/ley/19109,https://www.impo.com.uy/bases/leyes/19109-2013,"ZONAS FRANCAS FUERA ZONA METROPOLITANA. ACTIVIDADES EXTERNAS. RESTRICCIONES. VIGENCIA. PRORROGA.",116864,1,0
2013-07-23,19108,https://parlamento.gub.uy/documentosyleyes/leyes/ley/19108,https://www.impo.com.uy/bases/leyes/19108-2013,"FACULTAD LATINOAMERICANA CIENCIAS SOCIALES (FLASCO). SEDE. CONVENIO. APROBACION",112560,0,0
2013-07-19,19107,https://parlamento.gub.uy/documentosyleyes/leyes/ley/19107,https://www.impo.com.uy/bases/leyes/19107-2013,"FONDO DESARROLLO PUEBLOS INDIGENAS (AMERICA LATINA Y EL CARIBE). CONVENIO CONSTITUTIVO. ENMIENDA FILAC. APROBACION.",102756,0,0
2013-07-12,19106,https://parlamento.gub.uy/documentosyleyes/leyes/ley/19106,https://www.impo.com.uy/bases/leyes/19106-2013,"SAN JAVIER (RIO NEGRO). ANIVERSARIO FUNDACION (100). FERIADO NO LABORABLE. DECLARACION.",115393,0,0
2013-07-10,19105,https://parlamento.gub.uy/documentosyleyes/leyes/ley/19105,https://www.impo.com.uy/bases/leyes/19105-2013,"DALMAO, Julio César. PENSION GRACIABLE. OTORGAMIENTO.",116627,0,0
2013-07-04,19104,https://parlamento.gub.uy/documentosyleyes/leyes/ley/19104,https://www.impo.com.uy/bases/leyes/19104-2013,"TRABAJADORES COOPERATIVA INDUSTRIAL MARAGATA (COOPIMA). SEGURO DESEMPLEO. PRORROGA.",117168,2,0
2013-07-04,19103,https://parlamento.gub.uy/documentosyleyes/leyes/ley/19103,https://www.impo.com.uy/bases/leyes/19103-2013,"TRABAJADORES METZEN Y SENA S.A. SEGURO DESEMPLEO. PLAZO. PRORROGA.",117302,2,0
2013-06-30,19102,https://parlamento.gub.uy/documentosyleyes/leyes/ley/19102,https://www.impo.com.uy/bases/leyes/19102-2013,"CORTE PENAL INTERNACIONAL. ESTATUTO ROMA. CRIMEN DE AGRESION. ARMAS PROHIBIDAS. MODIFICACION. APROBACION.",115587,0,0
2013-06-21,19101,https://parlamento.gub.uy/documentosyleyes/leyes/ley/19101,https://www.impo.com.uy/bases/leyes/19101-2013,"CONTAMINACION MAR VERTIMIENTOS DESECHOS. PREVENCION. CONVENIO OMI. PROTOCOLO 1996. APROBACION.",108193,0,0
2013-06-21,19100,https://parlamento.gub.uy/documentosyleyes/leyes/ley/19100,https://www.impo.com.uy/bases/leyes/19100-2013,"VENEZUELA-URUGUAY. COOPERACION AGRICOLA. PRODUCCION GENETICA. CONVENIO. APROBACION.",109790,0,0
2013-06-21,19099,https://parlamento.gub.uy/documentosyleyes/leyes/ley/19099,https://www.impo.com.uy/bases/leyes/19099-2013,"ANDRES, Carmen. LICEO 6 RIVERA (RIVERA). DENOMINACION.",107779,0,0
2013-06-21,19098,https://parlamento.gub.uy/documentosyleyes/leyes/ley/19098,https://www.impo.com.uy/bases/leyes/19098-2013,"MALTRATO FISICO, SICOLOGICO O SOCIAL EN CENTROS EDUCATIVOS (BULLYING). PROTOCOLO PREVENCION. CREACION. INTERES NACIONAL. DECLARACION.",36182,0,0
2013-06-21,19097,https://parlamento.gub.uy/documentosyleyes/leyes/ley/19097,https://www.impo.com.uy/bases/leyes/19097-2013,"BELLO, Salvador. ESCUELA 74 (TREINTA Y TRES). DENOMINACION.",39119,0,0
2013-06-21,19096,https://parlamento.gub.uy/documentosyleyes/leyes/ley/19096,https://www.impo.com.uy/bases/leyes/19096-2013,"EMBARCACIONES CABOTAJE CRUCEROS BAHIA MALDONADO. ABANDERAMIENTO. REGIMEN. MODIFICACION.",114036,1,0
2013-06-21,19095,https://parlamento.gub.uy/documentosyleyes/leyes/ley/19095,https://www.impo.com.uy/bases/leyes/19095-2013,"PIRIA, Francisco. RUTA 37 TRAMO PIRIAPOLIS - PAN DE AZUCAR (MALDONADO). DENOMINACION.",106092,0,0
2013-06-20,19094,https://parlamento.gub.uy/documentosyleyes/leyes/ley/19094,https://www.impo.com.uy/bases/leyes/19094-2013,"BANCO BANDES. TRABAJADORES. INGRESO BCU, BROU Y BSE. AUTORIZACION.",116461,1,0
2013-06-17,19093,https://parlamento.gub.uy/documentosyleyes/leyes/ley/19093,https://www.impo.com.uy/bases/leyes/19093-2013,"IMPUESTO CONCENTRACION INMUEBLES RURALES (ICIR). DEROGACION.",116053,1,1
2013-06-17,19092,https://parlamento.gub.uy/documentosyleyes/leyes/ley/19092,https://www.impo.com.uy/bases/leyes/19092-2013,"ADOPCION. REGIMEN. CODIGO NIÑEZ Y ADOLESCENCIA. MODIFICACION.",111401,2,0
2013-06-14,19091,https://parlamento.gub.uy/documentosyleyes/leyes/ley/19091,https://www.impo.com.uy/bases/leyes/19091-2013,"CAJA PROFESIONALES UNIVERSITARIOS. DIRECTORIO Y COMISION ASESORA. MIEMBROS. ELECCION 31 JULIO 2013.",117191,1,0
2013-06-14,19090,https://parlamento.gub.uy/documentosyleyes/leyes/ley/19090,https://www.impo.com.uy/bases/leyes/19090-2013,"CODIGO GENERAL PROCESO. MODIFICACION.",36010,11,8
2013-06-14,19089,https://parlamento.gub.uy/documentosyleyes/leyes/ley/19089,https://www.impo.com.uy/bases/leyes/19089-2013,"GUYUNUSA. RUTA 24 TRAMO UNION 2 Y 3. DENOMINACION.",110628,0,0
2013-06-14,19088,https://parlamento.gub.uy/documentosyleyes/leyes/ley/19088,https://www.impo.com.uy/bases/leyes/19088-2013,"IMPUESTO PATRIMONIO INMUEBLES RURALES. EXONERACION. REGIMEN. MODIFICACION",116312,8,2
2013-06-11,19087,https://parlamento.gub.uy/documentosyleyes/leyes/ley/19087,https://www.impo.com.uy/bases/leyes/19087-2013,"OPERACION ACRUX VI. BARCOS ARMADA ARGENTINA, BOLIVIA, BRASIL Y PARAGUAY. INGRESO AGUAS JURISDICCIONALES. AUTORIZACION.",116532,0,0
2013-06-05,19086,https://parlamento.gub.uy/documentosyleyes/leyes/ley/19086,https://www.impo.com.uy/bases/leyes/19086-2013,"PACHECO DE BATTLE Y ORDOÑEZ, Matilde. ESCUELAS 59 Y 119 (MONTEVIDEO). DENOMINACION.",25393,0,0
2013-05-27,19085,https://parlamento.gub.uy/documentosyleyes/leyes/ley/19085,https://www.impo.com.uy/bases/leyes/19085-2013,"COMISION PETICIONES SENTENCIA COMISION DERECHOS HUMANOS (INTERAMERICANA). CREACION.",112493,1,0
2013-05-27,19084,https://parlamento.gub.uy/documentosyleyes/leyes/ley/19084,https://www.impo.com.uy/bases/leyes/19084-2013,"REPUBLICA MICROFINANZAS S.A. BROU. CREDITOS O AVALES. CONCESION.",113600,1,0
2013-05-27,19083,https://parlamento.gub.uy/documentosyleyes/leyes/ley/19083,https://www.impo.com.uy/bases/leyes/19083-2013,"UNION POSTAL AMERICAS, ESPAÑA Y PORTUGAL (UPAEP). ACTAS CONGRESO XXI. APROBACION.",113905,0,0
2013-05-27,19082,https://parlamento.gub.uy/documentosyleyes/leyes/ley/19082,https://www.impo.com.uy/bases/leyes/19082-2013,"UNION POSTAL AMERICAS, ESPAÑA Y PORTUGAL (UPAEP). ACTAS CONGRESOS XIX Y XX. APROBACION",37961,0,0
2013-05-22,19081,https://parlamento.gub.uy/documentosyleyes/leyes/ley/19081,https://www.impo.com.uy/bases/leyes/19081-2013,"CARCELES GUARDIA PERIMETRAL Y CONTROL ACCESO FUERZAS ARMADAS. FUNCION TRANSITORIA. PLAZO. EXTENSION.",115647,1,0
2013-05-22,19080,https://parlamento.gub.uy/documentosyleyes/leyes/ley/19080,https://www.impo.com.uy/bases/leyes/19080-2013,"SAN CARLOS (MALDONADO). ANIVERSARIO (250) FUNDACION. FERIADO NO LABORABLE. DECLARACION",115376,0,0
2013-05-18,19072,https://parlamento.gub.uy/documentosyleyes/leyes/ley/19072,https://www.impo.com.uy/bases/leyes/19072-2013,"MILITARES FUERZA AEREA URUGUAYA FALLECIDOS EN HAITI. GRADOS HONORIFICOS. OTORGAMIENTO.",100990,0,0
2013-05-03,19079,https://parlamento.gub.uy/documentosyleyes/leyes/ley/19079,https://www.impo.com.uy/bases/leyes/19079-2013,"DIA COOPERATIVISMO (NACIONAL). CIUDAD PAYSANDU. DECLARATORIA.",108835,0,0
2013-05-03,19078,https://parlamento.gub.uy/documentosyleyes/leyes/ley/19078,https://www.impo.com.uy/bases/leyes/19078-2013,"OBRAS NACIONALES O BINACIONALES EN AGUAS JURISDICCIONALES Y TERRITORIALES. LICITACION.",112407,4,0
2013-05-03,19077,https://parlamento.gub.uy/documentosyleyes/leyes/ley/19077,https://www.impo.com.uy/bases/leyes/19077-2013,"DIA RESUCITACION CARDIACA (NACIONAL)-11 MAYO. DECLARACION.",115981,0,0
2013-05-03,19076,https://parlamento.gub.uy/documentosyleyes/leyes/ley/19076,https://www.impo.com.uy/bases/leyes/19076-2013,"CUTINELLA, Miguel J. ESCUELA TECNICA TARARIRAS (COLONIA). DENOMINACION.",107964,0,0
2013-05-03,19075,https://parlamento.gub.uy/documentosyleyes/leyes/ley/19075,https://www.impo.com.uy/bases/leyes/19075-2013,"MATRIMONIO IGUALITARIO. NORMAS. CODIGO CIVIL. MODIFICACION.",109246,3,2
2013-05-03,19074,https://parlamento.gub.uy/documentosyleyes/leyes/ley/19074,https://www.impo.com.uy/bases/leyes/19074-2013,"CAPITAL SOCIAL SOCIEDADES ANONIMAS. AUMENTO OBLIGATORIO. REGIMEN. MODIFICACION.",110816,2,0
2013-04-24,19073,https://parlamento.gub.uy/documentosyleyes/leyes/ley/19073,https://www.impo.com.uy/bases/leyes/19073-2013,"ECILDA PAULLIER (SAN JOSE). CIUDAD. DECLARACION FERIADO NO LABORABLE ANIVERSARIO FUNDACION (130). OTORGAMIENTO.",114797,0,0
2013-04-18,19071,https://parlamento.gub.uy/documentosyleyes/leyes/ley/19071,https://www.impo.com.uy/bases/leyes/19071-2013,"TRABAJORES EMPRESA CLADEMAR S.A (FRIGORIFICO FLORIDA). SEGURO DESEMPLEO. PLAZO. PRORROGA",116246,2,0
2013-04-18,19070,https://parlamento.gub.uy/documentosyleyes/leyes/ley/19070,https://www.impo.com.uy/bases/leyes/19070-2013,"INSTITUCIONES ASISTENCIA MEDICA COLECTIVA. EXONERACIONES FISCALES. PLAZO. MODIFICACION.",115722,3,0
2013-04-18,19069,https://parlamento.gub.uy/documentosyleyes/leyes/ley/19069,https://www.impo.com.uy/bases/leyes/19069-2013,"TORMO SENA, Antonio. PENSION GRACIABLE. OTORGAMIENTO.",114184,0,0
2013-04-18,19068,https://parlamento.gub.uy/documentosyleyes/leyes/ley/19068,https://www.impo.com.uy/bases/leyes/19068-2013,"ALVAREZ SILVA, Carlos Omar. PENSION GRACIABLE. OTORGAMIENTO.",114185,0,0
2013-04-18,19067,https://parlamento.gub.uy/documentosyleyes/leyes/ley/19067,https://www.impo.com.uy/bases/leyes/19067-2013,"MARTINEZ DIAZ, Carlos Leonel. PENSION GRACIABLE. OTORGAMIENTO.",113941,0,0
2013-04-18,19066,https://parlamento.gub.uy/documentosyleyes/leyes/ley/19066,https://www.impo.com.uy/bases/leyes/19066-2013,"BORGES GALASSO, Carlos. PENSION GRACIABLE. OTORGAMIENTO.",114183,0,0
2013-04-18,19065,https://parlamento.gub.uy/documentosyleyes/leyes/ley/19065,https://www.impo.com.uy/bases/leyes/19065-2013,"ACEITE OLIVA Y ACEITUNAS MESA. PRODUCCION. DESARROLLO Y COMERCIO. CONVENIO. APROBACION",114202,0,0
2013-03-21,19064,https://parlamento.gub.uy/documentosyleyes/leyes/ley/19064,https://www.impo.com.uy/bases/leyes/19064-2013,"GUGLIELMONE, Oscar. ESCUELA 13 (SALTO). DENOMINACION.",105212,0,0
2013-03-21,19063,https://parlamento.gub.uy/documentosyleyes/leyes/ley/19063,https://www.impo.com.uy/bases/leyes/19063-2013,"TOURREILLES, Lina. JARDIN INFANTES 46 TRINIDAD (FLORES). DENOMINACION.",107311,1,0
2013-03-21,19062,https://parlamento.gub.uy/documentosyleyes/leyes/ley/19062,https://www.impo.com.uy/bases/leyes/19062-2013,"ROSAS, Florencia. ESCUELA 300 (MONTEVIDEO). DENOMINACION.",111234,0,0
2013-01-07,19046,https://parlamento.gub.uy/documentosyleyes/leyes/ley/19046,https://www.impo.com.uy/bases/leyes/19046-2013,"PUERTO AGUAS PROFUNDAS (ROCHA). HABILITACION.",112931,0,0
2013-01-06,19061,https://parlamento.gub.uy/documentosyleyes/leyes/ley/19061,https://www.impo.com.uy/bases/leyes/19061-2013,"TRANSITO Y SEGURIDAD VIAL. NORMAS REGLAMENTARIAS.",110579,1,2
2013-01-04,19060,https://parlamento.gub.uy/documentosyleyes/leyes/ley/19060,https://www.impo.com.uy/bases/leyes/19060-2013,"INMUEBLE MGAP ROCHA (DPTO). TRANSFERENCIA INSTITUTO COLONIZACION.",109156,0,0
2013-01-04,19059,https://parlamento.gub.uy/documentosyleyes/leyes/ley/19059,https://www.impo.com.uy/bases/leyes/19059-2013,"INSTITUCIONES ASISTENCIA MEDICA COLECTIVA EXONERACIONES FISCALES. PLAZO. PRORROGA.",115382,3,1
2013-01-04,19058,https://parlamento.gub.uy/documentosyleyes/leyes/ley/19058,https://www.impo.com.uy/bases/leyes/19058-2013,"TRABAJADOR PLUNA S.A. SEGURO DESEMPLEO. COMPLEMENTO. PLAZO PRORROGA.",115402,1,0
2013-01-04,19057,https://parlamento.gub.uy/documentosyleyes/leyes/ley/19057,https://www.impo.com.uy/bases/leyes/19057-2013,"PLUNA S.A. FIDEICOMISO AERONAVES LEY Nº 18.931. CONTRATACION DIRECTA. AUTORIZACION.",115069,1,1
2013-01-04,19056,https://parlamento.gub.uy/documentosyleyes/leyes/ley/19056,https://www.impo.com.uy/bases/leyes/19056-2013,"RADIACIONES IONIZANTES EXPOSICION. PROTECCION. NORMAS.",104373,6,0
2013-01-04,19055,https://parlamento.gub.uy/documentosyleyes/leyes/ley/19055,https://www.impo.com.uy/bases/leyes/19055-2013,"ADOLESCENTES INFRACTORES. PENAS. CODIGO NIÑEZ Y ADOLESCENCIA. MODIFICACION.",112889,5,0
2013-01-04,19054,https://parlamento.gub.uy/documentosyleyes/leyes/ley/19054,https://www.impo.com.uy/bases/leyes/19054-2013,"LECHE. PRODUCCION. INCENTIVO. FIDEICOMISOS FINANCIEROS. IMPLEMENTACION.",113970,4,0
2013-01-04,19053,https://parlamento.gub.uy/documentosyleyes/leyes/ley/19053,https://www.impo.com.uy/bases/leyes/19053-2013,"HAITI. MISION PAZ ONU. CONTINGENTE MILITAR. PERMANENCIA. PRORROGA.",115121,1,0
2013-01-04,19052,https://parlamento.gub.uy/documentosyleyes/leyes/ley/19052,https://www.impo.com.uy/bases/leyes/19052-2013,"EMPRESAS PERIODISTICAS Y RADIODIFUSION. IMPUESTOS. EXONERACION. AMPLIACION.",115032,0,0
2013-01-04,19051,https://parlamento.gub.uy/documentosyleyes/leyes/ley/19051,https://www.impo.com.uy/bases/leyes/19051-2013,"TRABAJADOR EN EJERCICIO DERECHO HUELGA. PRESENTISMO. DESCUENTO PROPORCIONAL. REGIMEN.",111940,1,0
2013-01-04,19050,https://parlamento.gub.uy/documentosyleyes/leyes/ley/19050,https://www.impo.com.uy/bases/leyes/19050-2013,"MEDALLA DELMIRA AGUSTINI (LA DELMIRA). CRACION.",112399,0,0
2013-01-04,19049,https://parlamento.gub.uy/documentosyleyes/leyes/ley/19049,https://www.impo.com.uy/bases/leyes/19049-2013,"MEXICO - URUGUAY. TRATADO LIBRE COMERCIO. PROTOCOLO MODIFICATORIO. APROBACION.",115307,0,0
2013-01-04,19048,https://parlamento.gub.uy/documentosyleyes/leyes/ley/19048,https://www.impo.com.uy/bases/leyes/19048-2013,"TRABAJADOR PAYLANA S.A. SEGURO DESEMPLEO. PLAZO. PRORROGA.",115401,2,0
2013-01-04,19047,https://parlamento.gub.uy/documentosyleyes/leyes/ley/19047,https://www.impo.com.uy/bases/leyes/19047-2013,"TRABAJADOR METZEN Y SENA S.A. SEGURO DESEMPLEO. PLAZO. PRORROGA.",115021,2,0
2013-01-02,19045,https://parlamento.gub.uy/documentosyleyes/leyes/ley/19045,https://www.impo.com.uy/bases/leyes/19045-2013,"FONDO CESANTIA Y RETIRO TRABAJADORES INDUSTRIA CONSTRUCCION. CREACION. MODIFICACION.",115378,4,1
2012-12-28,19044,https://parlamento.gub.uy/documentosyleyes/leyes/ley/19044,https://www.impo.com.uy/bases/leyes/19044-2012,"CENTROS POBLADOS. DIVISION TERRITORIAL. REGIMEN. MODIFICACION.",113694,3,1
2012-12-28,19043,https://parlamento.gub.uy/documentosyleyes/leyes/ley/19043,https://www.impo.com.uy/bases/leyes/19043-2012,"UNIVERSIDAD TECNOLOGICA (UTEC). CREACION.",109870,3,5
2012-12-28,19042,https://parlamento.gub.uy/documentosyleyes/leyes/ley/19042,https://www.impo.com.uy/bases/leyes/19042-2012,"QUEBRACHO (PAYSANDU). ANIVERSARIO FUNDACION (100). FERIADO. DECLARACION.",105209,0,0
2012-12-28,19041,https://parlamento.gub.uy/documentosyleyes/leyes/ley/19041,https://www.impo.com.uy/bases/leyes/19041-2012,"TECHERA GONZALEZ, Ruben Héctor. PENSION GRACIABLE. OTORGAMIENTO.",114358,0,0
2012-12-28,19040,https://parlamento.gub.uy/documentosyleyes/leyes/ley/19040,https://www.impo.com.uy/bases/leyes/19040-2012,"ANDA GARANTIA ALQUILER LOCALES COMERCIALES PEQUEÑA Y MEDIANA EMPRESA. AUTORIZACION.",105915,9,0
2012-12-28,19039,https://parlamento.gub.uy/documentosyleyes/leyes/ley/19039,https://www.impo.com.uy/bases/leyes/19039-2012,"FONDO INDEMNIZACION VICTIMAS DELITOS VIOLENTOS (NACIONAL). CREACION.",112891,4,0
2012-12-28,19038,https://parlamento.gub.uy/documentosyleyes/leyes/ley/19038,https://www.impo.com.uy/bases/leyes/19038-2012,"TRABAJADOR MINERA ARATIRI. SEGURO DESEMPLEO. PLAZO. PRORROGA.",115023,2,0
2012-12-28,19037,https://parlamento.gub.uy/documentosyleyes/leyes/ley/19037,https://www.impo.com.uy/bases/leyes/19037-2012,"MUSEOS. SISTEMA NACIONAL. CREACION.",111970,3,0
2012-12-27,19036,https://parlamento.gub.uy/documentosyleyes/leyes/ley/19036,https://www.impo.com.uy/bases/leyes/19036-2012,"DINAMARCA - URUGUAY. IMPUESTOS. INFORMACION. INTERCAMBIIO. CONVENIO. APROBACION.",111852,0,0
2012-12-27,19035,https://parlamento.gub.uy/documentosyleyes/leyes/ley/19035,https://www.impo.com.uy/bases/leyes/19035-2012,"FINLANDIA - URUGUAY. RENTA Y PATRIMONIO. DOBLE IMPOSICION IMPUESTOS. CONVENIO. APROBACION.",111531,0,0
2012-12-27,19034,https://parlamento.gub.uy/documentosyleyes/leyes/ley/19034,https://www.impo.com.uy/bases/leyes/19034-2012,"ISLAS FEROE (DINAMARCA) - URUGUAY. INTERCAMBIO MATERIA TRIBUTARIA. CONVENIO. APROBACION.",111608,0,0
2012-12-27,19033,https://parlamento.gub.uy/documentosyleyes/leyes/ley/19033,https://www.impo.com.uy/bases/leyes/19033-2012,"COREA - URUGUAY. RENTA Y PATRIMONIO. DOBLE IMPOSICION IMPUESTOS. CONVENIO. APROBACION.",111853,0,0
2012-12-27,19032,https://parlamento.gub.uy/documentosyleyes/leyes/ley/19032,https://www.impo.com.uy/bases/leyes/19032-2012,"ARGENTINA-URUGUAY. INTERCAMBIO INFORMACION. TRIBUTARIA Y DOBLE IMPOSICION. CONVENIO. APROBACION.",113415,0,0
2012-12-27,19031,https://parlamento.gub.uy/documentosyleyes/leyes/ley/19031,https://www.impo.com.uy/bases/leyes/19031-2012,"CAMPAÑA ANTARTICA 2013. OPERACION ANTARKOS XXIX. INTEGRANTES ARMADA. SALIDA PAIS. AUTORIZACION.",114990,0,0
2012-12-27,19030,https://parlamento.gub.uy/documentosyleyes/leyes/ley/19030,https://www.impo.com.uy/bases/leyes/19030-2012,"CONSEJO EUROPA. PROTECCION PERSONAS. TRATAMIENTO AUTOMATIZADO DATOS PERSONALES. CONVENIO. APROBACION.",111851,0,0
2012-12-27,19029,https://parlamento.gub.uy/documentosyleyes/leyes/ley/19029,https://www.impo.com.uy/bases/leyes/19029-2012,"ONU. DERECHOS ECONOMICOS, SOCIALES Y CULTURALES. PACTO INTERNACIONAL. PROTOCOLO FACULTATIVO. APROBACION.",112295,0,0
2012-12-18,19028,https://parlamento.gub.uy/documentosyleyes/leyes/ley/19028,https://www.impo.com.uy/bases/leyes/19028-2012,"PORTEROS EDIFICIOS PROPIEDAD HORIZONTAL. TRABAJO. REGIMEN.",112403,1,0
2012-12-18,19027,https://parlamento.gub.uy/documentosyleyes/leyes/ley/19027,https://www.impo.com.uy/bases/leyes/19027-2012,"NEGOCIACION COLECTIVA. CONSEJO SUPERIOR TRIPARTITO. INTEGRACION. MODIFICACION.",112401,1,0
2012-12-18,19026,https://parlamento.gub.uy/documentosyleyes/leyes/ley/19026,https://www.impo.com.uy/bases/leyes/19026-2012,"VILARIÑO. Idea. LICEO 63 (MONTEVIDEO). DENOMINACION.",112645,0,0
2012-12-18,19025,https://parlamento.gub.uy/documentosyleyes/leyes/ley/19025,https://www.impo.com.uy/bases/leyes/19025-2012,"UBILLA, Antonio María. LICEO 4 MELO (CERRO LARGO). DENOMINACION.",112743,0,0
2012-12-12,19024,https://parlamento.gub.uy/documentosyleyes/leyes/ley/19024,https://www.impo.com.uy/bases/leyes/19024-2012,"GANDOLFO MEDINA, María Isabel. PENSION GRACIABLE. OTORGANIENTO.",113939,0,0
2012-12-03,19023,https://parlamento.gub.uy/documentosyleyes/leyes/ley/19023,https://www.impo.com.uy/bases/leyes/19023-2012,"ESTEVES, Fernando. PLAZA DEPORTES MINAS (LAVALLEJA). DENOMINACION.",113766,0,0
2012-12-03,19022,https://parlamento.gub.uy/documentosyleyes/leyes/ley/19022,https://www.impo.com.uy/bases/leyes/19022-2012,"OPERACION ESNAL 2012. INTEGRANTES ARMADA NACIONAL. SALIDA PAIS. AUTORIZACION.",114200,0,0
2012-12-01,19021,https://parlamento.gub.uy/documentosyleyes/leyes/ley/19021,https://www.impo.com.uy/bases/leyes/19021-2012,"BIRF. AUMENTO CAPITAL ACCIONARIO URUGUAY. AUTORIZACION.",112141,0,0
2012-12-01,19020,https://parlamento.gub.uy/documentosyleyes/leyes/ley/19020,https://www.impo.com.uy/bases/leyes/19020-2012,"RUMANIA-URUGUAY. PROMOCION Y PROTECCION INVERSIONES. PROTOCOLO ADICIONAL. CONVENIO.",111165,0,0
2012-11-30,19019,https://parlamento.gub.uy/documentosyleyes/leyes/ley/19019,https://www.impo.com.uy/bases/leyes/19019-2012,"DALTO, Juan Máximo. LICEO VILLA TAMBORES (PAYSANDU). DENOMINACION.",108510,0,0
2012-11-30,19018,https://parlamento.gub.uy/documentosyleyes/leyes/ley/19018,https://www.impo.com.uy/bases/leyes/19018-2012,"LICANDRO MARTINEZ, Hugo. LICEO 23 MONTEVIDEO (DPTO). DENOMINACION.",112644,0,0
2012-11-30,19017,https://parlamento.gub.uy/documentosyleyes/leyes/ley/19017,https://www.impo.com.uy/bases/leyes/19017-2012,"PESCA ILEGAL. PREVENCION. CONVENIO. APROBACION.",105579,0,0
2012-11-29,19016,https://parlamento.gub.uy/documentosyleyes/leyes/ley/19016,https://www.impo.com.uy/bases/leyes/19016-2012,"COOPIMA. COOPERATIVA INDUSTRIAL MARAGATA. TRABAJADOR SEGURO DESEMPLEO. EXTENSION.",114884,2,0
2012-11-29,19015,https://parlamento.gub.uy/documentosyleyes/leyes/ley/19015,https://www.impo.com.uy/bases/leyes/19015-2012,"TRABAJADORES EMPRESA BESINEY S.A. SEGURO DESOCUPACION. PLAZO. PRORROGA.",114885,2,0
2012-11-29,19014,https://parlamento.gub.uy/documentosyleyes/leyes/ley/19014,https://www.impo.com.uy/bases/leyes/19014-2012,"TRABAJADORES EMPRESA ALPARGATAS S.A. SEGURO DESEMPLEO. PLAZO. PRORROGA.",114506,2,0
2012-11-23,19013,https://parlamento.gub.uy/documentosyleyes/leyes/ley/19013,https://www.impo.com.uy/bases/leyes/19013-2012,"QUEGUAY. CENTRO EDUCATIVO INTEGRADO PUEBLO LORENZO GEYRES (PAYSANDU). DENOMINACION.",104408,0,0
2012-11-23,19012,https://parlamento.gub.uy/documentosyleyes/leyes/ley/19012,https://www.impo.com.uy/bases/leyes/19012-2012,"AGUAS JURISDICCIONALES. CONTAMINACION. PREVENCION Y VIGILANCIA. REGIMEN. MODIFICACION.",109436,2,0
2012-11-23,19011,https://parlamento.gub.uy/documentosyleyes/leyes/ley/19011,https://www.impo.com.uy/bases/leyes/19011-2012,"VENEZUELA-URUGUAY. COOPERACION CIENCIA Y TECNOLOGIA E INDUSTRIAS BASICAS Y MINERIA. CONVENIO. APROBACION.",30558,0,0
2012-11-22,19010,https://parlamento.gub.uy/documentosyleyes/leyes/ley/19010,https://www.impo.com.uy/bases/leyes/19010-2012,"MALTA-URUGUAY. RENTA Y PATRIMONIO. DOBLE IMPOSICION IMPUESTOS. CONVENIO. APROBACION.",109353,0,0
2012-11-22,19009,https://parlamento.gub.uy/documentosyleyes/leyes/ley/19009,https://www.impo.com.uy/bases/leyes/19009-2012,"SERVICIO POSTAL UNIVERSAL. NORMAS. REGULACION.",112310,7,1
2012-11-20,19008,https://parlamento.gub.uy/documentosyleyes/leyes/ley/19008,https://www.impo.com.uy/bases/leyes/19008-2012,"MINISTERIO DEFENSA NACIONAL. ESCALAFON K. PERSONAL SUPERIOR. HABER RETIRO. MODIFICACION.",113622,1,0
2012-11-16,19007,https://parlamento.gub.uy/documentosyleyes/leyes/ley/19007,https://www.impo.com.uy/bases/leyes/19007-2012,"DROGAS. TRAFICO. DELITO. CODIGO PENAL. MODIFICACION.",112888,2,0
2012-11-16,19006,https://parlamento.gub.uy/documentosyleyes/leyes/ley/19006,https://www.impo.com.uy/bases/leyes/19006-2012,"JUBILACION INDUSTRIA Y COMERCIO. ACTIVIDAD. COMPATIBILIDAD. REGIMEN.",112446,4,0
2012-11-16,19005,https://parlamento.gub.uy/documentosyleyes/leyes/ley/19005,https://www.impo.com.uy/bases/leyes/19005-2012,"ELECCIONES INTERNAS PARTIDOS POLITICOS AÑO 2014. ANTICIPO.",109711,2,0
2012-11-16,19004,https://parlamento.gub.uy/documentosyleyes/leyes/ley/19004,https://www.impo.com.uy/bases/leyes/19004-2012,"PARTIDOS POLITICOS. CONTRIBUCIONES ESPECIALES. SEGURIDAD SOCIAL. APORTES PATRONALES. EXONERACION.",113599,0,0
2012-11-16,19003,https://parlamento.gub.uy/documentosyleyes/leyes/ley/19003,https://www.impo.com.uy/bases/leyes/19003-2012,"SEGURIDAD SOCIAL. PRESTACIONES. REAJUSTE EN UR. DETERMINACION.",111476,9,0
2012-11-16,19002,https://parlamento.gub.uy/documentosyleyes/leyes/ley/19002,https://www.impo.com.uy/bases/leyes/19002-2012,"COMBUSTIBLES. IVA. LIQUIDACION. REGIMEN. MODIFICACION.",112504,0,0
2012-11-15,19001,https://parlamento.gub.uy/documentosyleyes/leyes/ley/19001,https://www.impo.com.uy/bases/leyes/19001-2012,"SEMANA SEGURIDAD SOCIAL - ULTIMA ABRIL. DECLARACION.",112332,0,0
2012-11-15,19000,https://parlamento.gub.uy/documentosyleyes/leyes/ley/19000,https://www.impo.com.uy/bases/leyes/19000-2012,"DIA TRABAJADOR RURAL - 30 ABRIL. DECLARACION.",111938,0,0
2012-11-15,18999,https://parlamento.gub.uy/documentosyleyes/leyes/ley/18999,https://www.impo.com.uy/bases/leyes/18999-2012,"TURISMO RECEPTIVO. PROMOCION. INCENTIVOS FISCALES. REGIMEN.",114523,2,0
2012-11-13,18998,https://parlamento.gub.uy/documentosyleyes/leyes/ley/18998,https://www.impo.com.uy/bases/leyes/18998-2012,"DA VINCI, Leonardo. ESCUELA 84 MONTEVIDEO (DPTO). DESIGNACION.",106304,0,0
2012-11-13,18997,https://parlamento.gub.uy/documentosyleyes/leyes/ley/18997,https://www.impo.com.uy/bases/leyes/18997-2012,"CORRALES, Héctor. PENSION GRACIABLE. OTORGAMIENTO.",112451,0,0
2012-11-07,18996,https://parlamento.gub.uy/documentosyleyes/leyes/ley/18996,https://www.impo.com.uy/bases/leyes/18996-2012,"RENDICION CUENTAS 2011. APROBACION.",112929,102,10
2012-11-01,18995,https://parlamento.gub.uy/documentosyleyes/leyes/ley/18995,https://www.impo.com.uy/bases/leyes/18995-2012,"DIA SEGURIDAD DEL PACIENTE - 14 ABRIL. DECLARACION.",112874,0,0
2012-10-30,18994,https://parlamento.gub.uy/documentosyleyes/leyes/ley/18994,https://www.impo.com.uy/bases/leyes/18994-2012,"DIRECCION METEOROLOGIA (NACIONAL). TRANSFERENCIA MDN A MVOTMA.",113760,3,0
2012-10-26,18993,https://parlamento.gub.uy/documentosyleyes/leyes/ley/18993,https://www.impo.com.uy/bases/leyes/18993-2012,"REINO UNIDO - URUGUAY. GESTION CENTRO INTERNACIONAL CARTAS NAUTICAS ELECTRONICAS (IC-ENC). CONVENIO. APROBACION.",111162,0,0
2012-10-26,18992,https://parlamento.gub.uy/documentosyleyes/leyes/ley/18992,https://www.impo.com.uy/bases/leyes/18992-2012,"DIRECCION SANIDAD FF.AA (NACIONAL). BENEFICIARIO. CONTRIBUCION. LIQUIDACION.",113916,3,0
2012-10-26,18991,https://parlamento.gub.uy/documentosyleyes/leyes/ley/18991,https://www.impo.com.uy/bases/leyes/18991-2012,"PANAMA-URUGUAY. COOPERACION CULTURAL Y EDUCATIVA CONVENIO. APROBACION.",109835,0,0
2012-10-25,18990,https://parlamento.gub.uy/documentosyleyes/leyes/ley/18990,https://www.impo.com.uy/bases/leyes/18990-2012,"MOLINA, Carlos. ESCUELA 357 (MONTEVIDEO). DENOMINACION.",111237,0,0
2012-10-25,18989,https://parlamento.gub.uy/documentosyleyes/leyes/ley/18989,https://www.impo.com.uy/bases/leyes/18989-2012,"SALDAIN PIOLI, Mariana. LICEO 3 ROCHA (DPTO). DENOMINACION.",103411,0,0
2012-10-23,18988,https://parlamento.gub.uy/documentosyleyes/leyes/ley/18988,https://www.impo.com.uy/bases/leyes/18988-2012,"VARELA, Wenceslao. ESCUELA RURAL 23 PARAJE CORONILLA (SAN JOSE). DENOMINACION.",35455,0,0
2012-10-22,18987,https://parlamento.gub.uy/documentosyleyes/leyes/ley/18987,https://www.impo.com.uy/bases/leyes/18987-2012,"ABORTO. CODIGO PENAL. MODIFICACION.",107885,4,3
2012-10-18,18986,https://parlamento.gub.uy/documentosyleyes/leyes/ley/18986,https://www.impo.com.uy/bases/leyes/18986-2012,"UNION POSTAL UNIVERSAL (UPU). DECISIONES, REGLAMENTOS Y ACTAS 24 CONGRESO. APROBACION.",111060,0,0
2012-10-18,18985,https://parlamento.gub.uy/documentosyleyes/leyes/ley/18985,https://www.impo.com.uy/bases/leyes/18985-2012,"AYESTARAN, Lauro. LICEO 56 (MONTEVIDEO). DENOMINACION.",107303,0,0
2012-10-18,18984,https://parlamento.gub.uy/documentosyleyes/leyes/ley/18984,https://www.impo.com.uy/bases/leyes/18984-2012,"EMPRESAS CONTRATISTAS RURALES. RUBRO JARDINERIA. EXCLUSION.",110507,1,0
2012-10-18,18983,https://parlamento.gub.uy/documentosyleyes/leyes/ley/18983,https://www.impo.com.uy/bases/leyes/18983-2012,"GANDOLFO DE PENSE, Josefa. ESCUELA 25 (SORIANO). DENOMINACION.",111236,0,0
2012-10-17,18982,https://parlamento.gub.uy/documentosyleyes/leyes/ley/18982,https://www.impo.com.uy/bases/leyes/18982-2012,"QATAR-URUGUAY. COOPERACION CULTURAL. CONVENIO. APROBACION.",109702,0,0
2012-10-17,18981,https://parlamento.gub.uy/documentosyleyes/leyes/ley/18981,https://www.impo.com.uy/bases/leyes/18981-2012,"GROENLANDIA-URUGUAY. INTERCAMBIO INFORMACION TRIBUTARIA. CONVENIO.",111613,0,0
2012-10-12,18980,https://parlamento.gub.uy/documentosyleyes/leyes/ley/18980,https://www.impo.com.uy/bases/leyes/18980-2012,"DRAGADO. SERVICIO ANP. INCLUSION REGIMEN LEY 18.172.",103141,1,0
2012-10-12,18979,https://parlamento.gub.uy/documentosyleyes/leyes/ley/18979,https://www.impo.com.uy/bases/leyes/18979-2012,"CASAS, Bebel. PLAZA DEPORTES TALA (CANELONES). DENOMINACION.",104349,0,0
2012-10-12,18978,https://parlamento.gub.uy/documentosyleyes/leyes/ley/18978,https://www.impo.com.uy/bases/leyes/18978-2012,"MAGISTRADOS TCA. TOPE JUBILATORIO. REGIMEN.",113816,2,0
2012-10-12,18977,https://parlamento.gub.uy/documentosyleyes/leyes/ley/18977,https://www.impo.com.uy/bases/leyes/18977-2012,"ISLANDIA-URUGUAY. INTERCAMBIO MATERIA TRIBUTARIA. CONVENIO. APROBACION.",111606,0,0
2012-10-03,18976,https://parlamento.gub.uy/documentosyleyes/leyes/ley/18976,https://www.impo.com.uy/bases/leyes/18976-2012,"TRABAJADOR EMPRESA ARTEVA S.A. SEGURO DESEMPLEO. PLAZO. PRORROGA.",113399,2,0
2012-10-03,18975,https://parlamento.gub.uy/documentosyleyes/leyes/ley/18975,https://www.impo.com.uy/bases/leyes/18975-2012,"INSTITUCIONES ASISTENCIA MEDICA COLECTIVA. EXONERACIONES CREDITO FISCAL. PLAZO. PRORROGA.",112039,2,2
2012-09-28,18974,https://parlamento.gub.uy/documentosyleyes/leyes/ley/18974,https://www.impo.com.uy/bases/leyes/18974-2012,"FISCALIA CORTE Y PROCURADURIA NACION (GENERAL). CARGOS. INGRESOS. MODIFICACION.",112697,2,0
2012-09-21,18973,https://parlamento.gub.uy/documentosyleyes/leyes/ley/18973,https://www.impo.com.uy/bases/leyes/18973-2012,"SEMOVIENTES. ENAJENACION. IMPUESTO. MODIFICACION.",113089,2,1
2012-09-21,18972,https://parlamento.gub.uy/documentosyleyes/leyes/ley/18972,https://www.impo.com.uy/bases/leyes/18972-2012,"INDIA-URUGUAY. RENTA Y PATRIMONIO. DOBLE IMPOSICION IMPUESOS. CONVENIO. APROBACION.",110726,0,0
2012-09-21,18971,https://parlamento.gub.uy/documentosyleyes/leyes/ley/18971,https://www.impo.com.uy/bases/leyes/18971-2012,"SISTEMAS ANTIINCRUSTANTES PERJUDICIALES EN BUQUES. CONTROL. CONVENIO. APROBACION.",107831,0,0
2012-09-14,18970,https://parlamento.gub.uy/documentosyleyes/leyes/ley/18970,https://www.impo.com.uy/bases/leyes/18970-2012,"SISTEMA RESPONSABILIDAD PENAL ADOLESCENTE (SIRPA). COMISION DELEGADA. DESIGNACION. MODIFICACION.",112804,3,0
2012-09-14,18969,https://parlamento.gub.uy/documentosyleyes/leyes/ley/18969,https://www.impo.com.uy/bases/leyes/18969-2012,"DOPAJE COMPETENCIAS DEPORTIVAS. CONTRALOR FUNDACION DEPORTE URUGUAY. COMETIDO.",111923,2,0
2012-09-14,18968,https://parlamento.gub.uy/documentosyleyes/leyes/ley/18968,https://www.impo.com.uy/bases/leyes/18968-2012,"ORGANOS Y TEJIDOS. DONACION Y TRANSPLANTE. REGIMEN. MODIFICACION.",105937,2,0
2012-09-14,18967,https://parlamento.gub.uy/documentosyleyes/leyes/ley/18967,https://www.impo.com.uy/bases/leyes/18967-2012,"IGARZABAL, Luis Ramón. ESCUELA RURAL 47 COLONIA ROSSELL Y RIUS (DURAZNO). DENOMINACION.",102113,0,0
2012-09-07,18966,https://parlamento.gub.uy/documentosyleyes/leyes/ley/18966,https://www.impo.com.uy/bases/leyes/18966-2012,"JAPON. ESCUELA 117 PLAYA PENINO (CIUDAD DEL PLATA - SAN JOSE). DENOMINACION.",39142,0,0
2012-08-30,18965,https://parlamento.gub.uy/documentosyleyes/leyes/ley/18965,https://www.impo.com.uy/bases/leyes/18965-2012,"ANCAP. CANCELACION DEUDAS PDVSA. PRESTAMO. AUTORIZACION.",113561,0,1
2012-08-30,18964,https://parlamento.gub.uy/documentosyleyes/leyes/ley/18964,https://www.impo.com.uy/bases/leyes/18964-2012,"VEHICULOS USADOS. IMPORTACION. PROHIBICION. PRORROGA.",112999,3,1
2012-08-30,18963,https://parlamento.gub.uy/documentosyleyes/leyes/ley/18963,https://www.impo.com.uy/bases/leyes/18963-2012,"ARGENTINA - URUGUAY. COMITES INTEGRACION. REGLAMENTO. CONVENIO. APROBACION.",111850,0,0
2012-08-30,18962,https://parlamento.gub.uy/documentosyleyes/leyes/ley/18962,https://www.impo.com.uy/bases/leyes/18962-2012,"TRABAJADORES EMPRESA CLADEMAR S.A. (FRIGORIFICO FLORIDA). SEGURO DESEMPLEO. PLAZO. PRORROGA.",113768,2,0
2012-08-30,18961,https://parlamento.gub.uy/documentosyleyes/leyes/ley/18961,https://www.impo.com.uy/bases/leyes/18961-2012,"EJERCICIO ATLASUR IX. BARCO ROU URUGUAY. SALIDA PAIS. AUTORIZACION.",113091,0,0
2012-08-30,18960,https://parlamento.gub.uy/documentosyleyes/leyes/ley/18960,https://www.impo.com.uy/bases/leyes/18960-2012,"EJERCICIOS RIO V Y TANQUE 2012. FUERZA AEREA URUGUAYA Y ARGENTINA. PARTICIPACION. AUTORIZACION.",112922,1,0
2012-08-24,18959,https://parlamento.gub.uy/documentosyleyes/leyes/ley/18959,https://www.impo.com.uy/bases/leyes/18959-2012,"SUECIA-URUGUAY. INTERCAMBIO INFORMACION TRIBUTARIA. CONVENIO. APROBACION.",111612,0,0
2012-08-24,18958,https://parlamento.gub.uy/documentosyleyes/leyes/ley/18958,https://www.impo.com.uy/bases/leyes/18958-2012,"SUIZA-URUGUAY. DOBLE IMPOSICION IMPUESTOS. CONVENIO. NOTAS REVERSALES. APROBACION.",111604,0,0
2012-08-24,18957,https://parlamento.gub.uy/documentosyleyes/leyes/ley/18957,https://www.impo.com.uy/bases/leyes/18957-2012,"FMI. CONVENIO CONSTITUTIVO. ENMIENDA. APROBACION.",109838,0,0
2012-08-24,18956,https://parlamento.gub.uy/documentosyleyes/leyes/ley/18956,https://www.impo.com.uy/bases/leyes/18956-2012,"DIA NACIONAL EDUCACION FISICA Y DEPORTE - 7 JULIO. DECLARACION.",108280,0,0
2012-08-23,18955,https://parlamento.gub.uy/documentosyleyes/leyes/ley/18955,https://www.impo.com.uy/bases/leyes/18955-2012,"NACIONES UNIDAS. OFICINA SERVICIOS PROYECTOS. URUGUAY. SEDE PERMANENTE. CONVENIO. APROBACION.",110780,0,0
2012-08-23,18954,https://parlamento.gub.uy/documentosyleyes/leyes/ley/18954,https://www.impo.com.uy/bases/leyes/18954-2012,"FONDO FINANCIAMIENTO Y DESARROLLO SUSTENTABLE ACTIVIDAD LECHERA. MORA. MULTA. MODIFICACION.",111144,1,0
2012-08-21,18953,https://parlamento.gub.uy/documentosyleyes/leyes/ley/18953,https://www.impo.com.uy/bases/leyes/18953-2012,"INDEPENDENCIA BRASIL. ACTOS CONMEMORATIVOS. EJERCITO NACIONAL. SALIDA PAIS. AUTORIZACION.",112923,0,0
2012-08-21,18952,https://parlamento.gub.uy/documentosyleyes/leyes/ley/18952,https://www.impo.com.uy/bases/leyes/18952-2012,"PARQUE TEJANO. LICEO 66 MONTEVIDEO (DPTO). DENOMINACION.",107300,0,0
2012-08-20,18937,https://parlamento.gub.uy/documentosyleyes/leyes/ley/18937,https://www.impo.com.uy/bases/leyes/18937-2012,"CONCURSO Y REORGANIZACION EMPRESARIAL. DECLARACION JUDICIAL. INTERPRETACION LEY.",110831,3,0
2012-08-16,18951,https://parlamento.gub.uy/documentosyleyes/leyes/ley/18951,https://www.impo.com.uy/bases/leyes/18951-2012,"ORGANIZACION INTERNACIONAL MIGRACIONES (OIM). CONSTITUCION. ENMIENDAS. APROBACION.",111059,0,0
2012-08-16,18950,https://parlamento.gub.uy/documentosyleyes/leyes/ley/18950,https://www.impo.com.uy/bases/leyes/18950-2012,"ESTATUTO RED ACUICULTURA DE LAS AMERICAS. APROBACION.",105166,0,0
2012-08-16,18949,https://parlamento.gub.uy/documentosyleyes/leyes/ley/18949,https://www.impo.com.uy/bases/leyes/18949-2012,"ANDRADE, José Leandro. PLAZA DEPORTE 1 SALTO (DPTO). DENOMINACION.",103608,0,0
2012-08-16,18948,https://parlamento.gub.uy/documentosyleyes/leyes/ley/18948,https://www.impo.com.uy/bases/leyes/18948-2012,"GRECIA - URUGUAY. COOPERACION ECONOMICA. CONVENIO. APROBACION.",108124,1,0
2012-08-16,18947,https://parlamento.gub.uy/documentosyleyes/leyes/ley/18947,https://www.impo.com.uy/bases/leyes/18947-2012,"CONVENIOS GINEBRA. PROTOCOLO ADICIONAL. APROBACION.",38570,0,0
2012-08-16,18946,https://parlamento.gub.uy/documentosyleyes/leyes/ley/18946,https://www.impo.com.uy/bases/leyes/18946-2012,"CONSEJO SUDAMERICANO DEPORTE (CONSUDE). CREACION. CONVENIO. APROBACION.",110086,0,0
2012-08-16,18945,https://parlamento.gub.uy/documentosyleyes/leyes/ley/18945,https://www.impo.com.uy/bases/leyes/18945-2012,"PORTUGAL-URUGUAY. DEFENSA. COOPERACION. CONVENIO. APROBACION.",39295,0,0
2012-08-16,18944,https://parlamento.gub.uy/documentosyleyes/leyes/ley/18944,https://www.impo.com.uy/bases/leyes/18944-2012,"PERU-URUGUAY. COOPERACION EN DEFENSA. CONVENIO. APROBACION.",109789,0,0
2012-08-16,18943,https://parlamento.gub.uy/documentosyleyes/leyes/ley/18943,https://www.impo.com.uy/bases/leyes/18943-2012,"ECUADOR-URUGUAY. COOPERACION AMBITO DEFENSA. CONVENIO. APROBACION.",106194,0,0
2012-08-16,18942,https://parlamento.gub.uy/documentosyleyes/leyes/ley/18942,https://www.impo.com.uy/bases/leyes/18942-2012,"PORTUGAL-URUGUAY. DEFENSA. COOPERACION. CONVENIO. RECTIFICACION ART 6. APROBACION.",38482,0,0
2012-08-10,18941,https://parlamento.gub.uy/documentosyleyes/leyes/ley/18941,https://www.impo.com.uy/bases/leyes/18941-2012,"JAPON. ESCUELA 96 (RIVERA). DENOMINACION.",111235,0,0
2012-08-08,18940,https://parlamento.gub.uy/documentosyleyes/leyes/ley/18940,https://www.impo.com.uy/bases/leyes/18940-2012,"AERONAUTICA ARGENTINA. CENTENARIO. JORNADAS PUERTAS ABIERTAS. FUERZA AEREA URUGUAYA. SALIDA PAIS. AUTORIZACION.",112924,0,0
2012-08-08,18939,https://parlamento.gub.uy/documentosyleyes/leyes/ley/18939,https://www.impo.com.uy/bases/leyes/18939-2012,"AVIONES DEPORTIVOS O TURISMO EN TRANSITO. CODIGO AERONAUTICO. MODIFICACION.",111158,1,0
2012-08-02,18938,https://parlamento.gub.uy/documentosyleyes/leyes/ley/18938,https://www.impo.com.uy/bases/leyes/18938-2012,"FERNANDEZ CORREA, Salvador. LICEO BATLLE Y ORDOÑEZ (LAVALLEJA). DENOMINACION.",31295,0,0
2012-07-20,18936,https://parlamento.gub.uy/documentosyleyes/leyes/ley/18936,https://www.impo.com.uy/bases/leyes/18936-2012,"OFICIALES SUBALTERNOS FUERZA AEREA. CAMBIO ESCALAFON. LEY ORGANICA. MODIFICACION.",110016,1,0
2012-07-20,18935,https://parlamento.gub.uy/documentosyleyes/leyes/ley/18935,https://www.impo.com.uy/bases/leyes/18935-2012,"EMPRESA KINDALE S.A. EX TRABAJADORES. DESEMPLEO. SEGURO. NUEVA EXTENSION",112703,2,0
2012-07-20,18934,https://parlamento.gub.uy/documentosyleyes/leyes/ley/18934,https://www.impo.com.uy/bases/leyes/18934-2012,"PORTUGAL-URUGUAY. IMPUESTO RENTA Y PATRIMONIO. EVASION. PREVENCION. CONVENIO. APOROBACION.",103191,0,0
2012-07-20,18933,https://parlamento.gub.uy/documentosyleyes/leyes/ley/18933,https://www.impo.com.uy/bases/leyes/18933-2012,"LIECHTENSTEIN- URUGUAY. IMPUESTOS RENTA Y PATRIMONIO. DOBLE IMPOSICION. CONVENIO. APROBACION.",107110,0,0
2012-07-20,18932,https://parlamento.gub.uy/documentosyleyes/leyes/ley/18932,https://www.impo.com.uy/bases/leyes/18932-2012,"ECUADOR-URUGUAY. RENTA Y PATRIMONIO. DOBLE IMPOSICION IMPUESTOS. CONVENIO. APROBACION.",108995,0,0
2012-07-17,18931,https://parlamento.gub.uy/documentosyleyes/leyes/ley/18931,https://www.impo.com.uy/bases/leyes/18931-2012,"PLUNA S.A. FIDEICOMISO. AUTORIZACION.",113126,3,2
2012-07-17,18930,https://parlamento.gub.uy/documentosyleyes/leyes/ley/18930,https://www.impo.com.uy/bases/leyes/18930-2012,"TRANSPARENCIA FISCAL INTERNACIONAL. REGISTRO IDENTIFICACION TITULARES ACCIONES. CREACION.",111789,9,8
2012-07-13,18929,https://parlamento.gub.uy/documentosyleyes/leyes/ley/18929,https://www.impo.com.uy/bases/leyes/18929-2012,"VENEZUELA - URUGUAY. COOPERACION AGRICOLA. CONVENIO. APROBACION.",108792,0,0
2012-07-13,18928,https://parlamento.gub.uy/documentosyleyes/leyes/ley/18928,https://www.impo.com.uy/bases/leyes/18928-2012,"ESPAÑA-URUGUAY. TRASLADO PERSONAS CONDENADAS. CONVENIO. APROBACION.",106170,0,0
2012-07-11,18927,https://parlamento.gub.uy/documentosyleyes/leyes/ley/18927,https://www.impo.com.uy/bases/leyes/18927-2012,"JUANA DE AMERICA. JARDIN INFANTES 221 (MONTEVIDEO). DENOMINACION.",103300,0,0
2012-07-11,18926,https://parlamento.gub.uy/documentosyleyes/leyes/ley/18926,https://www.impo.com.uy/bases/leyes/18926-2012,"GUYUNUSA. LICEO 65 MONTEVIDEO (DPTO). DENOMINACION.",107301,0,0
2012-07-11,18925,https://parlamento.gub.uy/documentosyleyes/leyes/ley/18925,https://www.impo.com.uy/bases/leyes/18925-2012,"REPUBLICA DE FRANCIA. ESCUELA RURAL 5 CANELONES (DPTO). DENOMINACION.",31600,0,0
2012-07-11,18924,https://parlamento.gub.uy/documentosyleyes/leyes/ley/18924,https://www.impo.com.uy/bases/leyes/18924-2012,"NAVARRO CEBALLOS, Santiago. ESCUELA RURAL 106 BOQUERON (RIVERA). DENOMINACION.",104613,0,0
2012-07-11,18923,https://parlamento.gub.uy/documentosyleyes/leyes/ley/18923,https://www.impo.com.uy/bases/leyes/18923-2012,"FRANCIA - URUGUAY. SEGURIDAD SOCIAL. CONVENIO. APROBACION.",109514,0,0
2012-07-06,18922,https://parlamento.gub.uy/documentosyleyes/leyes/ley/18922,https://www.impo.com.uy/bases/leyes/18922-2012,"SEGURO SALUD (NACIONAL). JUBILADOS Y PENSIONISTA. INCORPORACION.",112458,9,0
2012-06-27,18921,https://parlamento.gub.uy/documentosyleyes/leyes/ley/18921,https://www.impo.com.uy/bases/leyes/18921-2012,"COOPERATIVAS. ADAPTACION ESTATUTOS. INSCRIPCION. REGIMEN. MODIFICACION.",112127,1,3
2012-06-27,18920,https://parlamento.gub.uy/documentosyleyes/leyes/ley/18920,https://www.impo.com.uy/bases/leyes/18920-2012,"MAZALI MONES, Sofía Margarita. PENSION GRACIABLE. OTORGAMIENTO.",111240,0,0
2012-06-27,18919,https://parlamento.gub.uy/documentosyleyes/leyes/ley/18919,https://www.impo.com.uy/bases/leyes/18919-2012,"MAZALI MONES, Alicia Raquel. PENSION GRACIABLE. OTORGAMIENTO.",111238,0,0
2012-06-27,18918,https://parlamento.gub.uy/documentosyleyes/leyes/ley/18918,https://www.impo.com.uy/bases/leyes/18918-2012,"TRABAJADOR METZEN Y SENA S.A.. SEGURO DESEMPLEO. PLAZO. EXTENSION.",112641,2,0
2012-06-27,18917,https://parlamento.gub.uy/documentosyleyes/leyes/ley/18917,https://www.impo.com.uy/bases/leyes/18917-2012,"KUWAIT - URUGUAY. COOPERACION ECONOMICA Y TECNICA. CONVENIO. APROBACION.",110724,0,0
2012-06-27,18916,https://parlamento.gub.uy/documentosyleyes/leyes/ley/18916,https://www.impo.com.uy/bases/leyes/18916-2012,"ZITARROSA, Alfredo. ESCUELA MUSICA 78 FRAY BENTOS (RIO NEGRO). DENOMINACION.",103809,0,0
2012-06-27,18915,https://parlamento.gub.uy/documentosyleyes/leyes/ley/18915,https://www.impo.com.uy/bases/leyes/18915-2012,"ITALIA - URUGUAY. SISTEMAS SEGURIDAD Y DEFENSA. ADQUISICION. CONVENIO. APROBACION.",111163,0,0
2012-06-22,18914,https://parlamento.gub.uy/documentosyleyes/leyes/ley/18914,https://www.impo.com.uy/bases/leyes/18914-2012,"LAVADO DE ACTIVOS. PREVENCION Y PENALIZACION. NORMAS.",109259,8,1
2012-06-22,18913,https://parlamento.gub.uy/documentosyleyes/leyes/ley/18913,https://www.impo.com.uy/bases/leyes/18913-2012,"ACUIFERO GUARANI. CONVENIO. APROBACION.",110366,0,0
2012-06-22,18912,https://parlamento.gub.uy/documentosyleyes/leyes/ley/18912,https://www.impo.com.uy/bases/leyes/18912-2012,"CODICEN ANEP. PRESIDENTE. DOBLE VOTO. OTORGAMIENTO. LEY GENERAL EDUCACION. MODIFICACION.",111680,1,2
2012-06-22,18911,https://parlamento.gub.uy/documentosyleyes/leyes/ley/18911,https://www.impo.com.uy/bases/leyes/18911-2012,"SUDAFRICA- URUGUAY. SERVICIOS BUSQUEDA Y SALVAMENTO MARITIMOS Y AERONAUTICOS. COORDINACION. CONVENIO. APROBACION.",106543,0,0
2012-05-25,18910,https://parlamento.gub.uy/documentosyleyes/leyes/ley/18910,https://www.impo.com.uy/bases/leyes/18910-2012,"IMPUESTOS. REGIMEN. MODIFICACION.",110556,6,5
2012-05-23,18909,https://parlamento.gub.uy/documentosyleyes/leyes/ley/18909,https://www.impo.com.uy/bases/leyes/18909-2012,"URUGUAY-CHILE. CONTRATACION PUBLICA. ACUERDO. APROBACION.",105859,0,0
2012-05-23,18908,https://parlamento.gub.uy/documentosyleyes/leyes/ley/18908,https://www.impo.com.uy/bases/leyes/18908-2012,"SACACHISPAS (SORIANO). CENTRO POBLADO. DENOMINACION.",37120,0,0
2012-05-23,18907,https://parlamento.gub.uy/documentosyleyes/leyes/ley/18907,https://www.impo.com.uy/bases/leyes/18907-2012,"COMPETENCIA FUERZAS COMANDO 2012. EJERCITO NACIONAL. EFECTIVOS. SALIDA PAIS. AUTORIZACION.",111924,0,0
2012-05-18,18906,https://parlamento.gub.uy/documentosyleyes/leyes/ley/18906,https://www.impo.com.uy/bases/leyes/18906-2012,"ARMADA ESTADOS UNIDOS. INTEGRANTES Y MATERIAL. INGRESO PAIS. AUTORIZACION.",111732,0,0
2012-05-15,18905,https://parlamento.gub.uy/documentosyleyes/leyes/ley/18905,https://www.impo.com.uy/bases/leyes/18905-2012,"VIOLENCIA DOMESTICA. FISCALIA LETRADA NACIONAL. CREACION.",110832,2,0
2012-05-04,18904,https://parlamento.gub.uy/documentosyleyes/leyes/ley/18904,https://www.impo.com.uy/bases/leyes/18904-2012,"SEGURIDAD VIAL. RESOLUCION ONU. APROBACION.",108309,0,1
2012-05-04,18903,https://parlamento.gub.uy/documentosyleyes/leyes/ley/18903,https://www.impo.com.uy/bases/leyes/18903-2012,"BRASIL - URUGUAY. SEGURIDAD PUBLICA. COOPERACION. CONVENIO. APROBACION.",110085,0,0
2012-05-02,18902,https://parlamento.gub.uy/documentosyleyes/leyes/ley/18902,https://www.impo.com.uy/bases/leyes/18902-2012,"FUNDACION TELETON FRAY BENTOS (RIO NEGRO). ADQUISICION BIENES Y SERVICIOS. IVA. DEVOLUCION.",111161,0,0
2012-05-02,18901,https://parlamento.gub.uy/documentosyleyes/leyes/ley/18901,https://www.impo.com.uy/bases/leyes/18901-2012,"ZITARROSA, Alfredo. ESCUELA TECNICA RUTA 1 CIUDAD DEL PLATA (SAN JOSE). DENOMINACION.",104409,0,0
2012-04-30,18900,https://parlamento.gub.uy/documentosyleyes/leyes/ley/18900,https://www.impo.com.uy/bases/leyes/18900-2012,"PLAN JUNTOS. DONACIONES. IMPUESTOS. EXONERACION.",110788,0,1
2012-04-30,18899,https://parlamento.gub.uy/documentosyleyes/leyes/ley/18899,https://www.impo.com.uy/bases/leyes/18899-2012,"SERVICIO DOMESTICO. TRABAJO DECENTE. OIT. CONVENIO. APROBACION.",110748,0,0
2012-04-26,18898,https://parlamento.gub.uy/documentosyleyes/leyes/ley/18898,https://www.impo.com.uy/bases/leyes/18898-2012,"VENEZUELA - URUGUAY. ACTIVIDADES ANTARTICAS. CONVENIO. APROBACION.",109352,0,0
2012-04-26,18897,https://parlamento.gub.uy/documentosyleyes/leyes/ley/18897,https://www.impo.com.uy/bases/leyes/18897-2012,"CONSEJO COOPERACION ADUANERA. CONVENCION. ENMIENDA. APROBACION.",36959,0,0
2012-04-26,18896,https://parlamento.gub.uy/documentosyleyes/leyes/ley/18896,https://www.impo.com.uy/bases/leyes/18896-2012,"DEFENSA NACIONAL. LEY MARCO. MODIFICACION.",111321,1,1
2012-04-20,18895,https://parlamento.gub.uy/documentosyleyes/leyes/ley/18895,https://www.impo.com.uy/bases/leyes/18895-2012,"MENOR. TRASLADO O RETENCION ILICITOS. RESTITUCION. REGIMEN.",106786,4,1
2012-04-20,18894,https://parlamento.gub.uy/documentosyleyes/leyes/ley/18894,https://www.impo.com.uy/bases/leyes/18894-2012,"INMUEBLE BCU MONTEVIDEO (DPTO). AFECTACION MEC.",102457,0,0
2012-04-20,18893,https://parlamento.gub.uy/documentosyleyes/leyes/ley/18893,https://www.impo.com.uy/bases/leyes/18893-2012,"NUEVA HELVECIA (COLONIA). FUNDACION. ANIVERSARIO (150). FERIADO. DECLARACION.",110772,0,0
2012-04-20,18892,https://parlamento.gub.uy/documentosyleyes/leyes/ley/18892,https://www.impo.com.uy/bases/leyes/18892-2012,"CHILE - URUGUAY. NACIONALES RESIDENTES EXTERIOR. CONVENIO. APROBACION.",109513,0,0
2012-04-20,18891,https://parlamento.gub.uy/documentosyleyes/leyes/ley/18891,https://www.impo.com.uy/bases/leyes/18891-2012,"ARGENTINA - URUGUAY. TRANSPORTE POR AGUA. CONVENIO. APROBACION.",103655,0,0
2012-03-30,18890,https://parlamento.gub.uy/documentosyleyes/leyes/ley/18890,https://www.impo.com.uy/bases/leyes/18890-2012,"TRABAJADORES COOPERATIVA INDUSTRIAL MARAGATA (COOPIMA). SEGURO DESEMPLEO. PRORROGA.",111255,2,0
2012-03-30,18889,https://parlamento.gub.uy/documentosyleyes/leyes/ley/18889,https://www.impo.com.uy/bases/leyes/18889-2012,"TRABAJADOR PAYLANA S.A. SEGURO DESEMPLEO. PRORROGA.",111576,2,0
2012-03-23,18888,https://parlamento.gub.uy/documentosyleyes/leyes/ley/18888,https://www.impo.com.uy/bases/leyes/18888-2012,"TRIPULACION BARCOS BANDERA NACIONAL. CONSUMO ALCOHOL Y DROGAS. FISCALIZACION PREFECTURA NAVAL. AUTORIZACION.",107841,0,0
2012-03-23,18887,https://parlamento.gub.uy/documentosyleyes/leyes/ley/18887,https://www.impo.com.uy/bases/leyes/18887-2012,"EJERCICIOS RIO V Y TANQUE 2012. FUERZA AEREA URUGUAYA Y ARGENTINA. PARTICIPACION. AUTORIZACION.",110973,0,1
2012-03-23,18886,https://parlamento.gub.uy/documentosyleyes/leyes/ley/18886,https://www.impo.com.uy/bases/leyes/18886-2012,"PERU-URUGUAY. ASOCIACION ESTRATEGICA. ACUERDO MARCO. APROBACION.",105861,0,0
2012-01-20,18885,https://parlamento.gub.uy/documentosyleyes/leyes/ley/18885,https://www.impo.com.uy/bases/leyes/18885-2012,"URUGUAY-ORGANIZACION PROHIBICION ARMAS QUIMICAS. PRIVILEGIOS E INMUNIDADES OPAQ. ACUERDO.",106349,0,0
2012-01-20,18884,https://parlamento.gub.uy/documentosyleyes/leyes/ley/18884,https://www.impo.com.uy/bases/leyes/18884-2012,"LENCINA, Joaquín (ANSINA). ESCUELA 285 TOLEDO (CANELONES). DENOMINACION.",101853,0,0
2012-01-20,18883,https://parlamento.gub.uy/documentosyleyes/leyes/ley/18883,https://www.impo.com.uy/bases/leyes/18883-2012,"MERCOSUR-BOLIVIA-CHILE. PERSONAS CONDENADAS. TRABAJO. CONVENIO. APROBACION.",106542,0,0
2012-01-20,18882,https://parlamento.gub.uy/documentosyleyes/leyes/ley/18882,https://www.impo.com.uy/bases/leyes/18882-2012,"PARAGUAY-URUGUAY. MINISTERIOS DEFENSA. COOPERACION. CONVENIO. APROBACION.",106195,0,0
2011-12-29,18881,https://parlamento.gub.uy/documentosyleyes/leyes/ley/18881,https://www.impo.com.uy/bases/leyes/18881-2011,"EMBARCACIONES DRAGADO AGUAS JURISDICCIONALES. EMBANDERAMIENTO. REGIMEN. MODIFICACION.",109949,5,0
2011-12-29,18880,https://parlamento.gub.uy/documentosyleyes/leyes/ley/18880,https://www.impo.com.uy/bases/leyes/18880-2011,"DIRECCION METEOROLOGIA (NACIONAL). TRANSFERENCIA AL MINISTERIO VIVIENDA. PRORROGA.",110452,1,1
2011-12-29,18879,https://parlamento.gub.uy/documentosyleyes/leyes/ley/18879,https://www.impo.com.uy/bases/leyes/18879-2011,"INMUEBLES ESTADO (SORIANO) TRANSFERENCIA INTENDENCIA SORIANO.",107601,0,0
2011-12-29,18878,https://parlamento.gub.uy/documentosyleyes/leyes/ley/18878,https://www.impo.com.uy/bases/leyes/18878-2011,"TRANSPORTE COLECTIVO SUBURBANO PASAJEROS. FONDO FINANCIAMIENTO. CREACION.",109541,1,0
2011-12-29,18877,https://parlamento.gub.uy/documentosyleyes/leyes/ley/18877,https://www.impo.com.uy/bases/leyes/18877-2011,"INMUEBLES MEF SAN JOSE (DPTO). TRANSFERENCIA INSTITUTO COLONIZACION. AUTORIZACION",105854,0,0
2011-12-29,18876,https://parlamento.gub.uy/documentosyleyes/leyes/ley/18876,https://www.impo.com.uy/bases/leyes/18876-2011,"INMUEBLES RURALES CONCENTRACION. IMPUESTO (ICIR). CREACION.",109040,3,4
2011-12-23,18875,https://parlamento.gub.uy/documentosyleyes/leyes/ley/18875,https://www.impo.com.uy/bases/leyes/18875-2011,"PERSONAS BAJA VISION. BASTON VERDE. USO. REGLAMENTACION.",37586,0,0
2011-12-23,18874,https://parlamento.gub.uy/documentosyleyes/leyes/ley/18874,https://www.impo.com.uy/bases/leyes/18874-2011,"MONOTRIBUTO SOCIAL MIDES. REGIMEN.",108137,2,6
2011-12-23,18873,https://parlamento.gub.uy/documentosyleyes/leyes/ley/18873,https://www.impo.com.uy/bases/leyes/18873-2011,"INDIA-URUGUAY PROMOCION Y PROTECCION INFERSIONES. CONVENIO. APROBACION.",105857,0,0
2011-12-23,18872,https://parlamento.gub.uy/documentosyleyes/leyes/ley/18872,https://www.impo.com.uy/bases/leyes/18872-2011,"EMIRATOS ARABES UNIDOS- URUGUAY. COOPERACION ECONOMICA, COMERCIAL Y TECNICA. CONVENIO. APROBACION.",105251,0,0
2011-12-23,18871,https://parlamento.gub.uy/documentosyleyes/leyes/ley/18871,https://www.impo.com.uy/bases/leyes/18871-2011,"VENEZUELA - URUGUAY. SEGURIDAD ENERGETICA. CONVENIO. APROBACION.",35409,0,0
2011-12-23,18870,https://parlamento.gub.uy/documentosyleyes/leyes/ley/18870,https://www.impo.com.uy/bases/leyes/18870-2011,"TAMPERE (FINLANDIA) - URUGUAY. CONVENIO SUMINISTRO TELECOMUNICACIONES MITIGACION CATASTROFES. APROBACION.",27104,0,0
2011-12-23,18869,https://parlamento.gub.uy/documentosyleyes/leyes/ley/18869,https://www.impo.com.uy/bases/leyes/18869-2011,"INSTITUTO EVALUACION EDUCATIVA (NACIONAL). INTEGRACION. MODIFICACION.",108838,1,0
2011-12-23,18868,https://parlamento.gub.uy/documentosyleyes/leyes/ley/18868,https://www.impo.com.uy/bases/leyes/18868-2011,"CERTIFICADO EMBARAZO FUNCIONARIA PUBLICA O PRIVADA. EXIGENCIA. PROHIBICION.",109818,0,0
2011-12-23,18867,https://parlamento.gub.uy/documentosyleyes/leyes/ley/18867,https://www.impo.com.uy/bases/leyes/18867-2011,"SUIZA - URUGUAY. IMPUESTOS RENTA Y PATRIMONIO. DOBLE IMPOSICION. CONVENIO. APROBACION.",107111,0,0
2011-12-23,18866,https://parlamento.gub.uy/documentosyleyes/leyes/ley/18866,https://www.impo.com.uy/bases/leyes/18866-2011,"FONDO MULTILATERAL INVERSIONES II (FOMIN II). CONVENIO CONSTITUTIVO Y ANEXOS. APROBACION.",105489,0,0
2011-12-23,18865,https://parlamento.gub.uy/documentosyleyes/leyes/ley/18865,https://www.impo.com.uy/bases/leyes/18865-2011,"MOZOS CORDEL. CONTRATACION. REGIMEN. MODIFICACION.",109980,2,1
2011-12-23,18864,https://parlamento.gub.uy/documentosyleyes/leyes/ley/18864,https://www.impo.com.uy/bases/leyes/18864-2011,"HAITI. MISION PAZ ONU (MINUSTAH). EFECTIVOS FUERZAS ARMADAS. PERMANENCIA. PRORROGA.",110523,1,0
2011-12-23,18863,https://parlamento.gub.uy/documentosyleyes/leyes/ley/18863,https://www.impo.com.uy/bases/leyes/18863-2011,"IGLESIAS, María de los Angeles. PENSION GRACIABLE. OTORGAMIENTO.",108997,0,0
2011-12-23,18862,https://parlamento.gub.uy/documentosyleyes/leyes/ley/18862,https://www.impo.com.uy/bases/leyes/18862-2011,"ESCALADA PIRIZ, Guillermo. PENSION GRACIABLE. OTORGAMIENTO.",109700,0,0
2011-12-23,18861,https://parlamento.gub.uy/documentosyleyes/leyes/ley/18861,https://www.impo.com.uy/bases/leyes/18861-2011,"BANCO DEL SUR. CONVENIO CONSTITUTIVO. APROBACION.",109535,0,1
2011-12-23,18860,https://parlamento.gub.uy/documentosyleyes/leyes/ley/18860,https://www.impo.com.uy/bases/leyes/18860-2011,"PATENTE RODADOS. UNIFICACION COBRO. ALUMBRADO PUBLICO. SUBSIDIO. REGIMEN.",109531,3,0
2011-12-23,18859,https://parlamento.gub.uy/documentosyleyes/leyes/ley/18859,https://www.impo.com.uy/bases/leyes/18859-2011,"SOCIEDADES ANONIMAS. REALIZADION ACTIVIDADES ZONAS FRANCAS.",105542,3,1
2011-12-23,18858,https://parlamento.gub.uy/documentosyleyes/leyes/ley/18858,https://www.impo.com.uy/bases/leyes/18858-2011,"AVECINAMIENTO. LAPSO. PERMANENCIA PAIS. REDUCCION",109739,1,0
2011-12-22,18857,https://parlamento.gub.uy/documentosyleyes/leyes/ley/18857,https://www.impo.com.uy/bases/leyes/18857-2011,"CAMPAÑA ANTARTICA 2011/2012. OPERACION ANTARKOS XXVIII. BARCOS ARMADA. SALIDA PAIS. AUTORIZACION.",108446,0,0
2011-12-16,18856,https://parlamento.gub.uy/documentosyleyes/leyes/ley/18856,https://www.impo.com.uy/bases/leyes/18856-2011,"TRABAJADOR GASTRONOMICO. DESCANSO SEMANAL. REGIMEN.",104302,1,0
2011-12-16,18855,https://parlamento.gub.uy/documentosyleyes/leyes/ley/18855,https://www.impo.com.uy/bases/leyes/18855-2011,"CHILE - URUGUAY. INVERSIONES. CONVENIO. APROBACION.",107297,0,0
2011-12-16,18854,https://parlamento.gub.uy/documentosyleyes/leyes/ley/18854,https://www.impo.com.uy/bases/leyes/18854-2011,"REYES UMPIERREZ, Luis Alberto. PENSION GRACIABLE. OTORGAMIENTO.",109278,0,0
2011-12-16,18853,https://parlamento.gub.uy/documentosyleyes/leyes/ley/18853,https://www.impo.com.uy/bases/leyes/18853-2011,"INMUEBLE MDN ZONA RURAL FLORIDA (DPTO). AFECTACION INTENDENCIA FLORIDA.",105265,0,0
2011-12-16,18852,https://parlamento.gub.uy/documentosyleyes/leyes/ley/18852,https://www.impo.com.uy/bases/leyes/18852-2011,"PIVEL DEVOTO, Juan E. LICEO 2 PAYSANDU (PAYSANDU). DENOMINACION.",102081,0,0
2011-12-16,18851,https://parlamento.gub.uy/documentosyleyes/leyes/ley/18851,https://www.impo.com.uy/bases/leyes/18851-2011,"OPERACION ESNAL II. INTEGRANTES ARMADA NACIONAL. SALIDA PAIS. AUTORIZACION.",109934,0,0
2011-12-16,18850,https://parlamento.gub.uy/documentosyleyes/leyes/ley/18850,https://www.impo.com.uy/bases/leyes/18850-2011,"VIOLENCIA DOMESTICA. HIJOS PERSONAS FALLECIDAS. PENSION Y ASIGNACION FAMILIAR ESPECIAL. OTORGAMIENTO.",107687,6,0
2011-12-06,18849,https://parlamento.gub.uy/documentosyleyes/leyes/ley/18849,https://www.impo.com.uy/bases/leyes/18849-2011,"HUELLAS GENETICAS DIGITALIZADAS. REGISTRO NACIONAL. REGULACION. CREACION",101243,0,0
2011-11-28,18848,https://parlamento.gub.uy/documentosyleyes/leyes/ley/18848,https://www.impo.com.uy/bases/leyes/18848-2011,"INMUEBLE 2079 SANTA LUCIA (INTENDENCIA CANELONES). AFECTACION MTOP.",102662,0,0
2011-11-25,18847,https://parlamento.gub.uy/documentosyleyes/leyes/ley/18847,https://www.impo.com.uy/bases/leyes/18847-2011,"JUICIOS LABORALES. MODIFICACION.",106753,4,0
2011-11-25,18846,https://parlamento.gub.uy/documentosyleyes/leyes/ley/18846,https://www.impo.com.uy/bases/leyes/18846-2011,"VESTIMENTA. INDUSTRIA NACIONAL. FORTALECIMIENTO. DESARROLLO. MEDIDAS.",101360,6,0
2011-11-25,18845,https://parlamento.gub.uy/documentosyleyes/leyes/ley/18845,https://www.impo.com.uy/bases/leyes/18845-2011,"FONDO MONETARIO INTERNACIONAL. CUOTA URUGUAY. AUMENTO.",109037,0,0
2011-11-25,18844,https://parlamento.gub.uy/documentosyleyes/leyes/ley/18844,https://www.impo.com.uy/bases/leyes/18844-2011,"URUGUAY-ALEMANIA. IMPUESTOS RENTA Y PATRIMONIO. DOBLE IMPOSICION. ACUERDO. APROBACION.",108791,0,0
2011-11-25,18843,https://parlamento.gub.uy/documentosyleyes/leyes/ley/18843,https://www.impo.com.uy/bases/leyes/18843-2011,"EMPRESA KINDALE S.A. TRABAJADOR. SUBSIDIO DESEMPLEO. EXTENSION.",109820,2,0
2011-11-25,18842,https://parlamento.gub.uy/documentosyleyes/leyes/ley/18842,https://www.impo.com.uy/bases/leyes/18842-2011,"EMPRESA PLASTICOS GEPAX S.A. TRABAJADORES. SEGURO DESOCUPACION. PRORROGA.",109635,2,0
2011-11-25,18841,https://parlamento.gub.uy/documentosyleyes/leyes/ley/18841,https://www.impo.com.uy/bases/leyes/18841-2011,"COOPERATIVA INDUSTRIAL MARAGATA. SUBSIDIO DESEMPLEO. PRORROGA.",110093,2,0
2011-11-23,18840,https://parlamento.gub.uy/documentosyleyes/leyes/ley/18840,https://www.impo.com.uy/bases/leyes/18840-2011,"SANEAMIENTO. OBRAS. CONEXIÓN. PROMOCIÓN.",105732,4,2
2011-11-23,18839,https://parlamento.gub.uy/documentosyleyes/leyes/ley/18839,https://www.impo.com.uy/bases/leyes/18839-2011,"VIVALDO NARDACIONES, Norma Iris. PENSION GRACIABLE. OTORGAMIENTO.",108279,0,0
2011-11-22,18838,https://parlamento.gub.uy/documentosyleyes/leyes/ley/18838,https://www.impo.com.uy/bases/leyes/18838-2011,"DIA MUNDIAL PREVENCION ATAQUE CEREBRAL - 29 OCTUBRE. DECLARATORIA.",109390,0,0
2011-11-15,18837,https://parlamento.gub.uy/documentosyleyes/leyes/ley/18837,https://www.impo.com.uy/bases/leyes/18837-2011,"MERCOSUR PARLAMENTO FUNCIONAMIENTO. DECISION Nº 18/11. APROBACION",109182,0,0
2011-11-15,18836,https://parlamento.gub.uy/documentosyleyes/leyes/ley/18836,https://www.impo.com.uy/bases/leyes/18836-2011,"DOCUMENTOS PUBLICOS EXTRANJEROS. LEGALIZACION. EXIGENCIA. SUPRESION. CONVENIO. APROBACION.",108950,0,0
2011-11-14,18835,https://parlamento.gub.uy/documentosyleyes/leyes/ley/18835,https://www.impo.com.uy/bases/leyes/18835-2011,"CHALAR, Santiago. PUENTE ARROYO CAMPANERO GRANDE RUTA 8 (LAVALLEJA). DENOMINACION.",106057,0,0
2011-11-04,18834,https://parlamento.gub.uy/documentosyleyes/leyes/ley/18834,https://www.impo.com.uy/bases/leyes/18834-2011,"RENDICION CUENTAS 2010. APROBACION.",108306,74,11
2011-10-28,18833,https://parlamento.gub.uy/documentosyleyes/leyes/ley/18833,https://www.impo.com.uy/bases/leyes/18833-2011,"DEPORTE. FOMENTO. COMISION PROYECTOS DEPORTIVOS (COMPRODE). CREACION.",106100,0,1
2011-10-28,18832,https://parlamento.gub.uy/documentosyleyes/leyes/ley/18832,https://www.impo.com.uy/bases/leyes/18832-2011,"UNIDAD ALIMENTARIA DE MONTEVIDEO. CREACION.",102939,5,2
2011-10-27,18831,https://parlamento.gub.uy/documentosyleyes/leyes/ley/18831,https://www.impo.com.uy/bases/leyes/18831-2011,"DELITOS LESA HUMANIDAD POR TERRORISMO ESTADO. PRETENSION PUNITIVA DEL ESTADO. RESTABLECIMIENTO.",109882,1,0
2011-10-26,18830,https://parlamento.gub.uy/documentosyleyes/leyes/ley/18830,https://www.impo.com.uy/bases/leyes/18830-2011,"DIA FUNCIONARIO MTSS - 31 OCTUBRE. DECLARACION.",39184,0,0
2011-10-24,18829,https://parlamento.gub.uy/documentosyleyes/leyes/ley/18829,https://www.impo.com.uy/bases/leyes/18829-2011,"PLAN INTEGRACIÓN SOCIO-HABITACIONAL JUNTOS (NACIONAL). NORMAS",106102,12,0
2011-10-24,18828,https://parlamento.gub.uy/documentosyleyes/leyes/ley/18828,https://www.impo.com.uy/bases/leyes/18828-2011,"BANCO INTERAMERICANO DESARROLLO (BID). AUMENTO CAPITAL Y FONDO PARA OPERACIONES ESPECIALES. APROBACION.",107801,1,0
2011-10-21,18827,https://parlamento.gub.uy/documentosyleyes/leyes/ley/18827,https://www.impo.com.uy/bases/leyes/18827-2011,"FONDO RECONSTRUCCION Y FOMENTO GRANJA (FRFG). MODIFICACION.",104432,3,4
2011-10-21,18826,https://parlamento.gub.uy/documentosyleyes/leyes/ley/18826,https://www.impo.com.uy/bases/leyes/18826-2011,"MERCOSUR-CHILE. COMPLEMENTACIÓN ECONÓMICA. ACUERDO. QUINCUAGÉSIMO TERCER PROTOCOLO ADICIONAL. APROBACIÓN",104498,0,0
2011-10-21,18825,https://parlamento.gub.uy/documentosyleyes/leyes/ley/18825,https://www.impo.com.uy/bases/leyes/18825-2011,"COREA DEL SUR-URUGUAY. PROMOCION Y PROTECCION INVERSIONES. CONVENIO. APROBACION.",104380,0,0
2011-10-21,18824,https://parlamento.gub.uy/documentosyleyes/leyes/ley/18824,https://www.impo.com.uy/bases/leyes/18824-2011,"REPUBLICA HELENICA - URUGUAY. TURISMO. COOPERACION. CONVENIO. APROBACION.",106419,0,0
2011-10-21,18823,https://parlamento.gub.uy/documentosyleyes/leyes/ley/18823,https://www.impo.com.uy/bases/leyes/18823-2011,"BRASIL - URUGUAY. DEFENSA. COOPERACION. ACUERDO. APROBACION.",107294,0,0
2011-10-21,18822,https://parlamento.gub.uy/documentosyleyes/leyes/ley/18822,https://www.impo.com.uy/bases/leyes/18822-2011,"ARGENTINA - URUGUAY. MINISTERIOS DEFENSA. COOPERACION EN DEFENSA. ACUERDO. APROBACION.",106008,0,0
2011-10-21,18821,https://parlamento.gub.uy/documentosyleyes/leyes/ley/18821,https://www.impo.com.uy/bases/leyes/18821-2011,"REPUBLICA CHECA-URUGUAY. PROMOCION Y PROTECCION INVERSIONES. ACUERDO. ENMIENDAS. PROTOCOLO.  APROBACION.",103186,0,0
2011-10-21,18820,https://parlamento.gub.uy/documentosyleyes/leyes/ley/18820,https://www.impo.com.uy/bases/leyes/18820-2011,"ATLANTIDA (CANELONES). ANIVERSARIO (100) FUNDACION. FERIADO. DECLARACION.",109272,0,0
2011-09-30,18819,https://parlamento.gub.uy/documentosyleyes/leyes/ley/18819,https://www.impo.com.uy/bases/leyes/18819-2011,"MERCOSUR-URUGUAY. ACUERDO SEDE FORO CONSULTIVO ECONOMICO- SOCIAL. APROBACION.",106064,0,0
2011-09-30,18818,https://parlamento.gub.uy/documentosyleyes/leyes/ley/18818,https://www.impo.com.uy/bases/leyes/18818-2011,"MERCOSUR-UNIÓN ADUANERA ÁFRICA SUR (SACU). ACUERDO PREFERENCIAL COMERCIO. APROBACIÓN.",103975,0,0
2011-09-30,18817,https://parlamento.gub.uy/documentosyleyes/leyes/ley/18817,https://www.impo.com.uy/bases/leyes/18817-2011,"QATAR-URUGUAY. COOPERACION ECONOMICA, COMERCIAL Y TECNICA. ACUERDO. APROBACION.",106348,0,0
2011-09-30,18816,https://parlamento.gub.uy/documentosyleyes/leyes/ley/18816,https://www.impo.com.uy/bases/leyes/18816-2011,"MERCOSUR. TRASLADO PERSONAS CONDENADAS. ACUERDO Y ENMIENDA. APROBACION.",103815,0,0
2011-09-30,18815,https://parlamento.gub.uy/documentosyleyes/leyes/ley/18815,https://www.impo.com.uy/bases/leyes/18815-2011,"ENFERMERIA. EJERCICIO PROFESION. REGULACION",103443,1,0
2011-09-23,18814,https://parlamento.gub.uy/documentosyleyes/leyes/ley/18814,https://www.impo.com.uy/bases/leyes/18814-2011,"PUERTOS. OBRAS INFRAESTRUCTURA. EMPRESAS EJECUTANTES. NORMAS.",103203,1,0
2011-09-23,18813,https://parlamento.gub.uy/documentosyleyes/leyes/ley/18813,https://www.impo.com.uy/bases/leyes/18813-2011,"YACIMIENTOS. CODIGO MINERIA. MODIFICACION.",105279,7,1
2011-09-23,18812,https://parlamento.gub.uy/documentosyleyes/leyes/ley/18812,https://www.impo.com.uy/bases/leyes/18812-2011,"BANCO CENTRAL URUGUAY. CENTRAL RIESGOS CREDITICIOS.  DATOS PERSONALES. PROTECCION.",103746,1,1
2011-09-23,18811,https://parlamento.gub.uy/documentosyleyes/leyes/ley/18811,https://www.impo.com.uy/bases/leyes/18811-2011,"URUGUAY-BRASIL. TRANSPORTE FLUVIAL Y LACUSTRE HIDROVIA URUGUAY-BRASIL. ACUERDO. APROBACION.",107793,0,0
2011-09-23,18810,https://parlamento.gub.uy/documentosyleyes/leyes/ley/18810,https://www.impo.com.uy/bases/leyes/18810-2011,"ASISTENCIA MUTUA MATERIA PENAL. CONVENCION INTERAMERICANA. APROBACION.",103823,0,0
2011-09-23,18809,https://parlamento.gub.uy/documentosyleyes/leyes/ley/18809,https://www.impo.com.uy/bases/leyes/18809-2011,"URUGUAY-CHINA. COOPERACION ECONOMICA Y TECNICA. CONVENIO. APROBACION.",104315,0,0
2011-09-23,18808,https://parlamento.gub.uy/documentosyleyes/leyes/ley/18808,https://www.impo.com.uy/bases/leyes/18808-2011,"URUGUAY - CHINA. COOPERACIÓN ECONÓMICA Y TÉCNICA. CONVENIO. APROBACIÓN.",104280,0,0
2011-09-22,18807,https://parlamento.gub.uy/documentosyleyes/leyes/ley/18807,https://www.impo.com.uy/bases/leyes/18807-2011,"MENDEZ BALARINI, Tamar. JARDIN INFANTES Nº 109 MERCEDES (SORIANO). DENOMINACION.",107299,0,0
2011-09-14,18806,https://parlamento.gub.uy/documentosyleyes/leyes/ley/18806,https://www.impo.com.uy/bases/leyes/18806-2011,"INSTITUCION DERECHOS HUMANOS Y DEFENSORIA DEL PUEBLO (NACIONAL). CREACION.",107855,1,0
2011-09-14,18805,https://parlamento.gub.uy/documentosyleyes/leyes/ley/18805,https://www.impo.com.uy/bases/leyes/18805-2011,"MONZON, Uberfil. PENSION GRACIABLE. OTORGAMIENTO.",107973,0,0
2011-08-26,18804,https://parlamento.gub.uy/documentosyleyes/leyes/ley/18804,https://www.impo.com.uy/bases/leyes/18804-2011,"CORTE ELECTORAL. EXTENSION HORARIA.",106784,4,0
2011-08-26,18803,https://parlamento.gub.uy/documentosyleyes/leyes/ley/18803,https://www.impo.com.uy/bases/leyes/18803-2011,"BARCOS. EMBARGOS Y ARRESTOS. REGIMEN.",105345,0,0
2011-08-26,18802,https://parlamento.gub.uy/documentosyleyes/leyes/ley/18802,https://www.impo.com.uy/bases/leyes/18802-2011,"VEHICULOS USADOS. IMPORTACION. PROHIBICION. PRORROGA.",107469,2,2
2011-08-26,18801,https://parlamento.gub.uy/documentosyleyes/leyes/ley/18801,https://www.impo.com.uy/bases/leyes/18801-2011,"APARTHEID. REPRESION Y CASTIGO CRIMEN. CONVENCION. ADHESION. APROBACION.",105677,0,0
2011-08-26,18800,https://parlamento.gub.uy/documentosyleyes/leyes/ley/18800,https://www.impo.com.uy/bases/leyes/18800-2011,"MERCADERIAS. SISTEMA ARMONIZADO DESIGNACION Y CODIFICACION. CONVENIO Y PROTOCOLO DE ENMIENDA. APROBACION.",106065,0,0
2011-08-19,18799,https://parlamento.gub.uy/documentosyleyes/leyes/ley/18799,https://www.impo.com.uy/bases/leyes/18799-2011,"EJERCICIO TANQUE 2011. EFECTIVOS FUERZA AEREA ARGENTINA. INGRESO PAIS. AUTORIZACION.",108307,0,0
2011-08-19,18798,https://parlamento.gub.uy/documentosyleyes/leyes/ley/18798,https://www.impo.com.uy/bases/leyes/18798-2011,"URUGUAY-AUSTRIA. SEGURIDAD SOCIAL. CONVENIO. APROBACION.",100979,0,0
2011-08-19,18797,https://parlamento.gub.uy/documentosyleyes/leyes/ley/18797,https://www.impo.com.uy/bases/leyes/18797-2011,"INSTITUCIÓN PLAN AGROPECUARIO. MODIFICACION.",104492,1,0
2011-08-19,18796,https://parlamento.gub.uy/documentosyleyes/leyes/ley/18796,https://www.impo.com.uy/bases/leyes/18796-2011,"ANIVERSARIO INDEPENDENCIA NACIONAL. CONMEMORACION. EFECTIVOS EJERCITO NACIONAL. SALIDA PAIS. AUTORIZACION",108646,0,0
2011-08-17,18795,https://parlamento.gub.uy/documentosyleyes/leyes/ley/18795,https://www.impo.com.uy/bases/leyes/18795-2011,"VIVIENDA INTERÉS SOCIAL. PROMOCION. INTERES NACIONAL. DECLARACION.",105839,15,3
2011-08-16,18794,https://parlamento.gub.uy/documentosyleyes/leyes/ley/18794,https://www.impo.com.uy/bases/leyes/18794-2011,"POLICIA AEREA NACIONAL. SERVICIO 222. INCORPORACION.",101448,3,0
2011-08-12,18793,https://parlamento.gub.uy/documentosyleyes/leyes/ley/18793,https://www.impo.com.uy/bases/leyes/18793-2011,"TRANSITO Y SEGURIDAD VIAL. FUNCIONARIOS PREFECTURA NACIONAL NAVAL. INCLUSIÓN.",106974,1,0
2011-08-12,18792,https://parlamento.gub.uy/documentosyleyes/leyes/ley/18792,https://www.impo.com.uy/bases/leyes/18792-2011,"SEGURIDAD BIOTECNOLOGICA. PROTOCOLO CARTAGENA. APROBACION.",37959,0,0
2011-08-11,18791,https://parlamento.gub.uy/documentosyleyes/leyes/ley/18791,https://www.impo.com.uy/bases/leyes/18791-2011,"VEHÍCULOS  EN DESUSO. SUBASTA PUBLICA. AUTORIZACION.",104069,4,1
2011-08-10,18790,https://parlamento.gub.uy/documentosyleyes/leyes/ley/18790,https://www.impo.com.uy/bases/leyes/18790-2011,"EJERCICIO COMBINADO ACRUX V. BUQUE ROU 23 ""MALDONADO"". BUQUE ROU 11 ""RIO NEGRO"". AERONAVE. SALIDA PAIS. AUTORIZACIÓN",107994,0,0
2011-08-10,18789,https://parlamento.gub.uy/documentosyleyes/leyes/ley/18789,https://www.impo.com.uy/bases/leyes/18789-2011,"CALVENTE, Rogelio. POSADA, José. PLAZA DEPORTES CIUDAD RIVERA  (DEPARTAMENTO RIVERA). DESIGNACION",34806,0,0
2011-08-04,18788,https://parlamento.gub.uy/documentosyleyes/leyes/ley/18788,https://www.impo.com.uy/bases/leyes/18788-2011,"ADMINISTRACION TRIBUTARIA. CONTRIBUYENTES. ASPECTOS RELACIONAMIENTO. REGULACION",106162,4,2
2011-07-27,18787,https://parlamento.gub.uy/documentosyleyes/leyes/ley/18787,https://www.impo.com.uy/bases/leyes/18787-2011,"PERSONAS EN SITUACION DE CALLE. TRASLADO SIN CONSENTIMIENTO. AUTORIZACION.",107861,0,1
2011-07-19,18786,https://parlamento.gub.uy/documentosyleyes/leyes/ley/18786,https://www.impo.com.uy/bases/leyes/18786-2011,"INFRAESTRUCTURAS Y SERVICIOS RELACIONADOS. PARTICIPACIÓN PÚBLICO-PRIVADA.",105584,8,3
2011-07-19,18785,https://parlamento.gub.uy/documentosyleyes/leyes/ley/18785,https://www.impo.com.uy/bases/leyes/18785-2011,"URUGUAY-ESTADOS UNIDOS MEXICANOS. ASOCIACION ESTRATEGICA. ACUERDO. APROBACION.",105860,0,0
2011-07-19,18784,https://parlamento.gub.uy/documentosyleyes/leyes/ley/18784,https://www.impo.com.uy/bases/leyes/18784-2011,"GENERAL LIBER SEREGNI. RUTA INTERBALNEARIA. DENOMINACIÓN.",104628,0,0
2011-07-19,18783,https://parlamento.gub.uy/documentosyleyes/leyes/ley/18783,https://www.impo.com.uy/bases/leyes/18783-2011,"EMPRESAS UNIPERSONALES. APORTES ESPECIALES SEGURIDAD SOCIAL. DEROGACION.",100617,1,0
2011-07-19,18782,https://parlamento.gub.uy/documentosyleyes/leyes/ley/18782,https://www.impo.com.uy/bases/leyes/18782-2011,"ELECCIONES BPS 2011. MULTA POR NO SUFRAGAR. EXONERACION.",107117,1,0
2011-07-19,18781,https://parlamento.gub.uy/documentosyleyes/leyes/ley/18781,https://www.impo.com.uy/bases/leyes/18781-2011,"URUGUAY-KUWAIT. COOPERACION COMERCIAL. CONVENIO. APROBACION.",106169,0,0
2011-07-19,18780,https://parlamento.gub.uy/documentosyleyes/leyes/ley/18780,https://www.impo.com.uy/bases/leyes/18780-2011,"METZEN Y SENA S.A. TRABAJADOR. SUBSIDIO DESOCUPACION. REGIMEN ESPECIAL. MODIFICACION.",108440,2,0
2011-07-19,18779,https://parlamento.gub.uy/documentosyleyes/leyes/ley/18779,https://www.impo.com.uy/bases/leyes/18779-2011,"URUGUAY-VIETNAM. PROTECCION Y PROMOCION INVERSIONES. ACUERDO. APROBACION.",101117,0,0
2011-07-15,18778,https://parlamento.gub.uy/documentosyleyes/leyes/ley/18778,https://www.impo.com.uy/bases/leyes/18778-2011,"ANTECEDENTES PENALES MENOR INFRACTOR. MANTENIMIENTO MAYORIA DE EDAD. LIMITACIONES.",107854,1,1
2011-07-15,18777,https://parlamento.gub.uy/documentosyleyes/leyes/ley/18777,https://www.impo.com.uy/bases/leyes/18777-2011,"ADOLESCENTE. INFRACCIONES LEY PENAL. TIPIFICACION. CODIGO NIÑEZ Y ADOLESCENCIA. MODIFICACION.",107853,1,1
2011-07-15,18776,https://parlamento.gub.uy/documentosyleyes/leyes/ley/18776,https://www.impo.com.uy/bases/leyes/18776-2011,"DISCAPACITADOS. DERECHOS. CONVENCIÓN. PROTOCOLO FACULTATIVO. APROBACIÓN.",105580,0,0
2011-07-15,18775,https://parlamento.gub.uy/documentosyleyes/leyes/ley/18775,https://www.impo.com.uy/bases/leyes/18775-2011,"ANSELMI DE LYONNET, María Luisa. ESCUELA Nº 2 DOLORES (SORIANO). DENOMINACION.",106209,0,0
2011-07-15,18774,https://parlamento.gub.uy/documentosyleyes/leyes/ley/18774,https://www.impo.com.uy/bases/leyes/18774-2011,"FONDO MONETARIO INTERNACIONAL. CONVENIO CONSTITUTIVO. MODIFICACION.",100873,0,0
2011-07-14,18773,https://parlamento.gub.uy/documentosyleyes/leyes/ley/18773,https://www.impo.com.uy/bases/leyes/18773-2011,"JUEGOS MUNDIALES MILITARES (V). DELEGACION DEPORTISTAS FUERZAS ARMADAS. SALIDA PAIS. AUTORIZACION.",108140,0,0
2011-07-07,18772,https://parlamento.gub.uy/documentosyleyes/leyes/ley/18772,https://www.impo.com.uy/bases/leyes/18772-2011,"METZEN Y SENA. SUBSIDIO DESOCUPACION. RÉGIMEN ESPECIAL. CREACIÓN.",108138,2,0
2011-07-01,18771,https://parlamento.gub.uy/documentosyleyes/leyes/ley/18771,https://www.impo.com.uy/bases/leyes/18771-2011,"SISTEMA RESPONSABILIDAD PENAL ADOLESCENTE. CREACION.",107494,6,3
2011-07-01,18770,https://parlamento.gub.uy/documentosyleyes/leyes/ley/18770,https://www.impo.com.uy/bases/leyes/18770-2011,"EJERCICIO RIO IV. EFECTIVOS FUERZA AEREA URUGUAYA. SALIDA PAIS. EFECTIVOS FUERZA AEREA ARGENTINA. INGRESO PAIS. AUTORIZACION.",107993,0,0
2011-06-30,18769,https://parlamento.gub.uy/documentosyleyes/leyes/ley/18769,https://www.impo.com.uy/bases/leyes/18769-2011,"BICENTENARIO FIRMA ACTA INDEPENDENCIA REPUBLICA BOLIVARIANA VENEZUELA. EJERCITO NACIONAL. SALIDA PAIS. AUTORIZACION.",108040,0,0
2011-06-24,18768,https://parlamento.gub.uy/documentosyleyes/leyes/ley/18768,https://www.impo.com.uy/bases/leyes/18768-2011,"DIA RECORDACION VICTIMAS HOLOCAUSTO PUEBLO JUDIO - 27 ENERO. DECLARACION.",101910,0,0
2011-06-24,18767,https://parlamento.gub.uy/documentosyleyes/leyes/ley/18767,https://www.impo.com.uy/bases/leyes/18767-2011,"ARTIGAS YARCE, Rincón. HOSPITAL MELO (CERRO LARGO). DENOMINACION.",105033,0,0
2011-06-24,18766,https://parlamento.gub.uy/documentosyleyes/leyes/ley/18766,https://www.impo.com.uy/bases/leyes/18766-2011,"URUGUAY-MÉXICO. PATRIMONIO CULTURAL. BIENES CULTURALES.  ROBO. TRÁFICO ÍLICITO. PROTECCIÓN. CONVENIOS. APROBACIÓN.",104379,0,0
2011-06-23,18765,https://parlamento.gub.uy/documentosyleyes/leyes/ley/18765,https://www.impo.com.uy/bases/leyes/18765-2011,"SISTEMA COOPERATIVO. ADECUACION ESTATUTOS SOCIALES. MODIFICACION.",107790,2,0
2011-06-23,18764,https://parlamento.gub.uy/documentosyleyes/leyes/ley/18764,https://www.impo.com.uy/bases/leyes/18764-2011,"OFICIALES CUERPO SERVICIOS GENERALES FUERZA AEREA. RETIRO OBLIGATORIO. EDAD LIMITE. MODIFICACION.",105464,0,0
2011-06-17,18763,https://parlamento.gub.uy/documentosyleyes/leyes/ley/18763,https://www.impo.com.uy/bases/leyes/18763-2011,"URUGUAY-VIETNAM. COOPERACION. ACUERDO MARCO. APROBACION.",104085,0,0
2011-06-17,18762,https://parlamento.gub.uy/documentosyleyes/leyes/ley/18762,https://www.impo.com.uy/bases/leyes/18762-2011,"COMPETENCIA ""FUERZAS COMANDO 2011"".  EJERCITO NACIONAL. EFECTIVOS. SALIDA PAIS.",107954,0,0
2011-06-17,18761,https://parlamento.gub.uy/documentosyleyes/leyes/ley/18761,https://www.impo.com.uy/bases/leyes/18761-2011,"URUGUAY - EEUU. FACILITACION COMERCIO. ACUERDO MARCO COMERCIO E INVERSION 2007. PROTOCOLO. APROBACION.",103817,0,0
2011-06-14,18760,https://parlamento.gub.uy/documentosyleyes/leyes/ley/18760,https://www.impo.com.uy/bases/leyes/18760-2011,"DE HORTA CAMPODONICO, Ofelia. ESCUELA 286 LAS PIEDRAS (CANELONES). DENOMINACION.",104639,0,0
2011-06-14,18759,https://parlamento.gub.uy/documentosyleyes/leyes/ley/18759,https://www.impo.com.uy/bases/leyes/18759-2011,"SILVA, José María ""Catusa"". PENSION GRACIABLE. OTORGAMIENTO.",106011,0,0
2011-06-07,18758,https://parlamento.gub.uy/documentosyleyes/leyes/ley/18758,https://www.impo.com.uy/bases/leyes/18758-2011,"ASISTENCIA ANESTESICO QUIRURGICA. EMERGENCIA SANITARIA. PRORROGA.",107404,1,0
2011-06-01,18757,https://parlamento.gub.uy/documentosyleyes/leyes/ley/18757,https://www.impo.com.uy/bases/leyes/18757-2011,"EJERCICIO ATLANTIS. ARMADA NACIONAL. SALIDA PAIS. AUTORIZACION.",107652,0,0
2011-05-26,18756,https://parlamento.gub.uy/documentosyleyes/leyes/ley/18756,https://www.impo.com.uy/bases/leyes/18756-2011,"INSTITUTO COLONIZACION (NACIONAL). COMPRAS CAMPOS. MODIFICACION.",102751,2,1
2011-05-25,18755,https://parlamento.gub.uy/documentosyleyes/leyes/ley/18755,https://www.impo.com.uy/bases/leyes/18755-2011,"DIA ESCLEROSIS MULTIPLE (MUNDIAL). ULTIMO MIERCOLES MAYO. DECLARACION.",103079,0,0
2011-05-24,18754,https://parlamento.gub.uy/documentosyleyes/leyes/ley/18754,https://www.impo.com.uy/bases/leyes/18754-2011,"SEGURIDAD SOCIAL. CONVENIO IBEROAMERICANO (MULTILATERAL). MODIFICACION ARTÍCULO ÚNICO. LEY Nº 18560",105782,1,0
2011-05-20,18753,https://parlamento.gub.uy/documentosyleyes/leyes/ley/18753,https://www.impo.com.uy/bases/leyes/18753-2011,"COMPTE Y RIQUET, Enriqueta. JARDÍN INFANTES 72 ARTIGAS (DPTO). DENOMINACION.",104354,0,0
2011-05-20,18752,https://parlamento.gub.uy/documentosyleyes/leyes/ley/18752,https://www.impo.com.uy/bases/leyes/18752-2011,"CRISCI DIGLIO, Alfredo. LICEO Nº 1 ATLÁNTIDA (CANELONES). DESIGNACIÓN.",103199,0,0
2011-05-20,18751,https://parlamento.gub.uy/documentosyleyes/leyes/ley/18751,https://www.impo.com.uy/bases/leyes/18751-2011,"DIA NACIONAL MIASTENIA GRAVIS. DECLARACIÓN.",101222,0,0
2011-05-19,18750,https://parlamento.gub.uy/documentosyleyes/leyes/ley/18750,https://www.impo.com.uy/bases/leyes/18750-2011,"VILLA VELAZQUEZ (ROCHA). ANIVERSARIO (100) FUNDACION. 20 MAYO 2011. FERIADO. DECLARACION.",107459,0,0
2011-05-16,18749,https://parlamento.gub.uy/documentosyleyes/leyes/ley/18749,https://www.impo.com.uy/bases/leyes/18749-2011,"DINI, Luis S. ESCUELA 26 PASO BONILLA (TACUAREMBO). DENOMINACION.",102112,0,0
2011-05-11,18748,https://parlamento.gub.uy/documentosyleyes/leyes/ley/18748,https://www.impo.com.uy/bases/leyes/18748-2011,"18 MAYO 2011. FERIADO. CORRIMIENTO. SUSPENSION.",105339,3,0
2011-04-22,18747,https://parlamento.gub.uy/documentosyleyes/leyes/ley/18747,https://www.impo.com.uy/bases/leyes/18747-2011,"RODEOS CRIA. ADAPTACION CAMBIO CLIMATICO. FORTALECIMIENTO. MEDIDAS FISCALES Y ESTRUCTURALES. SE ESTABLECEN",106156,0,0
2011-04-22,18746,https://parlamento.gub.uy/documentosyleyes/leyes/ley/18746,https://www.impo.com.uy/bases/leyes/18746-2011,"ACUÑA ANTUNEZ, Jorge Antonio. PENSION GRACIABLE. OTORGAMIENTO.",106009,0,0
2011-04-15,18745,https://parlamento.gub.uy/documentosyleyes/leyes/ley/18745,https://www.impo.com.uy/bases/leyes/18745-2011,"URUGUAY-TURQUÍA. AMISTAD Y COOPERACIÓN. ACUERDO. APROBACIÓN.",101181,0,0
2011-04-15,18744,https://parlamento.gub.uy/documentosyleyes/leyes/ley/18744,https://www.impo.com.uy/bases/leyes/18744-2011,"EJERCICIO COMBINADO URUBRA I. FUERZA AEREA URUGUAYA. PARTICIPACION. AUTORIZACION.",106489,0,0
2011-04-15,18743,https://parlamento.gub.uy/documentosyleyes/leyes/ley/18743,https://www.impo.com.uy/bases/leyes/18743-2011,"ESTATUTO AGENCIA INTERNACIONAL ENERGIAS RENOVABLES (IRENA). APROBACION",106171,0,0
2011-04-15,18742,https://parlamento.gub.uy/documentosyleyes/leyes/ley/18742,https://www.impo.com.uy/bases/leyes/18742-2011,"MERCOSUR-TURQUIA. LIBRE COMERCIO. ACUERDO MARCO. APROBACION.",36960,0,0
2011-04-15,18741,https://parlamento.gub.uy/documentosyleyes/leyes/ley/18741,https://www.impo.com.uy/bases/leyes/18741-2011,"BARCOS PESCA. SEGURIDAD. CONVENIO TORREMOLINOS Y PROTOCOLO. APROBACION.",34621,0,0
2011-04-15,18740,https://parlamento.gub.uy/documentosyleyes/leyes/ley/18740,https://www.impo.com.uy/bases/leyes/18740-2011,"URUGUAY-TURQUIA. COOPERACION ECONOMICO COMERCIA Y TECNICA. ACUERDO. APROBACION.",103331,0,0
2011-04-15,18739,https://parlamento.gub.uy/documentosyleyes/leyes/ley/18739,https://www.impo.com.uy/bases/leyes/18739-2011,"PRODUCTOS Y SERVICIOS. VENTAS. VALORES MONEDA FRACCIONADOS. FIJACION PRECIOS.",103629,3,0
2011-04-08,18738,https://parlamento.gub.uy/documentosyleyes/leyes/ley/18738,https://www.impo.com.uy/bases/leyes/18738-2011,"PRESUPUESTO NACIONAL. EXCLUSION CARGOS. INTERPRETACION.",106975,1,1
2011-03-25,18737,https://parlamento.gub.uy/documentosyleyes/leyes/ley/18737,https://www.impo.com.uy/bases/leyes/18737-2011,"EMPRESA TORYAL S.A. TRABAJADORES. SEGURO DESOCUPACION. PRORROGA.",106210,2,0
2011-03-25,18736,https://parlamento.gub.uy/documentosyleyes/leyes/ley/18736,https://www.impo.com.uy/bases/leyes/18736-2011,"URUGUAY - ISRAEL. INVESTIGACIÓN Y DESARROLLO INDUSTRIAL SECTOR PRIVADO. COOPERACIÓN BILATERAL. CONVENIO. APROBACIÓN.",104316,0,0
2011-03-24,18735,https://parlamento.gub.uy/documentosyleyes/leyes/ley/18735,https://www.impo.com.uy/bases/leyes/18735-2011,"VILLA SANTO DOMINGO SORIANO (SORIANO). ANIVERSARIO BATALLA SORIANO (200). FERIADO NO LABORABLE. DECLARACION.",105760,0,0
2011-03-23,18734,https://parlamento.gub.uy/documentosyleyes/leyes/ley/18734,https://www.impo.com.uy/bases/leyes/18734-2011,"MATEO, Eduardo. JARDIN INFANTES Nº 244 -MONTEVIDEO-. DENOMINACION.",101376,0,0
2011-03-23,18733,https://parlamento.gub.uy/documentosyleyes/leyes/ley/18733,https://www.impo.com.uy/bases/leyes/18733-2011,"GUYUNUSA, María Micaela. ESCUELA RURAL Nº 31 -PAYSANDU-. DENOMINACION.",37288,0,0
2011-01-07,18732,https://parlamento.gub.uy/documentosyleyes/leyes/ley/18732,https://www.impo.com.uy/bases/leyes/18732-2011,"CAJA NOTARIAL SEGURIDAD SOCIAL. SEGURO SALUD (NACIONAL). INCORPORACION.",106015,3,1
2011-01-07,18731,https://parlamento.gub.uy/documentosyleyes/leyes/ley/18731,https://www.impo.com.uy/bases/leyes/18731-2011,"SEGURO SALUD (NACIONAL). JUBILADOS Y PENSIONISTAS. INCORPORACION.",105820,9,2
2011-01-07,18730,https://parlamento.gub.uy/documentosyleyes/leyes/ley/18730,https://www.impo.com.uy/bases/leyes/18730-2011,"ESPAÑA-URUGUAY. IMPUESTO RENTA Y PATRIMONIO. EVASION. PREVENCION. CONVENIO. APROBACION.",103190,0,0
2011-01-05,18729,https://parlamento.gub.uy/documentosyleyes/leyes/ley/18729,https://www.impo.com.uy/bases/leyes/18729-2011,"CAMPAÑA ANTÁRTICA OPERACIÓN ANTARKOS XXVII. BUQUE ROU VANGUARDIA, ROU OYARVIDE. SALIDA PAÍS. AUTORIZACIÓN",106103,1,0
2011-01-05,18728,https://parlamento.gub.uy/documentosyleyes/leyes/ley/18728,https://www.impo.com.uy/bases/leyes/18728-2011,"JUBILADOS OSE Y CHASSFOSE. SEGURO NACIONAL SALUD. INCORPORACION.",105663,5,0
2011-01-05,18727,https://parlamento.gub.uy/documentosyleyes/leyes/ley/18727,https://www.impo.com.uy/bases/leyes/18727-2011,"HAITI. CONTINGENTE MILITAR URUGUAYO. PERMANENCIA. PRORROGA.",106063,1,0
2010-12-31,18726,https://parlamento.gub.uy/documentosyleyes/leyes/ley/18726,https://www.impo.com.uy/bases/leyes/18726-2010,"BONOFIGLIO, Roberto Mórbido. PENSION GRACIABLE. OTORGAMIENTO.",105113,0,0
2010-12-31,18725,https://parlamento.gub.uy/documentosyleyes/leyes/ley/18725,https://www.impo.com.uy/bases/leyes/18725-2010,"SUBSIDIO ENFERMEDAD BPS. MONTO. CALCULO. MODIFICACION.",105354,1,1
2010-12-31,18724,https://parlamento.gub.uy/documentosyleyes/leyes/ley/18724,https://www.impo.com.uy/bases/leyes/18724-2010,"URUGUAY-ORGANIZACION ESTADOS IBEROAMERICANOS EDUCACION, CIENCIA Y CULTURA. ACUERDO SEDE. APROBACION.",104281,0,0
2010-12-31,18723,https://parlamento.gub.uy/documentosyleyes/leyes/ley/18723,https://www.impo.com.uy/bases/leyes/18723-2010,"COOPERATIVAS DEL MERCOSUR. CONSTITUCIÓN Y FUNCIONAMIENTO. RÉGIMEN.",103580,0,0
2010-12-30,18722,https://parlamento.gub.uy/documentosyleyes/leyes/ley/18722,https://www.impo.com.uy/bases/leyes/18722-2010,"FRANCIA-URUGUAY. INFORMACION MATERIA TRIBUTARIA. CONVENIO. APROBACION.",105768,0,0
2010-12-29,18721,https://parlamento.gub.uy/documentosyleyes/leyes/ley/18721,https://www.impo.com.uy/bases/leyes/18721-2010,"DOCENTES INSTITUTO EMPLEO Y FORMACION PROFESIONAL (NACIONAL). JUBILACION. COMPATIBILIDAD.",105510,0,0
2010-12-29,18720,https://parlamento.gub.uy/documentosyleyes/leyes/ley/18720,https://www.impo.com.uy/bases/leyes/18720-2010,"BICENTENARIO PROCESO EMANCIPACION ORIENTAL. MONEDAS CONMEMORATIVAS. ACUÑACION.",105276,0,0
2010-12-27,18719,https://parlamento.gub.uy/documentosyleyes/leyes/ley/18719,https://www.impo.com.uy/bases/leyes/18719-2010,"PRESUPUESTO NACIONAL 2010-2014. APROBACIÓN.",104435,148,38
2010-12-24,18718,https://parlamento.gub.uy/documentosyleyes/leyes/ley/18718,https://www.impo.com.uy/bases/leyes/18718-2010,"DEPOSITO EXTERIOR IRPF E IMPUESTO PATRIMONIO. APLICACION.",103178,2,0
2010-12-24,18717,https://parlamento.gub.uy/documentosyleyes/leyes/ley/18717,https://www.impo.com.uy/bases/leyes/18717-2010,"CARCELES. GUARDIA PERIMETRAL Y CONTROL ACCESO FUERZAS ARMADAS. AUTORIZACION.",104924,1,2
2010-12-24,18716,https://parlamento.gub.uy/documentosyleyes/leyes/ley/18716,https://www.impo.com.uy/bases/leyes/18716-2010,"BROU. CARTA ORGÁNICA. MODIFICACIÓN.",105451,10,4
2010-12-24,18715,https://parlamento.gub.uy/documentosyleyes/leyes/ley/18715,https://www.impo.com.uy/bases/leyes/18715-2010,"REPUBLICA DOMINICANA-URUGUAY. COOPERACION CIENTIFICA Y TECNICA. CONVENIO. APROBACION.",39094,0,0
2010-12-23,18714,https://parlamento.gub.uy/documentosyleyes/leyes/ley/18714,https://www.impo.com.uy/bases/leyes/18714-2010,"SANTIAGO, Gladys. ESCUELA 12 VILLA DEL CARMEN (DURAZNO). DENOMINACION.",102114,0,0
2010-12-23,18713,https://parlamento.gub.uy/documentosyleyes/leyes/ley/18713,https://www.impo.com.uy/bases/leyes/18713-2010,"""CIUDAD DE CHICAGO"" ESCUELA RURAL Nº 17 SAUCE. DEPARTAMENTO CANELONES. DESIGNACION.",101374,0,0
2010-12-22,18712,https://parlamento.gub.uy/documentosyleyes/leyes/ley/18712,https://www.impo.com.uy/bases/leyes/18712-2010,"MAZZIOTTA, Fructuoso. ESCUELA 4 FRAILE MUERTO (CERRO LARGO). DENOMINACION.",104184,0,0
2010-12-22,18711,https://parlamento.gub.uy/documentosyleyes/leyes/ley/18711,https://www.impo.com.uy/bases/leyes/18711-2010,"ASISTENCIA ANESTESICO-QUIRURGICA. EMERGENCIA SANITARIA. DECLARACION.",106053,0,1
2010-12-20,18710,https://parlamento.gub.uy/documentosyleyes/leyes/ley/18710,https://www.impo.com.uy/bases/leyes/18710-2010,"LATEULADE SAFORES, Don Juan. ESCUELA RURAL 29 (PARAJE AHOGADOS).  DENOMINACION.",104407,0,0
2010-12-17,18709,https://parlamento.gub.uy/documentosyleyes/leyes/ley/18709,https://www.impo.com.uy/bases/leyes/18709-2010,"ZITARROSA, Alfredo. NUEVO PUENTE RIO SANTA LUCIA. DENOMINACION.",30357,0,0
2010-12-15,18708,https://parlamento.gub.uy/documentosyleyes/leyes/ley/18708,https://www.impo.com.uy/bases/leyes/18708-2010,"UNION NACIONES SUDAMERICANAS (UNASUR). TRATADO CONSTITUTIVO. APROBACION.",37480,0,0
2010-12-13,18707,https://parlamento.gub.uy/documentosyleyes/leyes/ley/18707,https://www.impo.com.uy/bases/leyes/18707-2010,"INSTITUCIONES ASISTENCIA MEDICA COLECTIVA. CREDITO FISCAL. OTORGAMIENTO.",105346,0,3
2010-12-10,18706,https://parlamento.gub.uy/documentosyleyes/leyes/ley/18706,https://www.impo.com.uy/bases/leyes/18706-2010,"TRABAJADORES METZEN Y SENA. SEGURO DESOCUPACION. PRORROGA.",105547,2,1
2010-11-25,18705,https://parlamento.gub.uy/documentosyleyes/leyes/ley/18705,https://www.impo.com.uy/bases/leyes/18705-2010,"COOPERATIVAS. ADECUACION ESTUTOS . PLAZO. PRORROGA.",105250,1,1
2010-11-18,18704,https://parlamento.gub.uy/documentosyleyes/leyes/ley/18704,https://www.impo.com.uy/bases/leyes/18704-2010,"CAMPAÑA ANTARTICA 2010. OPERACION ANTARKOS XXVII. INTEGRANTES ARMADA. SALIDA PAIS. AUTORIZACION",105581,0,1
2010-11-18,18703,https://parlamento.gub.uy/documentosyleyes/leyes/ley/18703,https://www.impo.com.uy/bases/leyes/18703-2010,"OPERACION ESNAL 2010. VIAJE INSTRUCCION ARMADA NACIONAL. SALIDA PAIS. AUTORIZACION",105582,0,0
2010-11-17,18702,https://parlamento.gub.uy/documentosyleyes/leyes/ley/18702,https://www.impo.com.uy/bases/leyes/18702-2010,"VERA MONTECORAL, María de los Angeles. PENSION GRACIABLE. OTORGAMIENTO",103761,0,0
2010-11-17,18701,https://parlamento.gub.uy/documentosyleyes/leyes/ley/18701,https://www.impo.com.uy/bases/leyes/18701-2010,"MASSONS PINTO, Clara Beatriz. PENSION GRACIABLE. OTORGAMIENTO.",103430,0,0
2010-11-17,18700,https://parlamento.gub.uy/documentosyleyes/leyes/ley/18700,https://www.impo.com.uy/bases/leyes/18700-2010,"URUGUAY-JORDANIA. ACUERDO MARCO. APROBACION.",103332,0,0
2010-11-17,18699,https://parlamento.gub.uy/documentosyleyes/leyes/ley/18699,https://www.impo.com.uy/bases/leyes/18699-2010,"URUGUAY-CHINA. COOPERACION CUARENTENA Y SANIDAD ANIMAL. ACUERDO. APROBACION.",102753,0,0
2010-11-17,18698,https://parlamento.gub.uy/documentosyleyes/leyes/ley/18698,https://www.impo.com.uy/bases/leyes/18698-2010,"SILVA GOMEZ, Aracely. PENSION GRACIABLE. OTORGAMIENTO.",103763,0,0
2010-11-12,18697,https://parlamento.gub.uy/documentosyleyes/leyes/ley/18697,https://www.impo.com.uy/bases/leyes/18697-2010,"INSTITUTO NACIONAL LOGISTICA (INALOG). CREACION.",100123,2,0
2010-11-04,18696,https://parlamento.gub.uy/documentosyleyes/leyes/ley/18696,https://www.impo.com.uy/bases/leyes/18696-2010,"CAMPAÑA ANTARTICA OPERACION ""ANTARKOS XXVII"". OPERACION ESNAL 2010"". EJERCICIO SALVEX X. EJERCICIO ATLASUR VIII. SALIDA DEL PAIS. AUTORIZACION",105162,0,0
2010-10-21,18695,https://parlamento.gub.uy/documentosyleyes/leyes/ley/18695,https://www.impo.com.uy/bases/leyes/18695-2010,"CAMPOS GUAYUVIRÁ. DEPARTAMENTO ARTIGAS. LEY Nº 18.364. PLAZO. PRÓRROGA.",104923,1,0
2010-10-21,18694,https://parlamento.gub.uy/documentosyleyes/leyes/ley/18694,https://www.impo.com.uy/bases/leyes/18694-2010,"OPERACIONES ADUANERAS. DOCUMENTOS. GUARDA. CONSERVACIÓN Y ARCHIVO.",103155,0,0
2010-10-14,18693,https://parlamento.gub.uy/documentosyleyes/leyes/ley/18693,https://www.impo.com.uy/bases/leyes/18693-2010,"EEUU - URUGUAY. CONVENIO COOPERACION CIENTIFICA Y TECNOLOGICA. APROBACION",37315,0,0
2010-10-06,18692,https://parlamento.gub.uy/documentosyleyes/leyes/ley/18692,https://www.impo.com.uy/bases/leyes/18692-2010,"PROYECTOS CENSOS RONDA 2010. PARTIDA. ASIGNACION",104148,2,0
2010-10-01,18691,https://parlamento.gub.uy/documentosyleyes/leyes/ley/18691,https://www.impo.com.uy/bases/leyes/18691-2010,"RENDICION CUENTAS 2009. APROBACION",103517,1,0
2010-09-24,18690,https://parlamento.gub.uy/documentosyleyes/leyes/ley/18690,https://www.impo.com.uy/bases/leyes/18690-2010,"SALIDAS TRANSITORIAS. REGIMEN. MODIFICACION.",36484,1,0
2010-09-17,18689,https://parlamento.gub.uy/documentosyleyes/leyes/ley/18689,https://www.impo.com.uy/bases/leyes/18689-2010,"WILSON FERREIRA ALDUNATE. ANILLO PERIMETRAL MONTEVIDEO. DESIGNACION.",102198,0,0
2010-09-17,18688,https://parlamento.gub.uy/documentosyleyes/leyes/ley/18688,https://www.impo.com.uy/bases/leyes/18688-2010,"XX FESTIVAL CADETES (SUDAMERICANO). XXXI CONGRESO UNIÓN DEPORTIVA MILITAR (SUDAMERICANA). DELEGACIÓN FUERZAS ARMADAS. SALIDA PAÍS. AUTORIZACIÓN.",104055,0,0
2010-09-17,18687,https://parlamento.gub.uy/documentosyleyes/leyes/ley/18687,https://www.impo.com.uy/bases/leyes/18687-2010,"MOURET, Celeste Iris. PENSION GRACIABLE. OTORGAMIENTO.",103764,0,0
2010-09-17,18686,https://parlamento.gub.uy/documentosyleyes/leyes/ley/18686,https://www.impo.com.uy/bases/leyes/18686-2010,"SOCA COLINA, Jorge Arturo. PENSION GRACIABLE. OTORGAMIENTO.",103255,0,0
2010-09-17,18685,https://parlamento.gub.uy/documentosyleyes/leyes/ley/18685,https://www.impo.com.uy/bases/leyes/18685-2010,"GAITAN, Waldemar. PENSION GRACIABLE. OTORGAMIENTO.",103765,0,0
2010-09-13,18684,https://parlamento.gub.uy/documentosyleyes/leyes/ley/18684,https://www.impo.com.uy/bases/leyes/18684-2010,"EJERCITO NACIONAL. BATALLÓN FLORIDA. INFANTERÍA Nº 1. ARGENTINA. SALIDA PAÍS. AUTORIZACIÓN.",104374,0,0
2010-09-13,18683,https://parlamento.gub.uy/documentosyleyes/leyes/ley/18683,https://www.impo.com.uy/bases/leyes/18683-2010,"EMPRESA SERISUR S.A. TRABAJADORES. SEGURO DESOCUPACION. EXTENSION.",104433,2,0
2010-09-10,18682,https://parlamento.gub.uy/documentosyleyes/leyes/ley/18682,https://www.impo.com.uy/bases/leyes/18682-2010,"GOLDA MEIR. JARDIN INFANTES Nº 222 MONTEVIDEO. DESIGNACIÓN.",101375,0,0
2010-08-26,18681,https://parlamento.gub.uy/documentosyleyes/leyes/ley/18681,https://www.impo.com.uy/bases/leyes/18681-2010,"ANIVERSARIO INDEPENDENCIA NACIONAL. FESTEJOS (REPUBLICA ARGENTINA). DELEGACION EJERCITO NACIONAL. SALIDA PAIS. AUTORIZACION.",103935,0,0
2010-08-24,18680,https://parlamento.gub.uy/documentosyleyes/leyes/ley/18680,https://www.impo.com.uy/bases/leyes/18680-2010,"D'ACOSTA, José. DEPENDENCIA DIRECCION METEOROLOGIA MERCEDES  (SORIANO). DENOMINACION.",35458,0,0
2010-08-24,18679,https://parlamento.gub.uy/documentosyleyes/leyes/ley/18679,https://www.impo.com.uy/bases/leyes/18679-2010,"INDEPENDENCIA BRASIL. ACTOS CONMEMORATIVOS. DELEGACION EJERCITO NACIONAL. SALIDA PAIS. AUTORIZACION.",104054,0,0
2010-08-24,18678,https://parlamento.gub.uy/documentosyleyes/leyes/ley/18678,https://www.impo.com.uy/bases/leyes/18678-2010,"EMPRESA METALURGICA Y PISTONES S.A. SEGURO DESOCUPACION TRABAJADORES. EXTENSIÓN.",103598,2,0
2010-08-13,18677,https://parlamento.gub.uy/documentosyleyes/leyes/ley/18677,https://www.impo.com.uy/bases/leyes/18677-2010,"AÑO BICENTENARIO PROCESO EMANCIPACION Y AUTODETERMINACION -  2011. DECLARACION.-",39200,0,2
2010-08-13,18676,https://parlamento.gub.uy/documentosyleyes/leyes/ley/18676,https://www.impo.com.uy/bases/leyes/18676-2010,"GALLINAL HEBER, Alberto. COMISION PRO ERRADICACION VIVIENDA RURAL INSALUBRE (HONORARIA). DENOMINACION.",28256,1,0
2010-08-11,18675,https://parlamento.gub.uy/documentosyleyes/leyes/ley/18675,https://www.impo.com.uy/bases/leyes/18675-2010,"FUERZA ÁREA URUGUAYA. PERSONAL. EJERCICIOS MILITARES COMBINADOS. PARTICIPACIÓN. SALIDA PAÍS.",103925,0,0
2010-07-23,18674,https://parlamento.gub.uy/documentosyleyes/leyes/ley/18674,https://www.impo.com.uy/bases/leyes/18674-2010,"LANCHAS ARMADA NACIONAL. COMPRA. PRESTAMO BROU. CONDICIONES. MODIFICACION.",101338,1,0
2010-07-23,18673,https://parlamento.gub.uy/documentosyleyes/leyes/ley/18673,https://www.impo.com.uy/bases/leyes/18673-2010,"ADMINISTRADORAS FONDOS AHORRO PREVISIONAL (AFAP). REGIMEN. MODIFICACION.",102694,2,2
2010-07-23,18672,https://parlamento.gub.uy/documentosyleyes/leyes/ley/18672,https://www.impo.com.uy/bases/leyes/18672-2010,"TATO ALVAREZ, Ariel. COMPLEJO MEDICO DEPORTIVO (ROCHA). DENOMINACION.",101985,0,0
2010-07-20,18671,https://parlamento.gub.uy/documentosyleyes/leyes/ley/18671,https://www.impo.com.uy/bases/leyes/18671-2010,"JUAN, Luis Eduardo. CENTRO SALUD PUBLICA ARTIGAS (DPTO).  DENOMINACION.",34048,0,0
2010-07-20,18670,https://parlamento.gub.uy/documentosyleyes/leyes/ley/18670,https://www.impo.com.uy/bases/leyes/18670-2010,"BANCO CENTRAL URUGUAY. CARTA ORGANICA. MODIFICACION.",102967,2,1
2010-07-16,18669,https://parlamento.gub.uy/documentosyleyes/leyes/ley/18669,https://www.impo.com.uy/bases/leyes/18669-2010,"EMPRESA MOLINO CARMELO S.A. SEGURO DESOCUPACION TRABAJADORES. EXTENSIÓN.",103494,2,0
2010-07-16,18668,https://parlamento.gub.uy/documentosyleyes/leyes/ley/18668,https://www.impo.com.uy/bases/leyes/18668-2010,"EMPRESA TORYAL S.A. SEGURO DESOCUPACION TRABAJADORES. EXTENSIÓN",103495,2,0
2010-07-15,18667,https://parlamento.gub.uy/documentosyleyes/leyes/ley/18667,https://www.impo.com.uy/bases/leyes/18667-2010,"CARCELES. CONSTRUCCION Y MANTENIMIENTO. SISTEMA EMERGENCIA. APROBACION.",103003,0,0
2010-07-14,18666,https://parlamento.gub.uy/documentosyleyes/leyes/ley/18666,https://www.impo.com.uy/bases/leyes/18666-2010,"ENERGIA ELECTRICA. GENERACION. INMUEBLES. ARRENDAMIENTO. PLAZO. EXTENSION.",100301,2,0
2010-07-07,18665,https://parlamento.gub.uy/documentosyleyes/leyes/ley/18665,https://www.impo.com.uy/bases/leyes/18665-2010,"ALCALDES Y CONCEJALES INCOMPATIBILIDADES E INHIBICIONES. CARGO. REGIMEN. MODIFICACION.",103292,3,0
2010-06-11,18664,https://parlamento.gub.uy/documentosyleyes/leyes/ley/18664,https://www.impo.com.uy/bases/leyes/18664-2010,"COMPETENCIA ""FUERZAS COMANDO 2010"". EFECTIVOS EJERCITO NACIONAL. SALIDA PAIS. AUTORIZACION.",102994,0,0
2010-05-27,18663,https://parlamento.gub.uy/documentosyleyes/leyes/ley/18663,https://www.impo.com.uy/bases/leyes/18663-2010,"INSTITUTO COLONIZACION (NACIONAL). COLONOS. REGISTRO TITULO PROPIEDAD. PLAZO. PRORROGA.",102334,2,0
2010-05-27,18662,https://parlamento.gub.uy/documentosyleyes/leyes/ley/18662,https://www.impo.com.uy/bases/leyes/18662-2010,"EJERCICIO RIO 2010. AERONAVES FUERZA AEREA ARGENTINA. INGRESO PAIS. AUTORIZACION.",102814,0,0
2010-05-21,18661,https://parlamento.gub.uy/documentosyleyes/leyes/ley/18661,https://www.impo.com.uy/bases/leyes/18661-2010,"BICENTENARIO REVOLUCION MAYO (BUENOS AIRES). FESTEJOS. EJERCITO NACIONAL. SALIDA PAIS. AUTORIZACION.",102812,0,0
2010-05-21,18660,https://parlamento.gub.uy/documentosyleyes/leyes/ley/18660,https://www.impo.com.uy/bases/leyes/18660-2010,"BATALLON ITUZAINGO INFANTERIA. ACTOS CONMEMORATIVOS CENTENARIO. DELEGACIONES ARGENTINA Y BRASIL. INGRESO PAIS. AUTORIZACION. MODIFICACION.",102310,1,0
2010-04-26,18659,https://parlamento.gub.uy/documentosyleyes/leyes/ley/18659,https://www.impo.com.uy/bases/leyes/18659-2010,"ALCALDE. ELECCION. INTERPRETACION LEY.",102186,1,0
2010-04-23,18658,https://parlamento.gub.uy/documentosyleyes/leyes/ley/18658,https://www.impo.com.uy/bases/leyes/18658-2010,"VENEZUELA. DESFILE BICENTENARIO INDEPENDENCIA. INTEGRANTES BATALLON FLORIDA. CONCURRENCIA. AUTORIZACION.",102309,0,0
2010-04-19,18657,https://parlamento.gub.uy/documentosyleyes/leyes/ley/18657,https://www.impo.com.uy/bases/leyes/18657-2010,"MARISCALA (LAVALLEJA). ANIVERSARIO (100) FUNDACION. FERIADO. DECLARACION.",102167,0,0
2010-04-16,18656,https://parlamento.gub.uy/documentosyleyes/leyes/ley/18656,https://www.impo.com.uy/bases/leyes/18656-2010,"GANADO BOVINO. TRAZABILIDAD. SISTEMA IDENTIFICACION Y REGISTRO ANIMAL. MODIFICACION.",101845,2,0
2010-04-09,18655,https://parlamento.gub.uy/documentosyleyes/leyes/ley/18655,https://www.impo.com.uy/bases/leyes/18655-2010,"HAITI. OPERACION PAZ ONU. EFECTIVOS FUERZAS ARMADAS. PERMANENCIA. PRORROGA.",101459,1,0
2010-03-24,18654,https://parlamento.gub.uy/documentosyleyes/leyes/ley/18654,https://www.impo.com.uy/bases/leyes/18654-2010,"ELECCIONES CODICEN Y UNIVERSITARIAS. PERSONAL CORTE ELECTORAL. RETRIBUCION POR MAYOR PERMANENCIA.",101992,4,0
2010-03-15,18653,https://parlamento.gub.uy/documentosyleyes/leyes/ley/18653,https://www.impo.com.uy/bases/leyes/18653-2010,"MUNICIPIOS. DISTRITOS ELECTORALES. CREACION.",101922,2,0
2010-03-10,18652,https://parlamento.gub.uy/documentosyleyes/leyes/ley/18652,https://www.impo.com.uy/bases/leyes/18652-2010,"BARCO ARMADA ROU ""GENERAL ARTIGAS"". SALIDA PAIS. AUTORIZACION.",101670,0,0
2010-02-19,18651,https://parlamento.gub.uy/documentosyleyes/leyes/ley/18651,https://www.impo.com.uy/bases/leyes/18651-2010,"DISCAPACITADO. PROTECCION INTEGRAL. REGIMEN. MODIFICACION.",27511,13,8
2010-02-19,18650,https://parlamento.gub.uy/documentosyleyes/leyes/ley/18650,https://www.impo.com.uy/bases/leyes/18650-2010,"DEFENSA NACIONAL. REESTRUCTURA. REGIMEN.",34919,1,4
2010-02-12,18649,https://parlamento.gub.uy/documentosyleyes/leyes/ley/18649,https://www.impo.com.uy/bases/leyes/18649-2010,"ROBERTO BIANCO TANO. PENSION GRACIABLE. OTORGAMIENTO",101139,0,0
2010-02-12,18648,https://parlamento.gub.uy/documentosyleyes/leyes/ley/18648,https://www.impo.com.uy/bases/leyes/18648-2010,"URRUZMENDI AYCAGUER, JOSE EUSEBIO. PENSION GRACIABLE. OTORGAMIENTO",100636,0,0
2010-02-12,18647,https://parlamento.gub.uy/documentosyleyes/leyes/ley/18647,https://www.impo.com.uy/bases/leyes/18647-2010,"AMENDOLA VERDIE, Marta Margarita. PENSION GRACIABLE. OTORGAMIENTO",100637,0,0
2010-02-12,18646,https://parlamento.gub.uy/documentosyleyes/leyes/ley/18646,https://www.impo.com.uy/bases/leyes/18646-2010,"ROMERO CABRERA, Nelbia. PENSIÓN GRACIABLE. OTORGAMIENTO. SOLICITUD.",101070,0,0
2010-02-12,18645,https://parlamento.gub.uy/documentosyleyes/leyes/ley/18645,https://www.impo.com.uy/bases/leyes/18645-2010,"URUGUAY - MEXICO. IMPUESTOS RENTA Y PATRIMONIO. EVASION FISCAL. PREVENCION. CONVENIO. APROBACION.",101146,0,0
2010-02-12,18644,https://parlamento.gub.uy/documentosyleyes/leyes/ley/18644,https://www.impo.com.uy/bases/leyes/18644-2010,"DESCENTRALIZACIÓN TERRITORIAL. MUNICIPIOS. CREACIÓN. MODIFICACIÓN.",101177,1,3
2010-02-09,18643,https://parlamento.gub.uy/documentosyleyes/leyes/ley/18643,https://www.impo.com.uy/bases/leyes/18643-2010,"BANCO CENTRAL URUGUAY. CARTA ORGANICA. MODIFICACION.",101200,4,0
2010-01-29,18642,https://parlamento.gub.uy/documentosyleyes/leyes/ley/18642,https://www.impo.com.uy/bases/leyes/18642-2010,"BATALLON ITUZAINGO INFANTERIA. CENTENARIO ACTOS CONMEMORATIVOS. DELEGACIONES ARGENTINA Y BRASIL. INGRESO PAIS. AUTORIZACION.",101167,0,1
2010-01-29,18641,https://parlamento.gub.uy/documentosyleyes/leyes/ley/18641,https://www.impo.com.uy/bases/leyes/18641-2010,"BARCO VELERO ESCUELA CAPITAN MIRANDA. SALIDA PAÍS. AUTORIACIÓN.",101190,0,0
2010-01-08,18640,https://parlamento.gub.uy/documentosyleyes/leyes/ley/18640,https://www.impo.com.uy/bases/leyes/18640-2010,"EDUCACION PUBLICA. PROGRAMAS PROMOCION SALUD Y EDUCACION. INTERES NACIONAL. DECLARACION.",100037,3,1
2009-12-30,18639,https://parlamento.gub.uy/documentosyleyes/leyes/ley/18639,https://www.impo.com.uy/bases/leyes/18639-2009,"CHILE - URUGUAY. ASOCIACION ESTRATEGICA. CONVENIO. APROBACION.",37877,0,0
2009-12-28,18638,https://parlamento.gub.uy/documentosyleyes/leyes/ley/18638,https://www.impo.com.uy/bases/leyes/18638-2009,"SOCIEDADES ANONIMAS. EXPLOTACIÓN AGROPECUARIAS-INMUEBLES RURALES. PLAZO. PRÓRROGA.",101164,4,0
2009-12-28,18637,https://parlamento.gub.uy/documentosyleyes/leyes/ley/18637,https://www.impo.com.uy/bases/leyes/18637-2009,"ANEP. CONSEJOS EDUCACION. ELECCION MIEMBROS. REGLAMENTACION.",100542,1,2
2009-12-28,18636,https://parlamento.gub.uy/documentosyleyes/leyes/ley/18636,https://www.impo.com.uy/bases/leyes/18636-2009,"MISIONES PAZ. PAGO ASIGNACIONES ONU. PRESTAMO BROU. MINISTERIO DEFENSA NACIONAL. HABILITACIÓN.",101168,0,0
2009-12-28,18635,https://parlamento.gub.uy/documentosyleyes/leyes/ley/18635,https://www.impo.com.uy/bases/leyes/18635-2009,"MALASIA - URUGUAY. COOPERACION ECONOMICA, CIENTIFICA Y TECNICA.  CONVENIO. APROBACION.",34334,0,0
2009-12-28,18634,https://parlamento.gub.uy/documentosyleyes/leyes/ley/18634,https://www.impo.com.uy/bases/leyes/18634-2009,"ONUDI-URUGUAY. OFICINA REGIONAL. ESTABLECIMIENTO.",34843,0,0
2009-12-28,18633,https://parlamento.gub.uy/documentosyleyes/leyes/ley/18633,https://www.impo.com.uy/bases/leyes/18633-2009,"INTEGRACION CINEMATOGRAFICA IBEROAMERICANA. CONVENIO.  APROBACION.",37960,0,0
2009-12-24,18632,https://parlamento.gub.uy/documentosyleyes/leyes/ley/18632,https://www.impo.com.uy/bases/leyes/18632-2009,"BIBLIOTECAS PUBLICAS. SISTEMA NACIONAL. IMPLEMENTACION.",39225,0,0
2009-12-24,18631,https://parlamento.gub.uy/documentosyleyes/leyes/ley/18631,https://www.impo.com.uy/bases/leyes/18631-2009,"FREITAS RODRIGUEZ, Daniel. PENSION GRACIABLE. OTORGAMIENTO. SOLICITUD.",100861,0,0
2009-12-16,18630,https://parlamento.gub.uy/documentosyleyes/leyes/ley/18630,https://www.impo.com.uy/bases/leyes/18630-2009,"URUGUAY-INSTITUTO DERECHOS HUMANOS (INTERAMERICANO). OFICINA REGIONAL. INSTALACION. ACUERDO.",101051,0,0
2009-12-15,18629,https://parlamento.gub.uy/documentosyleyes/leyes/ley/18629,https://www.impo.com.uy/bases/leyes/18629-2009,"CAPITÁN DE NAVÍO (CG) JUAN JOSÉ FERNÁNDEZ PARÉS GRADO  CONTRALMIRANTE. ASCENSO",100989,0,0
2009-12-10,18628,https://parlamento.gub.uy/documentosyleyes/leyes/ley/18628,https://www.impo.com.uy/bases/leyes/18628-2009,"FUNDACIÓN TELETON URUGUAY. CENTRO REHABILITACIÓN PEDIÁTRICA. DONACIONES. BENEFICIOS TRIBUTARIOS",101141,0,2
2009-12-02,18627,https://parlamento.gub.uy/documentosyleyes/leyes/ley/18627,https://www.impo.com.uy/bases/leyes/18627-2009,"MERCADO VALORES Y OBLIGACIONES NEGOCIABLES. REGIMEN. MODIFICACION.",37554,15,10
2009-12-02,18626,https://parlamento.gub.uy/documentosyleyes/leyes/ley/18626,https://www.impo.com.uy/bases/leyes/18626-2009,"CAMPAÑA ANTARTICA OPERACION ""ANTARKOS XXVI"". BARCO ARMADA NACIONAL. SALIDA PAIS. AUTORIZACIÓN.",101096,0,0
2009-11-30,18625,https://parlamento.gub.uy/documentosyleyes/leyes/ley/18625,https://www.impo.com.uy/bases/leyes/18625-2009,"TRABAJADORES EMPRESA CARTONERA Y PAPELERA PANDO S.A. SEGURO DESOCUPACION. PRORROGA.",100976,2,0
2009-11-20,18624,https://parlamento.gub.uy/documentosyleyes/leyes/ley/18624,https://www.impo.com.uy/bases/leyes/18624-2009,"DAROK S.A. TRABAJADORES. DESOCUPACION. SUBSIDIO. EXTENCION.",100780,5,0
2009-11-13,18623,https://parlamento.gub.uy/documentosyleyes/leyes/ley/18623,https://www.impo.com.uy/bases/leyes/18623-2009,"ABREVIACIÓN PROCESOS LABORALES. ENTRADA VIGENCIA. PRÓRROGA",100866,1,0
2009-11-09,18622,https://parlamento.gub.uy/documentosyleyes/leyes/ley/18622,https://www.impo.com.uy/bases/leyes/18622-2009,"AEROPUERTO CARRASCO. SISTEMA CONTROL TRANSITO AEREO. ADQUISICION. PRESTAMO BROU.",100317,0,0
2009-10-25,18621,https://parlamento.gub.uy/documentosyleyes/leyes/ley/18621,https://www.impo.com.uy/bases/leyes/18621-2009,"SISTEMA EMERGENCIAS (NACIONAL). CREACION.",39012,4,5
2009-10-25,18620,https://parlamento.gub.uy/documentosyleyes/leyes/ley/18620,https://www.impo.com.uy/bases/leyes/18620-2009,"IDENTIDAD DE GENERO. CAMBIO REGISTRAL NOMBRE Y SEXO. DERECHO.  RECONOCIMIENTO.",34607,3,1
2009-10-23,18619,https://parlamento.gub.uy/documentosyleyes/leyes/ley/18619,https://www.impo.com.uy/bases/leyes/18619-2009,"AERONAUTICA CIVIL. SEGURIDAD OPERACIONAL. REGIMEN.",100544,2,1
2009-10-23,18618,https://parlamento.gub.uy/documentosyleyes/leyes/ley/18618,https://www.impo.com.uy/bases/leyes/18618-2009,"HERNANDEZ, Felisberto. LICEO 59 MONTEVIDEO (DPTO).  DENOMINACION.",37365,0,0
2009-10-23,18617,https://parlamento.gub.uy/documentosyleyes/leyes/ley/18617,https://www.impo.com.uy/bases/leyes/18617-2009,"INSTITUTO ADULTO MAYOR (NACIONAL) (INAM). CREACION. VETO PARCIAL.",26052,2,0
2009-10-23,18616,https://parlamento.gub.uy/documentosyleyes/leyes/ley/18616,https://www.impo.com.uy/bases/leyes/18616-2009,"ESTABLE, Clemente. CENTRO REGIONAL PROFESORES DEL SUR ATLANTIDA  (CANELONES). DENOMINACION.",38723,0,0
2009-10-23,18615,https://parlamento.gub.uy/documentosyleyes/leyes/ley/18615,https://www.impo.com.uy/bases/leyes/18615-2009,"AVICULTURA. PRODUCCION A FAÇON. INDICE COSTOS. REGULACION.",37631,0,0
2009-10-23,18614,https://parlamento.gub.uy/documentosyleyes/leyes/ley/18614,https://www.impo.com.uy/bases/leyes/18614-2009,"EMPRESA DANCOTEX S.A. TRABAJADORES. SUBSIDIO DESOCUPACION. EXTENSION. OTORGAMIENTO.",100872,2,0
2009-10-09,18613,https://parlamento.gub.uy/documentosyleyes/leyes/ley/18613,https://www.impo.com.uy/bases/leyes/18613-2009,"CAMPOS TEIXEIRA, Neri. RUTA NACIONAL SALTO (DPTO).  DENOMINACION.",38707,0,0
2009-10-09,18612,https://parlamento.gub.uy/documentosyleyes/leyes/ley/18612,https://www.impo.com.uy/bases/leyes/18612-2009,"BENEDETTI, Mario. LICEO 58 (MONTEVIDEO). DENOMINACION.",39055,0,0
2009-10-02,18611,https://parlamento.gub.uy/documentosyleyes/leyes/ley/18611,https://www.impo.com.uy/bases/leyes/18611-2009,"ANIMALES EXPERIMENTACION. USO. PROCEDIMIENTOS.-",39199,0,0
2009-10-02,18610,https://parlamento.gub.uy/documentosyleyes/leyes/ley/18610,https://www.impo.com.uy/bases/leyes/18610-2009,"POLITICA AGUAS (NACIONAL). REGULACION. NORMAS.",38088,3,1
2009-10-02,18609,https://parlamento.gub.uy/documentosyleyes/leyes/ley/18609,https://www.impo.com.uy/bases/leyes/18609-2009,"SEGURIDAD SOCIAL. CONVENIO INTERNACIONAL TRABAJO Nº 102.  APROBACION.-",39018,0,0
2009-10-02,18608,https://parlamento.gub.uy/documentosyleyes/leyes/ley/18608,https://www.impo.com.uy/bases/leyes/18608-2009,"SINDICALISTAS. PROTECCION. CONVENIO INTERNACIONAL TRABAJO Nº  135. APROBACION.-",39154,0,0
2009-10-02,18607,https://parlamento.gub.uy/documentosyleyes/leyes/ley/18607,https://www.impo.com.uy/bases/leyes/18607-2009,"ENTIDADES DEPORTIVAS. SEGURIDAD SOCIAL. APORTES. AMPLIACIÓN.",100413,1,1
2009-10-02,18606,https://parlamento.gub.uy/documentosyleyes/leyes/ley/18606,https://www.impo.com.uy/bases/leyes/18606-2009,"SIVER, María Tania. PENSION GRACIABLE. AUMENTO.",100541,1,0
2009-10-02,18605,https://parlamento.gub.uy/documentosyleyes/leyes/ley/18605,https://www.impo.com.uy/bases/leyes/18605-2009,"DIA CELEBRACION DEMOCRACIA - 15 SETIEMBRE. DECLARACION.",36913,0,0
2009-10-02,18604,https://parlamento.gub.uy/documentosyleyes/leyes/ley/18604,https://www.impo.com.uy/bases/leyes/18604-2009,"ROSANO STAGI de BAISON, Isabel. JARDIN INFANTES 117 (FLORIDA).  DENOMINACION.",26713,0,0
2009-09-21,18603,https://parlamento.gub.uy/documentosyleyes/leyes/ley/18603,https://www.impo.com.uy/bases/leyes/18603-2009,"FRIGORÍFICO INCUR FRAY BENTOS (RIO NEGRO). EX TRABAJADORES. SUBSIDIO. DISTRIBUCIÓN.",100592,1,0
2009-09-21,18602,https://parlamento.gub.uy/documentosyleyes/leyes/ley/18602,https://www.impo.com.uy/bases/leyes/18602-2009,"AGENCIA NACIONAL DESARROLLO ECONOMICO. CREACION.",39332,5,8
2009-09-21,18601,https://parlamento.gub.uy/documentosyleyes/leyes/ley/18601,https://www.impo.com.uy/bases/leyes/18601-2009,"RENDICION CUENTAS Y BALANCE EJECUCION PRESUPUESTAL (EJERCICIO 2008). APROBACION.",39132,0,0
2009-09-21,18600,https://parlamento.gub.uy/documentosyleyes/leyes/ley/18600,https://www.impo.com.uy/bases/leyes/18600-2009,"DOCUMENTO Y FIRMA ELECTRONICA. ADMISIBILIDAD, VALIDEZ Y  EFICACIA JURIDICAS. RECONOCIMIENTO.",38140,5,4
2009-09-21,18599,https://parlamento.gub.uy/documentosyleyes/leyes/ley/18599,https://www.impo.com.uy/bases/leyes/18599-2009,"MOZOS DE CORDEL. CONTRATOS. PLAZO. PRORROGA.",39281,2,0
2009-09-21,18598,https://parlamento.gub.uy/documentosyleyes/leyes/ley/18598,https://www.impo.com.uy/bases/leyes/18598-2009,"VILLA SARA (TREINTA Y TRES). PUEBLO. DECLARATORIA.",39342,0,0
2009-09-21,18597,https://parlamento.gub.uy/documentosyleyes/leyes/ley/18597,https://www.impo.com.uy/bases/leyes/18597-2009,"ENERGIA. USO. TERRITORIO NACIONAL. PROMOCION. REGULACION.-",36131,2,2
2009-09-18,18596,https://parlamento.gub.uy/documentosyleyes/leyes/ley/18596,https://www.impo.com.uy/bases/leyes/18596-2009,"ESTADO DE DERECHO. QUEBRANTAMIENTO. REPARACION.  RECONOCIMIENTO.-",38742,4,7
2009-09-18,18595,https://parlamento.gub.uy/documentosyleyes/leyes/ley/18595,https://www.impo.com.uy/bases/leyes/18595-2009,"SISTEMA ACREDITACION VETERINARIOS (NACIONAL). SECTOR PESQUERO.  CREACION.",37930,0,0
2009-09-18,18594,https://parlamento.gub.uy/documentosyleyes/leyes/ley/18594,https://www.impo.com.uy/bases/leyes/18594-2009,"ARTIGAS, José Gervasio. TRASLADO RESTOS. AUTORIZACION.",39118,1,0
2009-09-18,18593,https://parlamento.gub.uy/documentosyleyes/leyes/ley/18593,https://www.impo.com.uy/bases/leyes/18593-2009,"CREDITOS LABORALES. DECLARACION JUDICIAL CONCURSO. PAGO.  REGIMEN. MODIFICACION.",37692,1,0
2009-09-18,18592,https://parlamento.gub.uy/documentosyleyes/leyes/ley/18592,https://www.impo.com.uy/bases/leyes/18592-2009,"SINDICATO MEDICO URUGUAY. ESCISION. FONDOS. DESTINO.",38805,1,0
2009-09-18,18591,https://parlamento.gub.uy/documentosyleyes/leyes/ley/18591,https://www.impo.com.uy/bases/leyes/18591-2009,"COLEGIO MEDICO DEL URUGUAY. CREACION.",80650,1,0
2009-09-18,18590,https://parlamento.gub.uy/documentosyleyes/leyes/ley/18590,https://www.impo.com.uy/bases/leyes/18590-2009,"ADOPCION. CODIGO NIÑEZ Y ADOLESCENCIA. MODIFICACION.",30666,1,2
2009-09-18,18589,https://parlamento.gub.uy/documentosyleyes/leyes/ley/18589,https://www.impo.com.uy/bases/leyes/18589-2009,"DIA RESISTENCIA NACION CHARRUA E IDENTIDAD INDIGENA - 11  ABRIL. DECLARACION.",35145,0,0
2009-09-18,18588,https://parlamento.gub.uy/documentosyleyes/leyes/ley/18588,https://www.impo.com.uy/bases/leyes/18588-2009,"LAVADO DE ACTIVOS. CONTROL Y PREVENCION. MODIFICACION.",39257,4,0
2009-09-18,18587,https://parlamento.gub.uy/documentosyleyes/leyes/ley/18587,https://www.impo.com.uy/bases/leyes/18587-2009,"RAVAGNI de ANDRADE, María Dominga. ESCUELA 97 (SALTO).  DENOMINACION.",39169,0,0
2009-09-18,18586,https://parlamento.gub.uy/documentosyleyes/leyes/ley/18586,https://www.impo.com.uy/bases/leyes/18586-2009,"BOLIVAR, Simón. ESCUELA RURAL PASO DEL PARQUE (RIVERA).  DENOMINACION.",34804,0,0
2009-09-18,18585,https://parlamento.gub.uy/documentosyleyes/leyes/ley/18585,https://www.impo.com.uy/bases/leyes/18585-2009,"ENERGIA SOLAR TERMICA. PROMOCION Y DESARROLLO. INTERES  NACIONAL. DECLARACION.",35582,1,0
2009-09-18,18584,https://parlamento.gub.uy/documentosyleyes/leyes/ley/18584,https://www.impo.com.uy/bases/leyes/18584-2009,"PERU-URUGUAY. EXTRADICION. CONVENIO. APROBACION.",34973,0,0
2009-09-18,18583,https://parlamento.gub.uy/documentosyleyes/leyes/ley/18583,https://www.impo.com.uy/bases/leyes/18583-2009,"PANAMA-URUGUAY. TRATADO EXTRADICION. APROBACION.",37005,0,0
2009-09-18,18582,https://parlamento.gub.uy/documentosyleyes/leyes/ley/18582,https://www.impo.com.uy/bases/leyes/18582-2009,"ACADEMIA CIENCIA (NACIONAL). CREACION.",37756,0,0
2009-09-18,18581,https://parlamento.gub.uy/documentosyleyes/leyes/ley/18581,https://www.impo.com.uy/bases/leyes/18581-2009,"COSSE, Carlos. ESCUELA 37 QUEBRACHO (CERRO LARGO).  DENOMINACION.",30943,0,0
2009-09-18,18580,https://parlamento.gub.uy/documentosyleyes/leyes/ley/18580,https://www.impo.com.uy/bases/leyes/18580-2009,"LICEO AIGUA. LICEO AIGUA (MALDONADO). DENOMINACION.",27905,0,0
2009-09-18,18579,https://parlamento.gub.uy/documentosyleyes/leyes/ley/18579,https://www.impo.com.uy/bases/leyes/18579-2009,"GIANOLA, Antonio. ESCUELA 112 MELO (CERRO LARGO). DENOMINACION.",34265,0,0
2009-09-18,18578,https://parlamento.gub.uy/documentosyleyes/leyes/ley/18578,https://www.impo.com.uy/bases/leyes/18578-2009,"LEMOS GONZALEZ, Blanca Olira. PENSION GRACIABLE. OTORGAMIENTO.",39309,0,0
2009-09-18,18577,https://parlamento.gub.uy/documentosyleyes/leyes/ley/18577,https://www.impo.com.uy/bases/leyes/18577-2009,"PEREZ SILVA, Domingo Salvador. PENSION GRACIABLE. OTORGAMIENTO.",39271,0,0
2009-09-14,18576,https://parlamento.gub.uy/documentosyleyes/leyes/ley/18576,https://www.impo.com.uy/bases/leyes/18576-2009,"""ESTRELLA AUSTRAL"" 2009. EJERCICIO MULTINACIONAL CONJUNTO  COMBINADO. SALIDA DEL PAIS. AUTORIZACION.-",39304,0,0
2009-09-14,18575,https://parlamento.gub.uy/documentosyleyes/leyes/ley/18575,https://www.impo.com.uy/bases/leyes/18575-2009,"EJERCICIO ""TANQUE 2009"". AERONAVE TRANSPORTE C 130 (HERCULES) FUERZA AÉREA ARGENTINA. INGRESO PAÍS. AUTORIZACIÓN.",100475,0,0
2009-09-14,18574,https://parlamento.gub.uy/documentosyleyes/leyes/ley/18574,https://www.impo.com.uy/bases/leyes/18574-2009,"PRESTAMOS HIPOTECARIOS ESPECIALES. NOTAS DE CREDITO. EMISION.  REGIMEN.",38321,9,1
2009-09-13,18573,https://parlamento.gub.uy/documentosyleyes/leyes/ley/18573,https://www.impo.com.uy/bases/leyes/18573-2009,"PAGOS Y VALORES. COMPENSACION Y LIQUIDACION. SISTEMA NACIONAL.  CREACION.",37912,2,0
2009-09-13,18572,https://parlamento.gub.uy/documentosyleyes/leyes/ley/18572,https://www.impo.com.uy/bases/leyes/18572-2009,"JUICIOS LABORALES. ABREVIACION. REGIMEN.",37632,3,4
2009-09-13,18571,https://parlamento.gub.uy/documentosyleyes/leyes/ley/18571,https://www.impo.com.uy/bases/leyes/18571-2009,"FUTBOL INFANTIL. INTERES NACIONAL. DECLARACION.",34374,0,1
2009-09-13,18570,https://parlamento.gub.uy/documentosyleyes/leyes/ley/18570,https://www.impo.com.uy/bases/leyes/18570-2009,"SEGURO DESOCUPACION PARCIAL. APORTE PATRONAL. FACILIDADES  PAGO.",39185,2,0
2009-09-13,18569,https://parlamento.gub.uy/documentosyleyes/leyes/ley/18569,https://www.impo.com.uy/bases/leyes/18569-2009,"SERVICIO MATERIAL Y ARMAMENTO FUERZAS ARMADAS. REGLAMENTO.  INFRACCIONES. MULTAS. MODIFICACION.",38800,2,0
2009-09-13,18568,https://parlamento.gub.uy/documentosyleyes/leyes/ley/18568,https://www.impo.com.uy/bases/leyes/18568-2009,"EMPRESA (MICRO Y PEQUEÑA) NUEVA. APORTACION GRADUAL BPS E IVA.  REGIMEN.",39274,3,0
2009-09-13,18567,https://parlamento.gub.uy/documentosyleyes/leyes/ley/18567,https://www.impo.com.uy/bases/leyes/18567-2009,"DESCENTRALIZACION TERRITORIAL. MUNICIPIOS. CREACION.",35087,1,7
2009-09-11,18566,https://parlamento.gub.uy/documentosyleyes/leyes/ley/18566,https://www.impo.com.uy/bases/leyes/18566-2009,"NEGOCIACION COLECTIVA. PRINCIPIOS Y DERECHOS. REGIMEN.",34152,2,6
2009-09-11,18565,https://parlamento.gub.uy/documentosyleyes/leyes/ley/18565,https://www.impo.com.uy/bases/leyes/18565-2009,"FONDO INVERSION DEPARTAMENTAL. CREACION.",39173,4,0
2009-09-11,18564,https://parlamento.gub.uy/documentosyleyes/leyes/ley/18564,https://www.impo.com.uy/bases/leyes/18564-2009,"SUELOS Y AGUAS. CONSERVACION, USO Y MANEJO ADECUADOS. REGIMEN.  MODIFICACION.",37072,1,1
2009-09-11,18563,https://parlamento.gub.uy/documentosyleyes/leyes/ley/18563,https://www.impo.com.uy/bases/leyes/18563-2009,"EMPLEADOS PARQUE VACACIONES UTE-ANTEL. FUNCIONARIOS PUBLICOS.  DECLARACION. INTERPRETACION.-",38335,1,0
2009-09-11,18562,https://parlamento.gub.uy/documentosyleyes/leyes/ley/18562,https://www.impo.com.uy/bases/leyes/18562-2009,"LOTERIA HOSPITAL PASTEUR. SORTEO ESPECIAL. REALIZACION  ANUAL.",39194,1,0
2009-09-11,18561,https://parlamento.gub.uy/documentosyleyes/leyes/ley/18561,https://www.impo.com.uy/bases/leyes/18561-2009,"ACOSO SEXUAL AMBITO LABORAL Y DOCENTE. PREVENCION Y SANCION.  NORMAS.",38181,2,1
2009-09-11,18560,https://parlamento.gub.uy/documentosyleyes/leyes/ley/18560,https://www.impo.com.uy/bases/leyes/18560-2009,"SEGURIDAD SOCIAL. CONVENIO IBEROAMERICANO (MULTILATERAL).  APROBACION.",37080,0,1
2009-09-11,18559,https://parlamento.gub.uy/documentosyleyes/leyes/ley/18559,https://www.impo.com.uy/bases/leyes/18559-2009,"TRABAJADOR FIBRATEX (EX). INGRESO NIRALAN S.A. SEGURO  DESOCUPACION. COMPATIBILIDAD.",39135,3,0
2009-09-11,18558,https://parlamento.gub.uy/documentosyleyes/leyes/ley/18558,https://www.impo.com.uy/bases/leyes/18558-2009,"ZITARROSA, Alfredo. ESCUELA RURAL 41 PANDO (CANELONES).  DENOMINACION.",35757,0,0
2009-09-11,18557,https://parlamento.gub.uy/documentosyleyes/leyes/ley/18557,https://www.impo.com.uy/bases/leyes/18557-2009,"AMBROSONI, Pedro. ESCUELA 15 TIEMPO COMPLETO SAN ANTONIO  (SALTO). DENOMINACION.",30852,0,0
2009-09-11,18556,https://parlamento.gub.uy/documentosyleyes/leyes/ley/18556,https://www.impo.com.uy/bases/leyes/18556-2009,"MARTINEZ, Dogomar. PENSION GRACIABLE. OTORGAMIENTO.",39198,0,0
2009-09-11,18555,https://parlamento.gub.uy/documentosyleyes/leyes/ley/18555,https://www.impo.com.uy/bases/leyes/18555-2009,"SOSA GASTELLU, Ecilda. PENSION GRACIABLE. OTORGAMIENTO.",39090,0,0
2009-09-11,18554,https://parlamento.gub.uy/documentosyleyes/leyes/ley/18554,https://www.impo.com.uy/bases/leyes/18554-2009,"BENITEZ AMUEDO, Eladio. PENSION GRACIABLE. OTORGAMIENTO.",39091,0,0
2009-09-11,18553,https://parlamento.gub.uy/documentosyleyes/leyes/ley/18553,https://www.impo.com.uy/bases/leyes/18553-2009,"ANIVERSARIO INDEPENDENCIA BRASIL. DESFILE. EFECTIVOS EJERCITO NACIONAL. SALIDA PAIS. AUTORIZACION.",100465,0,0
2009-09-11,18552,https://parlamento.gub.uy/documentosyleyes/leyes/ley/18552,https://www.impo.com.uy/bases/leyes/18552-2009,"ANIVERSARIO INDEPENDENCIA BRASIL. DESFILE. EFECTIVOS EJERCITO NACIONAL. SALIDA PAIS. AUTORIZACION.",100090,0,0
2009-09-11,18551,https://parlamento.gub.uy/documentosyleyes/leyes/ley/18551,https://www.impo.com.uy/bases/leyes/18551-2009,"EJERCICIO COMBINADO RIO II. DENOMINACION. MODIFICACION.",39220,1,0
2009-09-11,18550,https://parlamento.gub.uy/documentosyleyes/leyes/ley/18550,https://www.impo.com.uy/bases/leyes/18550-2009,"TRANSPORTE ESCOLAR. IMPORTACION. GRAVAMENES. EXONERACION.",39337,0,0
2009-09-11,18549,https://parlamento.gub.uy/documentosyleyes/leyes/ley/18549,https://www.impo.com.uy/bases/leyes/18549-2009,"CONDENAS PENALES EXTRANJERO. CONVENCION INTERAMERICANA.  APROBACION.",39283,0,0
2009-09-11,18548,https://parlamento.gub.uy/documentosyleyes/leyes/ley/18548,https://www.impo.com.uy/bases/leyes/18548-2009,"COLOMBIA-URUGUAY. COOPERACION JUDICIAL EN MATERIA PENAL.  CONVENIO. APROBACION.",36458,0,0
2009-09-11,18547,https://parlamento.gub.uy/documentosyleyes/leyes/ley/18547,https://www.impo.com.uy/bases/leyes/18547-2009,"PERU-URUGUAY. ASISTENCIA JURIDICA ASUNTOS PENALES. CONVENIO.  APROBACION.",36961,0,0
2009-09-11,18547,https://parlamento.gub.uy/documentosyleyes/leyes/ley/18547,https://www.impo.com.uy/bases/leyes/18547-2009,"PERU-URUGUAY. ASISTENCIA JURIDICA ASUNTOS PENALES. CONVENIO.  APROBACION.",36961,0,0
2009-09-02,18546,https://parlamento.gub.uy/documentosyleyes/leyes/ley/18546,https://www.impo.com.uy/bases/leyes/18546-2009,"PERMISO RESIDENCIA, ESTUDIO Y TRABAJO PARA NACIONALES FRONTERIZOS URUGUAYOS Y BRASILEÑOS PARA PRESTACION DE SERVICIOS DE SALUD. ACUERDO. APROBACION",38569,0,0
2009-08-26,18545,https://parlamento.gub.uy/documentosyleyes/leyes/ley/18545,https://www.impo.com.uy/bases/leyes/18545-2009,"TACUABE. ESCUELA 97 MALDONADO (MALDONADO). DENOMINACION.",27904,0,0
2009-08-26,18544,https://parlamento.gub.uy/documentosyleyes/leyes/ley/18544,https://www.impo.com.uy/bases/leyes/18544-2009,"LEDESMA, Bolívar. ESCUELA AIRE LIBRE 34 (TREINTA Y TRES).  DENOMINACION.",34530,0,0
2009-08-26,18543,https://parlamento.gub.uy/documentosyleyes/leyes/ley/18543,https://www.impo.com.uy/bases/leyes/18543-2009,"ALVAREZ, Agosto: EL HEROE DE AGUAS DULCES. ESCUELA 65 (ROCHA).  DENOMINACION.",29309,0,0
2009-08-26,18542,https://parlamento.gub.uy/documentosyleyes/leyes/ley/18542,https://www.impo.com.uy/bases/leyes/18542-2009,"BRUM VIANA, Mario. LICEO TRANQUERAS (RIVERA). DENOMINACION.",36777,0,0
2009-08-26,18541,https://parlamento.gub.uy/documentosyleyes/leyes/ley/18541,https://www.impo.com.uy/bases/leyes/18541-2009,"CASTRO, Julio. ESCUELA 44 EGAÑA (SORIANO). DENOMINACION.",33714,0,0
2009-08-26,18540,https://parlamento.gub.uy/documentosyleyes/leyes/ley/18540,https://www.impo.com.uy/bases/leyes/18540-2009,"GONZALEZ BERMUDEZ, Nery. PENSION GRACIABLE. OTORGAMIENTO.",39093,0,0
2009-08-26,18539,https://parlamento.gub.uy/documentosyleyes/leyes/ley/18539,https://www.impo.com.uy/bases/leyes/18539-2009,"SILVEIRA MONTERO, Alcides Vicente. PENSION GRACIABLE.  OTORGAMIENTO.",39092,0,0
2009-08-21,18538,https://parlamento.gub.uy/documentosyleyes/leyes/ley/18538,https://www.impo.com.uy/bases/leyes/18538-2009,"REPUBLICA POPULAR CHINA. ESCUELA 124 RIVERA (DPTO).  DENOMINACION.",37287,0,0
2009-08-21,18537,https://parlamento.gub.uy/documentosyleyes/leyes/ley/18537,https://www.impo.com.uy/bases/leyes/18537-2009,"MUERTE SUBITA LACTANTE. PROGRAMA MIL. CREACION.",37585,0,0
2009-08-21,18536,https://parlamento.gub.uy/documentosyleyes/leyes/ley/18536,https://www.impo.com.uy/bases/leyes/18536-2009,"CHILE-URUGUAY. TRANSPORTE AEREO. CONVENIO. APROBACION.",36999,0,0
2009-08-21,18535,https://parlamento.gub.uy/documentosyleyes/leyes/ley/18535,https://www.impo.com.uy/bases/leyes/18535-2009,"MENOR. PROTECCION Y RESPONSABILIDAD PARENTAL. CONVENIO.  APROBACION.",13983,0,0
2009-08-14,18534,https://parlamento.gub.uy/documentosyleyes/leyes/ley/18534,https://www.impo.com.uy/bases/leyes/18534-2009,"CORPORACION DESARROLLO (NACIONAL). PRESTAMOS. IVA. EXONERACION.",38588,0,0
2009-08-14,18533,https://parlamento.gub.uy/documentosyleyes/leyes/ley/18533,https://www.impo.com.uy/bases/leyes/18533-2009,"MENDOZA, Lalo. ESCUELA RURAL 132 RIVERA (DPTO). DENOMINACION.",38692,0,0
2009-08-14,18532,https://parlamento.gub.uy/documentosyleyes/leyes/ley/18532,https://www.impo.com.uy/bases/leyes/18532-2009,"VEHICULOS CARGA USADOS. IMPORTACION. PROHIBICION. PRORROGA.",37903,1,3
2009-08-14,18531,https://parlamento.gub.uy/documentosyleyes/leyes/ley/18531,https://www.impo.com.uy/bases/leyes/18531-2009,"BECAS TRABAJO JOVENES INAU. DURACION. FIJACION.",38584,1,2
2009-07-31,18530,https://parlamento.gub.uy/documentosyleyes/leyes/ley/18530,https://www.impo.com.uy/bases/leyes/18530-2009,"TERMINAL CONTENEDORES PUERTO MONTEVIDEO. INSTALACION.",36968,2,0
2009-07-31,18529,https://parlamento.gub.uy/documentosyleyes/leyes/ley/18529,https://www.impo.com.uy/bases/leyes/18529-2009,"PAYSEE GONZALEZ, Eduardo. PENSION GRACIABLE. OTORGAMIENTO.",38916,0,0
2009-07-31,18528,https://parlamento.gub.uy/documentosyleyes/leyes/ley/18528,https://www.impo.com.uy/bases/leyes/18528-2009,"OPERACION HAITI 2009. EJERCICIO COMBINADO PANAMAX 2009. BARCO ROU ARTIGAS. SALIDA PAIS. AUTORIZACION.",39102,0,0
2009-07-31,18527,https://parlamento.gub.uy/documentosyleyes/leyes/ley/18527,https://www.impo.com.uy/bases/leyes/18527-2009,"MUNICIONES DE RACIMO. CONVENCION. APROBACION.",38739,0,0
2009-07-24,18526,https://parlamento.gub.uy/documentosyleyes/leyes/ley/18526,https://www.impo.com.uy/bases/leyes/18526-2009,"MERCOSUR-PAKISTAN. COMERCIO. ACUERDO MARCO. APROBACION.",34800,0,0
2009-07-20,18525,https://parlamento.gub.uy/documentosyleyes/leyes/ley/18525,https://www.impo.com.uy/bases/leyes/18525-2009,"VILLA RODRIGUEZ (SAN JOSE). ANIVERSARIO DECLARATORIA PUEBLO (100). FERIADO. DECLARACION.",38410,0,0
2009-07-20,18524,https://parlamento.gub.uy/documentosyleyes/leyes/ley/18524,https://www.impo.com.uy/bases/leyes/18524-2009,"MARTI, José. HOSPITAL DE OJOS. PRIMER CENTRO OFTALMOLOGICO DEL PAIS. DESIGNACION.",38443,0,0
2009-07-20,18523,https://parlamento.gub.uy/documentosyleyes/leyes/ley/18523,https://www.impo.com.uy/bases/leyes/18523-2009,"DEL PUERTO PEREZ, Devinoso Juan. PUENTE SOBRE RIO SAN LUIS - ROCHA. DENOMINACION.",30003,0,0
2009-07-20,18522,https://parlamento.gub.uy/documentosyleyes/leyes/ley/18522,https://www.impo.com.uy/bases/leyes/18522-2009,"FOCH PUNTIGLIANO, Vicente. ESCUELA Nº 105 PARA DISCAPACITADOS AUDITIVOS - RIVERA. DESIGNACION.",37070,0,0
2009-07-15,18521,https://parlamento.gub.uy/documentosyleyes/leyes/ley/18521,https://www.impo.com.uy/bases/leyes/18521-2009,"VINOCUR, Ana. ESCUELA Nº 359 MONTEVIDEO. DESIGNACION.",35023,0,0
2009-07-15,18520,https://parlamento.gub.uy/documentosyleyes/leyes/ley/18520,https://www.impo.com.uy/bases/leyes/18520-2009,"BRUCELOSIS. SEGURO PARA CONTROL. FINANCIACION. MODIFICACION.",38204,2,0
2009-07-15,18519,https://parlamento.gub.uy/documentosyleyes/leyes/ley/18519,https://www.impo.com.uy/bases/leyes/18519-2009,"ENDEUDAMIENTO SECTOR PUBLICO. TOPES. INCREMENTO. AUTORIZACION.",38677,1,1
2009-07-13,18518,https://parlamento.gub.uy/documentosyleyes/leyes/ley/18518,https://www.impo.com.uy/bases/leyes/18518-2009,"CAJA PROFESIONALES UNIVERSITARIOS. DIRECTORIO Y COMISION  ASESORA. ELECCIONES. FIJACION.",38826,1,0
2009-07-06,18517,https://parlamento.gub.uy/documentosyleyes/leyes/ley/18517,https://www.impo.com.uy/bases/leyes/18517-2009,"INSTITUTO CARNES (NACIONAL). MULTAS. FACILIDADES PAGO. REGIMEN.",38444,1,0
2009-06-26,18516,https://parlamento.gub.uy/documentosyleyes/leyes/ley/18516,https://www.impo.com.uy/bases/leyes/18516-2009,"OBRAS PUBLICAS. VACANTE PEONES. PROVISION. SORTEO. REGIMEN.",30729,5,0
2009-06-26,18515,https://parlamento.gub.uy/documentosyleyes/leyes/ley/18515,https://www.impo.com.uy/bases/leyes/18515-2009,"PRENSA Y MEDIOS COMUNICACION. ACTIVIDAD Y RESPONSABILIDAD. CODIGO PENAL.  MODIFICACION.",37049,4,1
2009-06-26,18514,https://parlamento.gub.uy/documentosyleyes/leyes/ley/18514,https://www.impo.com.uy/bases/leyes/18514-2009,"CRIMEN ORGANIZADO. JUZGADOS PENALES. COMPETENCIAS. MODIFICACION.",38595,1,0
2009-06-26,18513,https://parlamento.gub.uy/documentosyleyes/leyes/ley/18513,https://www.impo.com.uy/bases/leyes/18513-2009,"CORTE ELECTORAL. VACANTES GENERADAS POR RETIROS INCENTIVADOS. PROVISION  DEFINITIVA. PROHIBICION.",38396,1,0
2009-06-26,18512,https://parlamento.gub.uy/documentosyleyes/leyes/ley/18512,https://www.impo.com.uy/bases/leyes/18512-2009,"BARRAN MONTALDO, José Pedro. PENSION GRACIABLE. OTORGAMIENTO.",38553,0,0
2009-06-26,18511,https://parlamento.gub.uy/documentosyleyes/leyes/ley/18511,https://www.impo.com.uy/bases/leyes/18511-2009,"ANDRADE FRANCOLINI, Nelly Teresa. PENSION GRACIABLE. OTORGAMIENTO.",38554,0,0
2009-06-26,18510,https://parlamento.gub.uy/documentosyleyes/leyes/ley/18510,https://www.impo.com.uy/bases/leyes/18510-2009,"ERMAN MICHALOVICAITE, José. PENSION GRACIABLE. OTORGAMIENTO.",38555,0,0
2009-06-26,18509,https://parlamento.gub.uy/documentosyleyes/leyes/ley/18509,https://www.impo.com.uy/bases/leyes/18509-2009,"CONSEJO AGROPECUARIO DEL SUR (CAS). CREACION. CONVENIO. APROBACION.",34930,0,0
2009-06-26,18508,https://parlamento.gub.uy/documentosyleyes/leyes/ley/18508,https://www.impo.com.uy/bases/leyes/18508-2009,"FUNCIONARIOS PUBLICOS. NEGOCIACION COLECTIVA. REGIMEN.",34865,2,5
2009-06-26,18507,https://parlamento.gub.uy/documentosyleyes/leyes/ley/18507,https://www.impo.com.uy/bases/leyes/18507-2009,"RELACIONES CONSUMO. CAUSAS JUDICIALES. PROCEDIMIENTO. REGIMEN.",38403,3,1
2009-06-26,18506,https://parlamento.gub.uy/documentosyleyes/leyes/ley/18506,https://www.impo.com.uy/bases/leyes/18506-2009,"IDIOMA ESPAÑOL Y PORTUGUES. DOCENCIA. ADMISION TITULOS. CONVENIO. APROBACION.",34561,0,0
2009-06-25,18505,https://parlamento.gub.uy/documentosyleyes/leyes/ley/18505,https://www.impo.com.uy/bases/leyes/18505-2009,"COMANDO FUERZA AEREA (GENERAL) AVIONES ALTA TECNOLOGIA. COMPRA PRESTAMO BROU.  AUTORIZACION.",38641,0,0
2009-06-25,18504,https://parlamento.gub.uy/documentosyleyes/leyes/ley/18504,https://www.impo.com.uy/bases/leyes/18504-2009,"ALAMO DE SUAREZ, María Josefa. TRAMO RUTA 46 CANELONES (DPTO). DENOMINACION.",36897,0,0
2009-06-18,18503,https://parlamento.gub.uy/documentosyleyes/leyes/ley/18503,https://www.impo.com.uy/bases/leyes/18503-2009,"PORTUGAL-URUGUAY. COOPERACION ECONOMICA. CONVENIO. APROBACION.",36459,0,0
2009-06-18,18502,https://parlamento.gub.uy/documentosyleyes/leyes/ley/18502,https://www.impo.com.uy/bases/leyes/18502-2009,"PEREYRA BICA, Eugenia Marta. PENSION GRACIABLE. OTORGAMIENTO.",38117,0,0
2009-06-18,18501,https://parlamento.gub.uy/documentosyleyes/leyes/ley/18501,https://www.impo.com.uy/bases/leyes/18501-2009,"ARCHIVO AUDIOVISUAL (SODRE) CREACION.",30661,0,0
2009-06-18,18500,https://parlamento.gub.uy/documentosyleyes/leyes/ley/18500,https://www.impo.com.uy/bases/leyes/18500-2009,"DA CUNHA, Mary. PENSION GRACIABLE. OTORGAMIENTO.",37974,0,0
2009-06-18,18499,https://parlamento.gub.uy/documentosyleyes/leyes/ley/18499,https://www.impo.com.uy/bases/leyes/18499-2009,"COMPETENCIA FUERZAS COMANDO 2009. DELEGACION EJERCITO NACIONAL. SALIDA PAIS.  AUTORIZACION.",38639,0,0
2009-06-12,18498,https://parlamento.gub.uy/documentosyleyes/leyes/ley/18498,https://www.impo.com.uy/bases/leyes/18498-2009,"BARCO BANDERA NACIONAL. TRIPULACION. REGLAMENTACION.",34958,1,1
2009-06-12,18497,https://parlamento.gub.uy/documentosyleyes/leyes/ley/18497,https://www.impo.com.uy/bases/leyes/18497-2009,"PUERTO SAUCE. ESCUELA 39 JUAN LACAZE (COLONIA). DENOMINACION.",33081,0,0
2009-06-12,18496,https://parlamento.gub.uy/documentosyleyes/leyes/ley/18496,https://www.impo.com.uy/bases/leyes/18496-2009,"VENEZUELA - URUGUAY. NUEVA TELEVISION DEL SUR. CONVENIO. APROBACION.",29038,0,0
2009-06-11,18495,https://parlamento.gub.uy/documentosyleyes/leyes/ley/18495,https://www.impo.com.uy/bases/leyes/18495-2009,"DIA  TRABAJADOR INDUSTRIA FRIGORIFICA - 28 MAYO. DECLARACION.",35556,0,0
2009-06-05,18494,https://parlamento.gub.uy/documentosyleyes/leyes/ley/18494,https://www.impo.com.uy/bases/leyes/18494-2009,"LAVADO ACTIVOS Y FINANCIAMIENTO TERRORISMO CONTROL Y PREVENCION. NORMAS  MODIFICACION.",37860,18,8
2009-06-05,18493,https://parlamento.gub.uy/documentosyleyes/leyes/ley/18493,https://www.impo.com.uy/bases/leyes/18493-2009,"SARANDI GRANDE (FLORIDA). CAPITAL RAID HIPICO (NACIONAL). DECLARACION.",29914,0,0
2009-05-25,18492,https://parlamento.gub.uy/documentosyleyes/leyes/ley/18492,https://www.impo.com.uy/bases/leyes/18492-2009,"SERGIO, Norberto. ESCUELA 36 CUCHILLA DEL CARMEN (CERRO LARGO). DENOMINACION.",30942,0,0
2009-05-22,18491,https://parlamento.gub.uy/documentosyleyes/leyes/ley/18491,https://www.impo.com.uy/bases/leyes/18491-2009,"VEHICULOS. SEGURO CONTRA TERCEROS. OBLIGATORIEDAD. VIGENCIA. PRORROGA.",38730,1,0
2009-05-20,18490,https://parlamento.gub.uy/documentosyleyes/leyes/ley/18490,https://www.impo.com.uy/bases/leyes/18490-2009,"PRODUCTOR RURAL DEUDOR. TRANSFERENCIA BIENES INMUEBLES. EXONERACION  IMPUESTOS. INTERPRETACION.",37580,1,0
2009-05-17,18489,https://parlamento.gub.uy/documentosyleyes/leyes/ley/18489,https://www.impo.com.uy/bases/leyes/18489-2009,"PATRONATO ENCARCELADOS Y LIBERADOS (NACIONAL). BECAS. TRABAJO. OTORGAMIENTO.",38018,1,1
2009-05-17,18488,https://parlamento.gub.uy/documentosyleyes/leyes/ley/18488,https://www.impo.com.uy/bases/leyes/18488-2009,"ENERGIA NUCLEAR. PROTOCOLO COMUN DE VIENA. APROBACION.",36376,0,0
2009-05-15,18487,https://parlamento.gub.uy/documentosyleyes/leyes/ley/18487,https://www.impo.com.uy/bases/leyes/18487-2009,"LISTAS ELECTORALES. CANDIDATOS AMBOS SEXOS. LEY. INTERPRETACION.",38673,3,0
2009-05-15,18486,https://parlamento.gub.uy/documentosyleyes/leyes/ley/18486,https://www.impo.com.uy/bases/leyes/18486-2009,"COLONIAS INSTITUTO COLONIZACION. INMUEBLES. INSCRIPCION REGISTRO. PLAZO.  PRORROGA.",38556,2,0
2009-05-11,18485,https://parlamento.gub.uy/documentosyleyes/leyes/ley/18485,https://www.impo.com.uy/bases/leyes/18485-2009,"PARTIDOS POLITICOS. FUNCIONAMIENTO. REGULACION.",33683,3,2
2009-04-30,18484,https://parlamento.gub.uy/documentosyleyes/leyes/ley/18484,https://www.impo.com.uy/bases/leyes/18484-2009,"EJERCICIO COMBINADO ACRUX IV. BARCO ROU COLONIA. SALIDA PAIS. AUTORIZACION.",38640,0,0
2009-04-25,18483,https://parlamento.gub.uy/documentosyleyes/leyes/ley/18483,https://www.impo.com.uy/bases/leyes/18483-2009,"RUMANIA-URUGUAY. COOPERACION ANTARTICA. CONVENIO. APROBACION.",33338,0,0
2009-04-25,18482,https://parlamento.gub.uy/documentosyleyes/leyes/ley/18482,https://www.impo.com.uy/bases/leyes/18482-2009,"VENEZUELA-URUGUAY. TRANSPORTE AEREO. CONVENIO. APROBACION.",31824,0,0
2009-04-22,18481,https://parlamento.gub.uy/documentosyleyes/leyes/ley/18481,https://www.impo.com.uy/bases/leyes/18481-2009,"RESTUCCIA, Alberto Julio. PENSION GRACIABLE. OTORGAMIENTO.",37973,0,0
2009-04-22,18480,https://parlamento.gub.uy/documentosyleyes/leyes/ley/18480,https://www.impo.com.uy/bases/leyes/18480-2009,"ACTOS PROCESALES. NOTIFICACION. CODIGO GENERAL PROCESO. MODIFICACION.",37748,0,0
2009-04-22,18479,https://parlamento.gub.uy/documentosyleyes/leyes/ley/18479,https://www.impo.com.uy/bases/leyes/18479-2009,"FLORIDA (FLORIDA). ANIVERSARIO FUNDACION (200). FERIADO. DECLARACION.",38368,0,0
2009-04-16,18476,https://parlamento.gub.uy/documentosyleyes/leyes/ley/18476,https://www.impo.com.uy/bases/leyes/18476-2009,"LISTAS ELECTORALES. CANDIDATOS AMBOS SEXOS. OBLIGATORIEDAD.",28971,2,2
2009-04-03,18478,https://parlamento.gub.uy/documentosyleyes/leyes/ley/18478,https://www.impo.com.uy/bases/leyes/18478-2009,"PASO DE LOS TOROS (TACUAREMBO). ANIVERSARIO INUNDACIONES (50). FERIADO.  DECLARACION.",36310,0,0
2009-04-03,18477,https://parlamento.gub.uy/documentosyleyes/leyes/ley/18477,https://www.impo.com.uy/bases/leyes/18477-2009,"FRAY BENTOS (RIO NEGRO). ANIVERSARIO FUNDACION (150). FERIADO. DECLARACION.",36486,0,0
2009-04-03,18475,https://parlamento.gub.uy/documentosyleyes/leyes/ley/18475,https://www.impo.com.uy/bases/leyes/18475-2009,"TREINTA Y TRES ORIENTALES. ESCUELA 33 ORIENTALES LA PALOMA (DURAZNO).  DENOMINACION.",34879,0,0
2009-04-03,18474,https://parlamento.gub.uy/documentosyleyes/leyes/ley/18474,https://www.impo.com.uy/bases/leyes/18474-2009,"ALVAREZ, Evaristo. ESCUELA RURAL 80 LAURELES (SALTO). DENOMINACION.",31152,0,0
2009-04-03,18473,https://parlamento.gub.uy/documentosyleyes/leyes/ley/18473,https://www.impo.com.uy/bases/leyes/18473-2009,"TESTAMENTO VITAL. PACIENTE TERMINAL. OPOSICION TRATAMIENTO. DERECHO.",27211,2,1
2009-03-27,18472,https://parlamento.gub.uy/documentosyleyes/leyes/ley/18472,https://www.impo.com.uy/bases/leyes/18472-2009,"ELECCIONES. HOJAS DE VOTACION. JUNTA ELECTORAL. REMISION A CIRCUITOS  ELECTORALES.",37449,1,0
2009-03-27,18471,https://parlamento.gub.uy/documentosyleyes/leyes/ley/18471,https://www.impo.com.uy/bases/leyes/18471-2009,"ANIMALES. TENENCIA RESPONSABLE. NORMAS.",30696,2,2
2009-03-27,18470,https://parlamento.gub.uy/documentosyleyes/leyes/ley/18470,https://www.impo.com.uy/bases/leyes/18470-2009,"CHINA-URUGUAY. COOPERACION ECONOMICA Y TECNICA. CONVENIO. APROBACION.",36287,0,0
2009-03-20,18469,https://parlamento.gub.uy/documentosyleyes/leyes/ley/18469,https://www.impo.com.uy/bases/leyes/18469-2009,"BARCO ARMADA ROU CAPITAN MIRANDA. SALIDA PAIS. AUTORIZACION.",38092,0,0
2009-03-16,18468,https://parlamento.gub.uy/documentosyleyes/leyes/ley/18468,https://www.impo.com.uy/bases/leyes/18468-2009,"ESPAÑA-URUGUAY. SEGURIDAD SOCIAL. CONVENIO COMPLEMENTARIO. APROBACION.",30698,0,0
2009-02-27,18467,https://parlamento.gub.uy/documentosyleyes/leyes/ley/18467,https://www.impo.com.uy/bases/leyes/18467-2009,"INSTITUTO SEMILLAS (NACIONAL). FUNCIONAMIENTO. REGIMEN. MODIFICACION.",35606,2,0
2009-02-13,18466,https://parlamento.gub.uy/documentosyleyes/leyes/ley/18466,https://www.impo.com.uy/bases/leyes/18466-2009,"NAMIBIA-URUGUAY. VISAS PASAPORTES DIPLOMATICOS Y OFICIALES. ABOLICION.  CONVENIO. APROBACION.",35676,0,0
2009-02-11,18465,https://parlamento.gub.uy/documentosyleyes/leyes/ley/18465,https://www.impo.com.uy/bases/leyes/18465-2009,"CARNE PICADA, FRUTAS Y HORTALIZAS. IVA. EXONERACION. PLAZO. UNIDAD  ADQUISICIONES (CENTRALIZADA). COMPETENCIAS. AMPLIACION.",38012,2,0
2009-02-11,18464,https://parlamento.gub.uy/documentosyleyes/leyes/ley/18464,https://www.impo.com.uy/bases/leyes/18464-2009,"INSTITUCIONES ASISTENCIA MEDICA COLECTIVA. IVA. REDUCCION. REGIMEN.",38013,0,4
2009-01-30,18463,https://parlamento.gub.uy/documentosyleyes/leyes/ley/18463,https://www.impo.com.uy/bases/leyes/18463-2009,"CONTRIBUYENTES RURALES BPS. APORTES PATRONALES. VENCIMIENTO. PRORROGA.",37963,1,0
2009-01-08,18462,https://parlamento.gub.uy/documentosyleyes/leyes/ley/18462,https://www.impo.com.uy/bases/leyes/18462-2009,"INSTITUTO VITIVINICULTURA (NACIONAL). FUNCIONAMIENTO. MODIFICACION.",32583,9,0
2009-01-08,18461,https://parlamento.gub.uy/documentosyleyes/leyes/ley/18461,https://www.impo.com.uy/bases/leyes/18461-2009,"INMUEBLES RURALES Y EXPLOTACIONES AGROPECUARIAS. TITULARIDAD. PLAZO.  PRORROGA.",37683,3,1
2009-01-08,18460,https://parlamento.gub.uy/documentosyleyes/leyes/ley/18460,https://www.impo.com.uy/bases/leyes/18460-2009,"INMUEBLE BSE (MONTEVIDEO). TRANSFERENCIA MEC.",33080,0,0
2009-01-02,18459,https://parlamento.gub.uy/documentosyleyes/leyes/ley/18459,https://www.impo.com.uy/bases/leyes/18459-2009,"RESIDENCIAS MEDICAS. CARGOS. PROVISION. REGIMEN.",37794,1,0
2009-01-02,18458,https://parlamento.gub.uy/documentosyleyes/leyes/ley/18458,https://www.impo.com.uy/bases/leyes/18458-2009,"LICENCIA ESTUDIO TRABAJADOR. REGIMEN. MODIFICACION.",37710,1,3
2009-01-02,18457,https://parlamento.gub.uy/documentosyleyes/leyes/ley/18457,https://www.impo.com.uy/bases/leyes/18457-2009,"INMUEBLE MSP CANELONES (CANELONES). TRANSFERENCIA INTENDENCIA MUNICIPAL  CANELONES.",33888,0,0
2008-12-26,18456,https://parlamento.gub.uy/documentosyleyes/leyes/ley/18456,https://www.impo.com.uy/bases/leyes/18456-2008,"VEHICULOS. EMPADRONAMIENTO. REGIMEN.",35324,2,1
2008-12-26,18455,https://parlamento.gub.uy/documentosyleyes/leyes/ley/18455,https://www.impo.com.uy/bases/leyes/18455-2008,"CORTE ELECTORAL. FUNCIONARIOS. EXTENSION HORARIA. RETRIBUCION. AJUSTE.",37673,1,1
2008-12-26,18454,https://parlamento.gub.uy/documentosyleyes/leyes/ley/18454,https://www.impo.com.uy/bases/leyes/18454-2008,"TRABAJADORES EMPRESA RILOMAN S.A. SEGURO DESOCUPACION. PRORROGA.",37709,4,0
2008-12-26,18453,https://parlamento.gub.uy/documentosyleyes/leyes/ley/18453,https://www.impo.com.uy/bases/leyes/18453-2008,"TRABAJADORES EMPRESA DAROK S.A. SEGURO DESOCUPACION. PRORROGA.",37706,3,1
2008-12-26,18452,https://parlamento.gub.uy/documentosyleyes/leyes/ley/18452,https://www.impo.com.uy/bases/leyes/18452-2008,"BARRIOS PINTOS, Aníbal. PENSION GRACIABLE. OTORGAMIENTO.",37292,0,0
2008-12-26,18451,https://parlamento.gub.uy/documentosyleyes/leyes/ley/18451,https://www.impo.com.uy/bases/leyes/18451-2008,"LUCIO MUNIZ, Juan María. PENSION GRACIABLE. OTORGAMIENTO.",37293,0,0
2008-12-26,18450,https://parlamento.gub.uy/documentosyleyes/leyes/ley/18450,https://www.impo.com.uy/bases/leyes/18450-2008,"MARTINEZ CAMIÑO, Alberto Salvador. PENSION GRACIABLE. OTORGAMIENTO.",37290,0,0
2008-12-24,18449,https://parlamento.gub.uy/documentosyleyes/leyes/ley/18449,https://www.impo.com.uy/bases/leyes/18449-2008,"CODIGO AERONAUTICO. INFRACCIONES ADMINISTRATIVAS. MODIFICACION.",34281,1,0
2008-12-24,18448,https://parlamento.gub.uy/documentosyleyes/leyes/ley/18448,https://www.impo.com.uy/bases/leyes/18448-2008,"INMUEBLE MVOTMA MONTEVIDEO (DPTO). AFECTACION ANEP.",35208,0,0
2008-12-24,18447,https://parlamento.gub.uy/documentosyleyes/leyes/ley/18447,https://www.impo.com.uy/bases/leyes/18447-2008,"BRASIL - UJRUGUAY. PROTOCOLO INTENCIONES DISCRIMINACION Y PROMOCION IGUALDAD  RACIAL. APROBACION.",32460,0,0
2008-12-24,18446,https://parlamento.gub.uy/documentosyleyes/leyes/ley/18446,https://www.impo.com.uy/bases/leyes/18446-2008,"INSTITUCION DERECHOS HUMANOS (NACIONAL). CREACION.",31578,5,5
2008-12-24,18445,https://parlamento.gub.uy/documentosyleyes/leyes/ley/18445,https://www.impo.com.uy/bases/leyes/18445-2008,"MOZAMBIQUE-URUGUAY. CONVENIO COOPERACION. APROBACION.",34876,0,0
2008-12-24,18444,https://parlamento.gub.uy/documentosyleyes/leyes/ley/18444,https://www.impo.com.uy/bases/leyes/18444-2008,"CAMPAÑA ANTARTICA OPERACION ANTARKOS XXV. BARCO ARMADA ROU ARTIGAS. SALIDA  PAIS. AUTORIZACION.",37603,0,0
2008-12-24,18443,https://parlamento.gub.uy/documentosyleyes/leyes/ley/18443,https://www.impo.com.uy/bases/leyes/18443-2008,"HAITI. OPERACION PAZ ONU. PERMANENCIA CONTINGENTE MILITAR. PRORROGA.",37304,1,0
2008-12-24,18442,https://parlamento.gub.uy/documentosyleyes/leyes/ley/18442,https://www.impo.com.uy/bases/leyes/18442-2008,"SOCIEDADES ANONIMAS. USUFRUCTO ACCIONES. MODIFICACION.",31190,2,0
2008-12-24,18441,https://parlamento.gub.uy/documentosyleyes/leyes/ley/18441,https://www.impo.com.uy/bases/leyes/18441-2008,"TRABAJADOR RURAL. JORNADA LABORAL OCHO HORAS. REGLAMENTACION.",34353,1,0
2008-12-24,18440,https://parlamento.gub.uy/documentosyleyes/leyes/ley/18440,https://www.impo.com.uy/bases/leyes/18440-2008,"COOPERATIVAS MEDICAS. FUNCIONAMIENTO. REGIMEN.",37646,4,4
2008-12-22,18439,https://parlamento.gub.uy/documentosyleyes/leyes/ley/18439,https://www.impo.com.uy/bases/leyes/18439-2008,"FONDO GARANTIA REESTRUCTURACION PASIVO INSTITUCIONES ASISTENCIA MEDICA  COLECTIVA. CREACION.",37653,2,5
2008-12-17,18438,https://parlamento.gub.uy/documentosyleyes/leyes/ley/18438,https://www.impo.com.uy/bases/leyes/18438-2008,"RESIDENCIAS MEDICAS. FUNCIONAMIENTO. REGIMEN.",30955,3,3
2008-12-12,18437,https://parlamento.gub.uy/documentosyleyes/leyes/ley/18437,https://www.impo.com.uy/bases/leyes/18437-2008,"EDUCACION. LEY GENERAL. APROBACION.",35787,11,17
2008-12-12,18436,https://parlamento.gub.uy/documentosyleyes/leyes/ley/18436,https://www.impo.com.uy/bases/leyes/18436-2008,"MADRE ADOPTIVA. HORARIO TRABAJO. REDUCCION.",34807,2,0
2008-12-12,18435,https://parlamento.gub.uy/documentosyleyes/leyes/ley/18435,https://www.impo.com.uy/bases/leyes/18435-2008,"ARCHIVO MEMORIA (NACIONAL). CREACION.",31417,3,1
2008-12-12,18434,https://parlamento.gub.uy/documentosyleyes/leyes/ley/18434,https://www.impo.com.uy/bases/leyes/18434-2008,"TURISMO SOCIAL. FOMENTO. INMUEBLES ESTADO. CONCESION.",27377,0,0
2008-12-12,18433,https://parlamento.gub.uy/documentosyleyes/leyes/ley/18433,https://www.impo.com.uy/bases/leyes/18433-2008,"MERCOSUR-INDIA. COMERCIO. ACUERDO PREFERENCIAL. APROBACION.",34802,0,0
2008-12-12,18432,https://parlamento.gub.uy/documentosyleyes/leyes/ley/18432,https://www.impo.com.uy/bases/leyes/18432-2008,"EEUU.-URUGUAY. COMERCIO E INVERSION. ACUERDO MARCO. APROBACION.",35233,0,0
2008-12-12,18431,https://parlamento.gub.uy/documentosyleyes/leyes/ley/18431,https://www.impo.com.uy/bases/leyes/18431-2008,"BATALLA, Hugo. TRAMO PROLONGACION RUTAS 1 Y 5. DENOMINACION.",15021,0,0
2008-12-05,18430,https://parlamento.gub.uy/documentosyleyes/leyes/ley/18430,https://www.impo.com.uy/bases/leyes/18430-2008,"DIA PACIENTE CELIACO (NACIONAL) - 5 MAYO. DECLARACION.",34881,0,0
2008-12-05,18429,https://parlamento.gub.uy/documentosyleyes/leyes/ley/18429,https://www.impo.com.uy/bases/leyes/18429-2008,"CORTE ELECTORAL. VACANTES. PROVISION. AUTORIZACION.",37361,1,0
2008-12-05,18428,https://parlamento.gub.uy/documentosyleyes/leyes/ley/18428,https://www.impo.com.uy/bases/leyes/18428-2008,"MINA VALENCIA S.A. EXONERACION DEUDAS. DIRECCION MINERIA Y GEOLOGIA  (NACIONAL). AUTORIZACION.",36247,0,0
2008-12-04,18427,https://parlamento.gub.uy/documentosyleyes/leyes/ley/18427,https://www.impo.com.uy/bases/leyes/18427-2008,"NICO PEREZ (FLORIDA)-BATLLE Y ORDOÑEZ (LAVALLEJA) ANIVERSARIO FUNDACION (12).  FERIADO. DECLARACION.",36854,0,0
2008-12-01,18426,https://parlamento.gub.uy/documentosyleyes/leyes/ley/18426,https://www.impo.com.uy/bases/leyes/18426-2008,"SALUD SEXUAL Y REPRODUCTIVA. CODIGO PENAL. MODIFICACION.",29685,1,3
2008-11-28,18425,https://parlamento.gub.uy/documentosyleyes/leyes/ley/18425,https://www.impo.com.uy/bases/leyes/18425-2008,"EJERCICIO COMBINADO RIO I. INGRESO Y SALIDA AERONAVES TERRITORIO NACIONAL.  AUTORIZACION.",37339,0,1
2008-11-28,18424,https://parlamento.gub.uy/documentosyleyes/leyes/ley/18424,https://www.impo.com.uy/bases/leyes/18424-2008,"BORDON, Amado Edison. PENSION GRACIABLE. OTORGAMIENTO.",37295,0,0
2008-11-28,18423,https://parlamento.gub.uy/documentosyleyes/leyes/ley/18423,https://www.impo.com.uy/bases/leyes/18423-2008,"EJERCICIO ""URUEX I 2008"" BARCOS Y HELICOPTEROS ARMADA BRASIL. INGRESO PAIS.  AUTORIZACION.",37435,0,0
2008-11-21,18422,https://parlamento.gub.uy/documentosyleyes/leyes/ley/18422,https://www.impo.com.uy/bases/leyes/18422-2008,"BOLIVIA-URUGUAY. PROTECCION Y RESTITUCION BIENES CULTURALES. CONVENIO.  APROBACION.",34594,0,0
2008-11-21,18421,https://parlamento.gub.uy/documentosyleyes/leyes/ley/18421,https://www.impo.com.uy/bases/leyes/18421-2008,"ORGANIZACION TELECOMUNICACIONES POR SATELITE (INTELSAT). CONVENIO  CONSTITUTIVO. ENMIENDAS. APROBACION.",34682,0,0
2008-11-21,18420,https://parlamento.gub.uy/documentosyleyes/leyes/ley/18420,https://www.impo.com.uy/bases/leyes/18420-2008,"DESAPARICION FORZADA PERSONAS. CONVENCION INTERNACIONAL. APROBACION.",36040,0,0
2008-11-21,18419,https://parlamento.gub.uy/documentosyleyes/leyes/ley/18419,https://www.impo.com.uy/bases/leyes/18419-2008,"TRABAJADORES EMPRESA ENTICOR S.A. SEGURO DESOCUPACION. PRORROGA.",36850,1,0
2008-11-20,18418,https://parlamento.gub.uy/documentosyleyes/leyes/ley/18418,https://www.impo.com.uy/bases/leyes/18418-2008,"DISCAPACITADOS. DERECHOS. CONVENCION. APROBACION.",35297,0,2
2008-11-17,18417,https://parlamento.gub.uy/documentosyleyes/leyes/ley/18417,https://www.impo.com.uy/bases/leyes/18417-2008,"ESPAÑA ESCUELA 95 MALDONADO.(MALDONADO). DENOMINACION.",27449,0,0
2008-11-17,18416,https://parlamento.gub.uy/documentosyleyes/leyes/ley/18416,https://www.impo.com.uy/bases/leyes/18416-2008,"PASSADORE, Albérico. ESCUELA TECNICA COLON (MONTEVIDEO). DENOMINACION.",28288,0,0
2008-11-17,18415,https://parlamento.gub.uy/documentosyleyes/leyes/ley/18415,https://www.impo.com.uy/bases/leyes/18415-2008,"ALEJANDRIA. ESCUELA 161 (MONTEVIDEO). DENOMINACION.",28032,0,0
2008-11-17,18414,https://parlamento.gub.uy/documentosyleyes/leyes/ley/18414,https://www.impo.com.uy/bases/leyes/18414-2008,"MACEDO GOROSITO, Homero. LICEO 3 TREINTA Y TRES (TREINTA Y TRES).  DENOMINACION.",30702,0,0
2008-11-17,18413,https://parlamento.gub.uy/documentosyleyes/leyes/ley/18413,https://www.impo.com.uy/bases/leyes/18413-2008,"DROVANDI, Micaela. LICEO RODO (SORIANO). DENOMINACION.",31165,0,0
2008-11-17,18412,https://parlamento.gub.uy/documentosyleyes/leyes/ley/18412,https://www.impo.com.uy/bases/leyes/18412-2008,"VEHICULOS. SEGURO CONTRA TERCEROS. OBLIGATORIEDAD.",13692,2,2
2008-11-14,18411,https://parlamento.gub.uy/documentosyleyes/leyes/ley/18411,https://www.impo.com.uy/bases/leyes/18411-2008,"CONCURSO JUDICIAL. PROCEDIMIENTOS PLAZO. MODIFICACION.",37316,1,0
2008-10-30,18410,https://parlamento.gub.uy/documentosyleyes/leyes/ley/18410,https://www.impo.com.uy/bases/leyes/18410-2008,"CALABRIA. ESCUELA 139 (MONTEVIDEO). DENOMINACION.",33008,0,0
2008-10-30,18409,https://parlamento.gub.uy/documentosyleyes/leyes/ley/18409,https://www.impo.com.uy/bases/leyes/18409-2008,"FERNANDEZ, Julio. JARDIN INFANTES 88 TREINTA Y TRES (TREINTA Y TRES).  DENOMINACION.",30960,0,0
2008-10-30,18408,https://parlamento.gub.uy/documentosyleyes/leyes/ley/18408,https://www.impo.com.uy/bases/leyes/18408-2008,"RODRIGUEZ FORGUES, Julio. ESCUELA 61 AREVALO (CERRO LARGO). DENOMINACION.",30941,0,0
2008-10-24,18407,https://parlamento.gub.uy/documentosyleyes/leyes/ley/18407,https://www.impo.com.uy/bases/leyes/18407-2008,"COOPERATIVAS. FUNCIONAMIENTO. REGIMEN.",37126,17,25
2008-10-24,18406,https://parlamento.gub.uy/documentosyleyes/leyes/ley/18406,https://www.impo.com.uy/bases/leyes/18406-2008,"INSTITUTO EMPLEO Y FORMACION PROFESIONAL (NACIONAL). CREACION.",37124,8,6
2008-10-24,18405,https://parlamento.gub.uy/documentosyleyes/leyes/ley/18405,https://www.impo.com.uy/bases/leyes/18405-2008,"SERVICIO RETIROS Y PENSIONES POLICIALES. REGIMEN. MODIFICACION.",28461,14,0
2008-10-24,18404,https://parlamento.gub.uy/documentosyleyes/leyes/ley/18404,https://www.impo.com.uy/bases/leyes/18404-2008,"MODERNELL, Carlos Alberto. PENSION GRACIABLE. OTORGAMIENTO.",36898,0,0
2008-10-24,18403,https://parlamento.gub.uy/documentosyleyes/leyes/ley/18403,https://www.impo.com.uy/bases/leyes/18403-2008,"LINDSAY CARRO, Sheila. PENSION GRACIABLE. OTORGAMIENTO.",36899,0,0
2008-10-24,18402,https://parlamento.gub.uy/documentosyleyes/leyes/ley/18402,https://www.impo.com.uy/bases/leyes/18402-2008,"SOSA PEÑA, Julio César (CANELA). PENSION GRACIABLE. OTORGAMIENTO.",36900,0,0
2008-10-24,18401,https://parlamento.gub.uy/documentosyleyes/leyes/ley/18401,https://www.impo.com.uy/bases/leyes/18401-2008,"BANCO CENTRAL URUGUAY. CARTA ORGANICA. MODIFICACION.",28783,13,10
2008-10-24,18400,https://parlamento.gub.uy/documentosyleyes/leyes/ley/18400,https://www.impo.com.uy/bases/leyes/18400-2008,"COOPERATIVAS SOCIALES. FOMENTO. INTERES GENERAL. DECLARACION.",36479,2,0
2008-10-24,18399,https://parlamento.gub.uy/documentosyleyes/leyes/ley/18399,https://www.impo.com.uy/bases/leyes/18399-2008,"SEGURO DESOCUPACION. REGIMEN. MODIFICACION.",36489,1,96
2008-10-24,18398,https://parlamento.gub.uy/documentosyleyes/leyes/ley/18398,https://www.impo.com.uy/bases/leyes/18398-2008,"AMENDOLA, Dinorah. PENSION GRACIABLE. OTORGAMIENTO.",36531,0,0
2008-10-24,18397,https://parlamento.gub.uy/documentosyleyes/leyes/ley/18397,https://www.impo.com.uy/bases/leyes/18397-2008,"RODRIGUEZ LARRETA FERREIRA, Gualberto José. PENSION GRACIABLE. OTORGAMIENTO.",36929,0,0
2008-10-24,18396,https://parlamento.gub.uy/documentosyleyes/leyes/ley/18396,https://www.impo.com.uy/bases/leyes/18396-2008,"CAJA JUBILACIONES Y PENSIONES BANCARIAS. REGIMEN. MODIFICACION.",37017,14,1
2008-10-24,18395,https://parlamento.gub.uy/documentosyleyes/leyes/ley/18395,https://www.impo.com.uy/bases/leyes/18395-2008,"JUBILACION. CAUSAL. FLEXIBILIZACION.",36820,6,2
2008-10-24,18394,https://parlamento.gub.uy/documentosyleyes/leyes/ley/18394,https://www.impo.com.uy/bases/leyes/18394-2008,"INMUEBLES MGAP AGUAS DULCES (ROCHA). TRANSFERENCIA AL INSTITUTO COLONIZACION.",36244,0,0
2008-10-24,18393,https://parlamento.gub.uy/documentosyleyes/leyes/ley/18393,https://www.impo.com.uy/bases/leyes/18393-2008,"MIGUELETE (COLONIA). CENTENARIO FUNDACION. FERIADO NO LABORABLE. DECLARACION.",36625,0,0
2008-10-24,18392,https://parlamento.gub.uy/documentosyleyes/leyes/ley/18392,https://www.impo.com.uy/bases/leyes/18392-2008,"MOZOS CORDEL. CONTRATO. REGIMEN.",36819,1,1
2008-10-24,18391,https://parlamento.gub.uy/documentosyleyes/leyes/ley/18391,https://www.impo.com.uy/bases/leyes/18391-2008,"TRABAJADOR FIBRATEX (EX). INGRESO NIRALAN S.A. SEGURO DESOCUPACION. DERECHO.  REGIMEN.",36931,2,1
2008-10-24,18390,https://parlamento.gub.uy/documentosyleyes/leyes/ley/18390,https://www.impo.com.uy/bases/leyes/18390-2008,"CRIMEN ORGANIZADO. FISCALIAS LETRADAS NACIONALES. CREACION.",36665,0,0
2008-10-24,18389,https://parlamento.gub.uy/documentosyleyes/leyes/ley/18389,https://www.impo.com.uy/bases/leyes/18389-2008,"FERRARI, Nicolás. ESTACION METEREOLOGICA SALTO (DPTO). DENOMINACION.",27338,0,0
2008-10-24,18388,https://parlamento.gub.uy/documentosyleyes/leyes/ley/18388,https://www.impo.com.uy/bases/leyes/18388-2008,"CORTE ELECTORAL. HORARIO TRABAJO FUNCIONARIOS EXTENSION Y COMPENSACION.  AUTORIZACION.",36799,1,0
2008-10-23,18387,https://parlamento.gub.uy/documentosyleyes/leyes/ley/18387,https://www.impo.com.uy/bases/leyes/18387-2008,"CONCURSO JUDICIAL Y REORGANIZACION EMPRESAS. REGIMEN.",30607,14,17
2008-10-23,18386,https://parlamento.gub.uy/documentosyleyes/leyes/ley/18386,https://www.impo.com.uy/bases/leyes/18386-2008,"GONZALEZ OLAIZOLA, Sergio. ESCUELA TECNICA BELLA UNION (ARTIGAS).  DENOMINACION.",32164,0,0
2008-10-17,18385,https://parlamento.gub.uy/documentosyleyes/leyes/ley/18385,https://www.impo.com.uy/bases/leyes/18385-2008,"COLONOS INSTITUTO COLONIZACION. INMUEBLES. INSCRIPCION. REGISTRO. PLAZO.  PRORROGA.",36372,2,0
2008-10-17,18384,https://parlamento.gub.uy/documentosyleyes/leyes/ley/18384,https://www.impo.com.uy/bases/leyes/18384-2008,"ARTISTAS Y OFICIOS CONEXOS. ESTATUTO. CREACION.",36281,2,3
2008-10-17,18383,https://parlamento.gub.uy/documentosyleyes/leyes/ley/18383,https://www.impo.com.uy/bases/leyes/18383-2008,"TELECOMUNICACIONES. ATENTADO REGULARIDAD SERVICIO CODIGO PENAL. MODIFICACION.",31319,0,0
2008-10-17,18382,https://parlamento.gub.uy/documentosyleyes/leyes/ley/18382,https://www.impo.com.uy/bases/leyes/18382-2008,"REFUGIADOS. REASENTAMIENTO. CONVENIO ONU. APROBACION.",34955,0,0
2008-10-17,18381,https://parlamento.gub.uy/documentosyleyes/leyes/ley/18381,https://www.impo.com.uy/bases/leyes/18381-2008,"INFORMACION ORGANISMOS PUBLICOS ACCESO CIUDADANO. DERECHO. NORMAS.",29858,2,9
2008-10-17,18380,https://parlamento.gub.uy/documentosyleyes/leyes/ley/18380,https://www.impo.com.uy/bases/leyes/18380-2008,"ESTABLECIMIENTOS Y ESPACIOS PUBLICOS DEPORTIVOS. DENOMINACION. NORMAS.",36324,0,0
2008-10-17,18379,https://parlamento.gub.uy/documentosyleyes/leyes/ley/18379,https://www.impo.com.uy/bases/leyes/18379-2008,"ETCHEBARNE CUESTAS, Ruben. PENSION GRACIABLE. OTORGAMIENTO.",35189,0,0
2008-10-17,18378,https://parlamento.gub.uy/documentosyleyes/leyes/ley/18378,https://www.impo.com.uy/bases/leyes/18378-2008,"EJERCICIO CRUZEX IV. CONTINGENTE FUERZA AEREA. SALIDA PAIS. AUTORIZACION.",36406,0,0
2008-10-17,18377,https://parlamento.gub.uy/documentosyleyes/leyes/ley/18377,https://www.impo.com.uy/bases/leyes/18377-2008,"DIA POLICIA CAIDO CUMPLIMIENTO DEL DEBER - 20 NOVIEMBRE. DECLARACION.",34369,0,0
2008-10-17,18376,https://parlamento.gub.uy/documentosyleyes/leyes/ley/18376,https://www.impo.com.uy/bases/leyes/18376-2008,"CONCHILLAS (COLONIA). ANIVERSARIO FUNDACION (120) FERIADO. DECLARACION.",33693,0,0
2008-10-17,18375,https://parlamento.gub.uy/documentosyleyes/leyes/ley/18375,https://www.impo.com.uy/bases/leyes/18375-2008,"DE LOS SANTOS, Francisco. RUTA NACIONAL Nº 16. TRAMO. DENOMINACION.",31084,0,0
2008-10-17,18374,https://parlamento.gub.uy/documentosyleyes/leyes/ley/18374,https://www.impo.com.uy/bases/leyes/18374-2008,"DIESTE, Eladio. RUTA 11 TRAMO KM. 163,5. CRUCE RUTA INTERBALNEARIA.  DENOMINACION.",33889,0,0
2008-10-17,18373,https://parlamento.gub.uy/documentosyleyes/leyes/ley/18373,https://www.impo.com.uy/bases/leyes/18373-2008,"CACHEIRO, Tomás. PUENTE RUTA 14 PASO AVERIAS (ROCHA). DENOMINACION.",31416,0,0
2008-10-17,18372,https://parlamento.gub.uy/documentosyleyes/leyes/ley/18372,https://www.impo.com.uy/bases/leyes/18372-2008,"MERCOSUR. COOPERACION Y ASISTENCIA EMERGENCIAS AMBIENTALES. PROTOCOLO  ADICIONAL. APROBACION.",31335,0,0
2008-10-17,18371,https://parlamento.gub.uy/documentosyleyes/leyes/ley/18371,https://www.impo.com.uy/bases/leyes/18371-2008,"RIVERA (RIVERA). CIUDAD SIMBOLO INTEGRACION PAISES MERCOSUR. DECLARACION.",24397,0,0
2008-10-10,18370,https://parlamento.gub.uy/documentosyleyes/leyes/ley/18370,https://www.impo.com.uy/bases/leyes/18370-2008,"AÑO POLAR 2007-2008. INTERES NACIONAL. DECLARACION.",33316,0,0
2008-10-10,18369,https://parlamento.gub.uy/documentosyleyes/leyes/ley/18369,https://www.impo.com.uy/bases/leyes/18369-2008,"MARRUECOS-MERCOSUR. COMERCIO. ACUERDO MARCO. APROBACION.",35678,0,0
2008-10-10,18368,https://parlamento.gub.uy/documentosyleyes/leyes/ley/18368,https://www.impo.com.uy/bases/leyes/18368-2008,"UNION EUROPEA. ESCUELA 95 (MONTEVIDEO). DENOMINACION.",34975,0,0
2008-10-10,18367,https://parlamento.gub.uy/documentosyleyes/leyes/ley/18367,https://www.impo.com.uy/bases/leyes/18367-2008,"BARRIOS PRIVADOS. INCLUSION REGIMEN PROPIEDAD HORIZONTAL. MODIFICACION.",36371,3,3
2008-10-10,18366,https://parlamento.gub.uy/documentosyleyes/leyes/ley/18366,https://www.impo.com.uy/bases/leyes/18366-2008,"URIARTE, José Ignacio. ESCUELA LA CORONILLA (ROCHA). DENOMINACION.",34939,0,0
2008-10-10,18365,https://parlamento.gub.uy/documentosyleyes/leyes/ley/18365,https://www.impo.com.uy/bases/leyes/18365-2008,"ESTADOS ARABES DEL GOLFO-MERCOSUR. COOPERACION ECONOMICA. CONVENIO.  APROBACION.",34141,0,0
2008-10-09,18364,https://parlamento.gub.uy/documentosyleyes/leyes/ley/18364,https://www.impo.com.uy/bases/leyes/18364-2008,"INMUEBLES ESTADO GUAYUVIRA (ARTIGAS). RELEVAMIENTO. PLAZO. PRORROGA.",36843,0,1
2008-10-09,18363,https://parlamento.gub.uy/documentosyleyes/leyes/ley/18363,https://www.impo.com.uy/bases/leyes/18363-2008,"PRODUCTOR LECHERO ARRENDAMIENTO BUEN PAGADOR. LANZAMIENTO. EJECUCION.  SUSPENSION.",35607,1,0
2008-10-06,18362,https://parlamento.gub.uy/documentosyleyes/leyes/ley/18362,https://www.impo.com.uy/bases/leyes/18362-2008,"RENDICION CUENTAS 2007. APROBACION.",35742,90,34
2008-10-06,18361,https://parlamento.gub.uy/documentosyleyes/leyes/ley/18361,https://www.impo.com.uy/bases/leyes/18361-2008,"FREIRE, Paulo. ESCUELA ESPECIAL. DISCAPACITADO INTELECTUAL 212 (MONTEVIDEO).  DENOMINACION.",35188,0,0
2008-09-26,18360,https://parlamento.gub.uy/documentosyleyes/leyes/ley/18360,https://www.impo.com.uy/bases/leyes/18360-2008,"DESFIBRILADORES EXTERNOS AUTOMATICOS (DEA). ESTABLECIMIENTOS PUBLICOS Y  PRIVADOS. INSTALACION. OBLIGATORIEDAD.",23004,0,0
2008-09-26,18359,https://parlamento.gub.uy/documentosyleyes/leyes/ley/18359,https://www.impo.com.uy/bases/leyes/18359-2008,"AUTO DE PROCESAMIENTO. CODIGO PROCESO PENAL. MODIFICACION.",33775,0,0
2008-09-26,18358,https://parlamento.gub.uy/documentosyleyes/leyes/ley/18358,https://www.impo.com.uy/bases/leyes/18358-2008,"CONSOLIDACION ADEUDOS. SUELDOS Y PASIVIDADES. REGIMEN. IMPLEMENTACION.",33925,5,2
2008-09-22,18357,https://parlamento.gub.uy/documentosyleyes/leyes/ley/18357,https://www.impo.com.uy/bases/leyes/18357-2008,"CENTRO REGIONAL NEUROCIRUGIA TACUAREMBO (CERENET). INTERES NACIONAL.  DECLARACION.",36363,0,0
2008-09-19,18356,https://parlamento.gub.uy/documentosyleyes/leyes/ley/18356,https://www.impo.com.uy/bases/leyes/18356-2008,"AFAPS. COMISION APORTES. CALCULO. MODIFICACION.",33651,1,0
2008-09-19,18355,https://parlamento.gub.uy/documentosyleyes/leyes/ley/18355,https://www.impo.com.uy/bases/leyes/18355-2008,"TRABAJADOR CONSTRUCCION. COMPUTO JUBILATORIO. REGIMEN.",36311,2,0
2008-09-17,18354,https://parlamento.gub.uy/documentosyleyes/leyes/ley/18354,https://www.impo.com.uy/bases/leyes/18354-2008,"TRABAJADORES EMPRESA DAROK S.A. SEGURO DESOCUPACION. PRORROGA.",36421,2,2
2008-09-15,18353,https://parlamento.gub.uy/documentosyleyes/leyes/ley/18353,https://www.impo.com.uy/bases/leyes/18353-2008,"CASUPA (FLORIDA). ANIVERSARIO FUNDACION (100). FERIADO. DECLARACION.",35587,0,0
2008-09-15,18352,https://parlamento.gub.uy/documentosyleyes/leyes/ley/18352,https://www.impo.com.uy/bases/leyes/18352-2008,"FRANKLIN, Benjamín. ESCUELA 153 TIEMPO COMPLETO TOLEDO CHICO (MONTEVIDEO).  DENOMINACION.",35138,0,0
2008-09-15,18351,https://parlamento.gub.uy/documentosyleyes/leyes/ley/18351,https://www.impo.com.uy/bases/leyes/18351-2008,"EJERCICIO TANQUE 2008. AVION FUERZA AEREA ARGENTINA. INGRESO PAIS.  AUTORIZACION.",36749,0,0
2008-09-15,18350,https://parlamento.gub.uy/documentosyleyes/leyes/ley/18350,https://www.impo.com.uy/bases/leyes/18350-2008,"MERCOSUR-BOLIVIA-CHILE. TRAFICO ILICITO MIGRANTES ENTRE ESTADOS PARTE.  CONVENIO. APROBACION.",32367,0,0
2008-09-15,18349,https://parlamento.gub.uy/documentosyleyes/leyes/ley/18349,https://www.impo.com.uy/bases/leyes/18349-2008,"MERCOSUR. TRAFICO ILICITO MIGRANTES ENTRE ESTADOS PARTE. CONVENIO.  APROBACION.",32373,0,0
2008-09-12,18348,https://parlamento.gub.uy/documentosyleyes/leyes/ley/18348,https://www.impo.com.uy/bases/leyes/18348-2008,"TRABAJADORES EMPRESA FIBRATEX S.A. SEGURO DESOCUPACION. PRORROGA.",36676,2,1
2008-09-12,18347,https://parlamento.gub.uy/documentosyleyes/leyes/ley/18347,https://www.impo.com.uy/bases/leyes/18347-2008,"MERCOSUR-PERU. CONVENIO COMPLEMENTACION ECONOMICA. PRIMER PROTOCOLO  ADICIONAL. APROBACION.",29544,0,0
2008-09-12,18346,https://parlamento.gub.uy/documentosyleyes/leyes/ley/18346,https://www.impo.com.uy/bases/leyes/18346-2008,"CINTURON SEGURIDAD UNIDADES TRANSPORTE PASAJEROS. DOTACION. PLAZO.  DETERMINACION.",36274,0,0
2008-09-11,18345,https://parlamento.gub.uy/documentosyleyes/leyes/ley/18345,https://www.impo.com.uy/bases/leyes/18345-2008,"LICENCIAS ESPECIALES TRABAJADOR AFILIADO BPS. REGIMEN.",32508,0,8
2008-09-05,18344,https://parlamento.gub.uy/documentosyleyes/leyes/ley/18344,https://www.impo.com.uy/bases/leyes/18344-2008,"TRABAJADORES EMPRESA FINDELUZ S.A. SEGURO DESOCUPACION. PRORROGA.",36422,1,0
2008-09-05,18343,https://parlamento.gub.uy/documentosyleyes/leyes/ley/18343,https://www.impo.com.uy/bases/leyes/18343-2008,"DESFILES CONMEMORATIVOS INDEPENDENCIA BRASIL. INTEGRANTES EJERCITO NACIONAL.  CONCURRENCIA CHUY (BRASIL). AUTORIZACION.",36407,0,0
2008-09-03,18342,https://parlamento.gub.uy/documentosyleyes/leyes/ley/18342,https://www.impo.com.uy/bases/leyes/18342-2008,"DESFILES CONMEMORATIVOS INDEPENDENCIA BRASIL. INTEGRANTES EJERCITO NACIONAL.  CONCURRENCIA SANTANA DO LIVRAMENTO Y QUARAI (BRASIL). AUTORIZACION.",36409,0,0
2008-08-30,18341,https://parlamento.gub.uy/documentosyleyes/leyes/ley/18341,https://www.impo.com.uy/bases/leyes/18341-2008,"IMPUESTOS. REGIMEN. MODIFICACION.",36567,8,1
2008-08-21,18340,https://parlamento.gub.uy/documentosyleyes/leyes/ley/18340,https://www.impo.com.uy/bases/leyes/18340-2008,"VIVIENDAS PASIVOS. ADMINISTRACION. NORMAS. MODIFICACION.",32635,2,0
2008-08-21,18339,https://parlamento.gub.uy/documentosyleyes/leyes/ley/18339,https://www.impo.com.uy/bases/leyes/18339-2008,"MERCOSUR-ISRAEL. TRATADO LIBRE COMERCIO. APROBACION.",35741,0,0
2008-08-21,18338,https://parlamento.gub.uy/documentosyleyes/leyes/ley/18338,https://www.impo.com.uy/bases/leyes/18338-2008,"TRABAJADORES EMPRESA BAO S.A. SEGURO DESOCUPACION. PRORROGA.",36221,1,0
2008-08-21,18337,https://parlamento.gub.uy/documentosyleyes/leyes/ley/18337,https://www.impo.com.uy/bases/leyes/18337-2008,"MERCOSUR-CUBA. COMPLEMENTACION ECONOMICA. CONVENIO ALCANCE PARCIAL.  APROBACION.",34799,0,0
2008-08-21,18336,https://parlamento.gub.uy/documentosyleyes/leyes/ley/18336,https://www.impo.com.uy/bases/leyes/18336-2008,"ADOPCION MENORES. CONFLICTOS LEYES. CONVENCION INTERAMERICANA. APROBACION.",27507,0,0
2008-08-15,18335,https://parlamento.gub.uy/documentosyleyes/leyes/ley/18335,https://www.impo.com.uy/bases/leyes/18335-2008,"PACIENTES Y USUARIOS SERVICIOS SALUD. DERECHOS Y OBLIGACIONES. REGIMEN.",26903,7,12
2008-08-15,18334,https://parlamento.gub.uy/documentosyleyes/leyes/ley/18334,https://www.impo.com.uy/bases/leyes/18334-2008,"TRABAJADORES EMPRESA RILOMAN S.A. SEGURO DESOCUPACION. PRORROGA.",36280,2,1
2008-08-15,18333,https://parlamento.gub.uy/documentosyleyes/leyes/ley/18333,https://www.impo.com.uy/bases/leyes/18333-2008,"ESTADO DE ISRAEL. ESCUELA 112 PAYSANDU (PAYSANDU). DENOMINACION.",29379,0,0
2008-08-14,18332,https://parlamento.gub.uy/documentosyleyes/leyes/ley/18332,https://www.impo.com.uy/bases/leyes/18332-2008,"MONTES CITRICOLAS. EXONERACION CONTRIBUCION INMOBILIARIA RURAL.  INTERPRETACION.",35528,2,0
2008-08-11,18331,https://parlamento.gub.uy/documentosyleyes/leyes/ley/18331,https://www.impo.com.uy/bases/leyes/18331-2008,"DATOS PERSONALES. PROTECCION. ACCION HABEAS DATA. NORMAS.",33881,1,22
2008-08-01,18330,https://parlamento.gub.uy/documentosyleyes/leyes/ley/18330,https://www.impo.com.uy/bases/leyes/18330-2008,"EJERCICIO ACRUX III. BARCOS ARMADA ARGENTINA Y MARINA BRASIL. INGRESO PAIS.  AUTORIZACION.",36150,0,0
2008-07-31,18329,https://parlamento.gub.uy/documentosyleyes/leyes/ley/18329,https://www.impo.com.uy/bases/leyes/18329-2008,"FRUTAS Y HORTALIZAS. VENTA E IMPORTACION. IVA. EXONERACION. PLAZO 60 DIAS.",36257,0,0
2008-07-30,18328,https://parlamento.gub.uy/documentosyleyes/leyes/ley/18328,https://www.impo.com.uy/bases/leyes/18328-2008,"SAN MARINO-URUGUAY. COMERCIO Y COOPERACION ECONOMICA, CIENTIFICA Y TECNICA.  CONVENIO. APROBACION.",33980,0,0
2008-07-30,18327,https://parlamento.gub.uy/documentosyleyes/leyes/ley/18327,https://www.impo.com.uy/bases/leyes/18327-2008,"ALBATROS Y PETRELES. CONSERVACION. CONVENIO. APROBACION.",34559,0,0
2008-07-25,18326,https://parlamento.gub.uy/documentosyleyes/leyes/ley/18326,https://www.impo.com.uy/bases/leyes/18326-2008,"BPS. RECONOCIMIENTO SERVICIOS FICTOS. REGIMEN.",27972,0,0
2008-07-25,18325,https://parlamento.gub.uy/documentosyleyes/leyes/ley/18325,https://www.impo.com.uy/bases/leyes/18325-2008,"FERREIRA, Fermín. HOSPITAL CENTRAL DE LAS FUERZAS ARMADAS. DESIGNACION.",34086,0,0
2008-07-25,18324,https://parlamento.gub.uy/documentosyleyes/leyes/ley/18324,https://www.impo.com.uy/bases/leyes/18324-2008,"OSE. CONTRATACION PERMANENTE TRABAJADORES CONTRATADOS A TERMINO. FACULTAD.  OTORGAMIENTO.",35756,1,0
2008-07-25,18323,https://parlamento.gub.uy/documentosyleyes/leyes/ley/18323,https://www.impo.com.uy/bases/leyes/18323-2008,"CONSORCIOS EXPORTACION. CREACION. REGIMEN.",26712,2,0
2008-07-17,18322,https://parlamento.gub.uy/documentosyleyes/leyes/ley/18322,https://www.impo.com.uy/bases/leyes/18322-2008,"DE MATTEO, Luis. PLAZA DE DEPORTES CIUDAD DE YOUNG-RIO NEGRO. DESIGNACION.",31344,0,0
2008-07-17,18321,https://parlamento.gub.uy/documentosyleyes/leyes/ley/18321,https://www.impo.com.uy/bases/leyes/18321-2008,"MERCOSUR-BOLIVIA-CHILE-ECUADOR-PERU-VENEZUELA. COOPERACION SEGURIDAD REGIONAL  Y ANEXO. ACUERDO MARCO. APROBACION.",32528,0,0
2008-07-17,18320,https://parlamento.gub.uy/documentosyleyes/leyes/ley/18320,https://www.impo.com.uy/bases/leyes/18320-2008,"ALBANIA-URUGUAY. ACUERDO COMERCIAL. APROBACION.",33151,0,0
2008-07-17,18319,https://parlamento.gub.uy/documentosyleyes/leyes/ley/18319,https://www.impo.com.uy/bases/leyes/18319-2008,"PAISES BAJOS-URUGUAY. ASISTENCIA LEGISLACION ADUANERA. CONVENIO. APROBACION.",34974,0,0
2008-07-17,18318,https://parlamento.gub.uy/documentosyleyes/leyes/ley/18318,https://www.impo.com.uy/bases/leyes/18318-2008,"CHILE-URUGUAY. COOPERACION MATERIA DEFENSA. CONVENIO. APROBACION.",34803,0,0
2008-07-11,18317,https://parlamento.gub.uy/documentosyleyes/leyes/ley/18317,https://www.impo.com.uy/bases/leyes/18317-2008,"OPERACION HAITI 2008. EJERCICIO COMBINADO PANAMAX 2008. BARCO ROU ARTIGAS Y  CONTINGENTE MINUSTHA. SALIDA PAIS. AUTORIZACION.",35765,0,0
2008-07-11,18316,https://parlamento.gub.uy/documentosyleyes/leyes/ley/18316,https://www.impo.com.uy/bases/leyes/18316-2008,"DIA TRABAJADOR METAL Y RAMAS AFINES - 14 MARZO. DECLARACION.",35505,0,0
2008-07-05,18315,https://parlamento.gub.uy/documentosyleyes/leyes/ley/18315,https://www.impo.com.uy/bases/leyes/18315-2008,"POLICIA. PROCEDIMIENTO. NORMAS. APLICACION.",30973,1,2
2008-07-04,18314,https://parlamento.gub.uy/documentosyleyes/leyes/ley/18314,https://www.impo.com.uy/bases/leyes/18314-2008,"PASIVIDADES. IMPUESTO ASISTENCIA SEGURIDAD SOCIAL (IASS). CREACION.",35636,0,4
2008-06-25,18313,https://parlamento.gub.uy/documentosyleyes/leyes/ley/18313,https://www.impo.com.uy/bases/leyes/18313-2008,"ARMENIA-URUGUAY. COOPERACION CULTURAL. CONVENIO. APROBACION.",28026,0,0
2008-06-22,18312,https://parlamento.gub.uy/documentosyleyes/leyes/ley/18312,https://www.impo.com.uy/bases/leyes/18312-2008,"COMPETENCIA FUERZAS COMANDO 2008. INTEGRANTES EJERCITO NACIONAL. SALIDA PAIS.  AUTORIZACION.",35448,0,0
2008-06-22,18311,https://parlamento.gub.uy/documentosyleyes/leyes/ley/18311,https://www.impo.com.uy/bases/leyes/18311-2008,"MERCOSUR. ESTUDIANTES Y DOCENTES. VISA. GRATUIDAD. CONVENIO. APROBACION.",32364,0,0
2008-06-18,18310,https://parlamento.gub.uy/documentosyleyes/leyes/ley/18310,https://www.impo.com.uy/bases/leyes/18310-2008,"TRABAJADORES INDUSTRIA FRIGORIFICA DESPEDIDOS  GOBIERNO  FACTO. COMPUTO JUBILATORIO. REGIMEN.",35454,13,0
2008-06-18,18309,https://parlamento.gub.uy/documentosyleyes/leyes/ley/18309,https://www.impo.com.uy/bases/leyes/18309-2008,"BOLIVAR, Simón. ESCUELA Nº 10 ""LOS ARRAYANES"" RIO NEGRO. DESIGNACION.",32919,0,0
2008-06-18,18308,https://parlamento.gub.uy/documentosyleyes/leyes/ley/18308,https://www.impo.com.uy/bases/leyes/18308-2008,"ORDENAMIENTO TERRITORIAL Y DESARROLLO SOSTENIBLE. REGULACION.",30735,13,18
2008-06-18,18307,https://parlamento.gub.uy/documentosyleyes/leyes/ley/18307,https://www.impo.com.uy/bases/leyes/18307-2008,"SANGRE HUMANA. PLASMA, HEMOCOMPONENTES Y HEMODERIVADOS. INTERES NACIONAL.  DECLARACION.",31463,0,0
2008-06-18,18306,https://parlamento.gub.uy/documentosyleyes/leyes/ley/18306,https://www.impo.com.uy/bases/leyes/18306-2008,"COMITE VETERINARIO PERMANENTE CONO SUR. CREACION. CONVENIO CAS. PROTOCOLO  ADICIONAL. APROBACION.",34335,0,0
2008-06-18,18305,https://parlamento.gub.uy/documentosyleyes/leyes/ley/18305,https://www.impo.com.uy/bases/leyes/18305-2008,"BELGICA-URUGUAY. SEGURIDAD SOCIAL. CONVENIO. APROBACION.",34801,0,0
2008-06-18,18304,https://parlamento.gub.uy/documentosyleyes/leyes/ley/18304,https://www.impo.com.uy/bases/leyes/18304-2008,"BELLA UNION (ARTIGAS). CAPITAL CULTIVO E INDUSTRIALIZACION CAÑA DE AZUCAR  (NACIONAL). DECLARACION.",29340,0,0
2008-06-17,18303,https://parlamento.gub.uy/documentosyleyes/leyes/ley/18303,https://www.impo.com.uy/bases/leyes/18303-2008,"HERNANDEZ de RUFFINATTI, María Julia. LICEO Nº 2 PANDO - CANELONES.  DESIGNACION.",26855,0,0
2008-06-11,18302,https://parlamento.gub.uy/documentosyleyes/leyes/ley/18302,https://www.impo.com.uy/bases/leyes/18302-2008,"LANCHAS ARMADA NACIONAL. COMPRA. PRESTAMO BROU. HABILITACION.",35120,0,1
2008-06-03,18301,https://parlamento.gub.uy/documentosyleyes/leyes/ley/18301,https://www.impo.com.uy/bases/leyes/18301-2008,"IMPORTACIONES. DEVOLUCION IMPUESTOS. TASA CONSULAR. MODIFICACIONES.",34551,3,2
2008-05-23,18300,https://parlamento.gub.uy/documentosyleyes/leyes/ley/18300,https://www.impo.com.uy/bases/leyes/18300-2008,"OPERACION ATLASUR VII. BARCOS ROU URUGUAY Y PEDRO CAMPBELL. SALIDA PAIS.  AUTORIZACION.",35334,0,0
2008-05-23,18299,https://parlamento.gub.uy/documentosyleyes/leyes/ley/18299,https://www.impo.com.uy/bases/leyes/18299-2008,"CIRCUITO TURISTICO REGIONAL TRANQUERAS, MASOLLER Y VALLE LUNAREJO (RIVERA).  INTERES NACIONAL. DECLARACION.",27112,1,0
2008-05-23,18298,https://parlamento.gub.uy/documentosyleyes/leyes/ley/18298,https://www.impo.com.uy/bases/leyes/18298-2008,"CIRCUITO TURISTICO REGIONAL MINERIA DEL ORO (RIVERA). INTERES NACIONAL.  DECLARACION.",27113,1,0
2008-05-23,18297,https://parlamento.gub.uy/documentosyleyes/leyes/ley/18297,https://www.impo.com.uy/bases/leyes/18297-2008,"OPERACION AGUAS CLARAS VI. BARCOS ARATU Y ALBARDAO ARMADA BRASIL. INGRESO  AGUAS JURISDICCIONALES. AUTORIZACION.",35335,0,0
2008-05-22,18296,https://parlamento.gub.uy/documentosyleyes/leyes/ley/18296,https://www.impo.com.uy/bases/leyes/18296-2008,"MERCOSUR. DERECHOS HUMANOS. PROMOCION Y PROTECCION PROTOCOLO ASUNCION.  APROBACION.",29771,0,0
2008-05-22,18295,https://parlamento.gub.uy/documentosyleyes/leyes/ley/18295,https://www.impo.com.uy/bases/leyes/18295-2008,"VENEZUELA-URUGUAY. COOPERACION TECNOLOGIA INFORMACION, SOFTWARE, EQUIPAMIENTO  INFORMATICO Y COMUNICACIONES. CONVENIO. APROBACION.",30141,0,0
2008-05-22,18294,https://parlamento.gub.uy/documentosyleyes/leyes/ley/18294,https://www.impo.com.uy/bases/leyes/18294-2008,"FOGONES DE LA INDEPENDENCIA (MASOLLER - RIVERA). INTERES CULTURAL Y  TURISTICO. DECLARACION.",30704,0,0
2008-05-16,18293,https://parlamento.gub.uy/documentosyleyes/leyes/ley/18293,https://www.impo.com.uy/bases/leyes/18293-2008,"BRUM, Baltasar. LICEO Nº 13 MONTEVIDEO. DESIGNACION.",26378,0,0
2008-05-16,18292,https://parlamento.gub.uy/documentosyleyes/leyes/ley/18292,https://www.impo.com.uy/bases/leyes/18292-2008,"BULGARIA. ESCUELA Nº 364 TIEMPO COMPLETO Dpto. MONTEVIDEO. DENOMINACION.",30631,0,0
2008-05-16,18291,https://parlamento.gub.uy/documentosyleyes/leyes/ley/18291,https://www.impo.com.uy/bases/leyes/18291-2008,"DIA DEL TECNICO (INTERNACIONAL) - 6 SETIEMBRE. DECLARACION.",29398,0,0
2008-05-16,18290,https://parlamento.gub.uy/documentosyleyes/leyes/ley/18290,https://www.impo.com.uy/bases/leyes/18290-2008,"QUINTEROS, Elena. ESCUELA Nº 181 MONTEVIDEO. DESIGNACION.",33102,0,0
2008-05-16,18289,https://parlamento.gub.uy/documentosyleyes/leyes/ley/18289,https://www.impo.com.uy/bases/leyes/18289-2008,"FORTEZA, María Inés. ESCUELA RURAL Nº 48 SALTO. DENOMINACION.",31473,0,0
2008-05-16,18288,https://parlamento.gub.uy/documentosyleyes/leyes/ley/18288,https://www.impo.com.uy/bases/leyes/18288-2008,"HARRIS, Paul. ESCUELA Nº 74 SARANDI DEL YI - DURAZNO. DESIGNACION.",26907,0,0
2008-05-16,18287,https://parlamento.gub.uy/documentosyleyes/leyes/ley/18287,https://www.impo.com.uy/bases/leyes/18287-2008,"BUSTOS SPINELLI, Alvaro. ESCUELA TECNICA DE ROSARIO COLONIA. DESIGNACION.",26586,0,0
2008-05-16,18286,https://parlamento.gub.uy/documentosyleyes/leyes/ley/18286,https://www.impo.com.uy/bases/leyes/18286-2008,"MOROSOLI, Juan José. ESCUELA Nº 61 TIEMPO COMPLETO DE PUEBLO GERONA -  MALDONADO.",30944,0,0
2008-05-16,18285,https://parlamento.gub.uy/documentosyleyes/leyes/ley/18285,https://www.impo.com.uy/bases/leyes/18285-2008,"CONSEJO CONSULTIVO DERECHOS NIÑO Y ADOLESCENTE (NACIONAL HONORARIA).  INTEGRACION. INCLUSION MIDES.",32253,1,0
2008-05-16,18284,https://parlamento.gub.uy/documentosyleyes/leyes/ley/18284,https://www.impo.com.uy/bases/leyes/18284-2008,"INSTITUTO CINE Y AUDIOVISUAL URUGUAY (ICAU). CREACION.",34296,4,1
2008-05-16,18283,https://parlamento.gub.uy/documentosyleyes/leyes/ley/18283,https://www.impo.com.uy/bases/leyes/18283-2008,"REGISTRO PENSIONES MVOTMA. CREACION.",31474,4,0
2008-05-16,18282,https://parlamento.gub.uy/documentosyleyes/leyes/ley/18282,https://www.impo.com.uy/bases/leyes/18282-2008,"MOZOS CORDEL. SEGURO DESOCUPACION. PLAZO. PRORROGA.",35207,2,0
2008-05-16,18281,https://parlamento.gub.uy/documentosyleyes/leyes/ley/18281,https://www.impo.com.uy/bases/leyes/18281-2008,"RODRIGUEZ PAIVA, Pedro Benardino (TIDE). ESCUELA RURAL 79 MASOLLER (RIVERA).  DENOMINACION.",30360,0,0
2008-05-16,18280,https://parlamento.gub.uy/documentosyleyes/leyes/ley/18280,https://www.impo.com.uy/bases/leyes/18280-2008,"LAMAS, Alfonso. ESCUELA 45 PLAYA VERDE (MALDONADO). DENOMINACION.",28914,0,0
2008-05-16,18279,https://parlamento.gub.uy/documentosyleyes/leyes/ley/18279,https://www.impo.com.uy/bases/leyes/18279-2008,"LOS INMIGRANTES. ESCUELA AGRARIA SALTO (DPTO). DENOMINACION.",30938,0,0
2008-05-16,18278,https://parlamento.gub.uy/documentosyleyes/leyes/ley/18278,https://www.impo.com.uy/bases/leyes/18278-2008,"CONGRESO UNION POSTAL UNIVERSAL. DECISIONES. APROBACION.",33625,0,0
2008-05-16,18277,https://parlamento.gub.uy/documentosyleyes/leyes/ley/18277,https://www.impo.com.uy/bases/leyes/18277-2008,"ARMENIA-URUGUAY. PROMOCION Y PROTECCION INVERSIONES. CONVENIO. APROBACION.",33643,0,0
2008-04-26,18276,https://parlamento.gub.uy/documentosyleyes/leyes/ley/18276,https://www.impo.com.uy/bases/leyes/18276-2008,"COMPRAS ESTADO. PAGO INTERESES COMERCIALES. EXONERACION.",34280,1,0
2008-04-25,18275,https://parlamento.gub.uy/documentosyleyes/leyes/ley/18275,https://www.impo.com.uy/bases/leyes/18275-2008,"DIRECTORIO ADMINISTRACION SERVICIOS SALUD ESTADO (ASSE). CARGOS CONFIANZA.  REMUNERACION. REGIMEN.",34186,3,0
2008-04-25,18274,https://parlamento.gub.uy/documentosyleyes/leyes/ley/18274,https://www.impo.com.uy/bases/leyes/18274-2008,"PRESO Y PERSEGUIDO POLITICO O SINDICAL. PENSION ESPECIAL REPARATORIA Y  RECUPERACION DERECHOS JUBILATORIOS. PETICION. PLAZO. PRORROGA.",35148,1,0
2008-04-25,18273,https://parlamento.gub.uy/documentosyleyes/leyes/ley/18273,https://www.impo.com.uy/bases/leyes/18273-2008,"FONDO LATINOAMERICANO RESERVAS (FLAR). URUGUAY. ADHESION. APROBACION.",33337,0,0
2008-04-19,18272,https://parlamento.gub.uy/documentosyleyes/leyes/ley/18272,https://www.impo.com.uy/bases/leyes/18272-2008,"DIAZ MAYNARD, Daniel. SALA 7 EDIFICIO José ARTIGAS. PALACIO LEGISLATIVO.  DENOMINACION.",32511,0,0
2008-04-19,18270,https://parlamento.gub.uy/documentosyleyes/leyes/ley/18270,https://www.impo.com.uy/bases/leyes/18270-2008,"CONVENCION DERECHOS JOVENES (IBEROAMERICANA). APROBACION.",31245,0,0
2008-04-19,18269,https://parlamento.gub.uy/documentosyleyes/leyes/ley/18269,https://www.impo.com.uy/bases/leyes/18269-2008,"PAISES BAJOS. URUGUAY. CONVENIO SEGURIDAD SOCIAL Y ACUERDO ADMINISTRATIVO  IMPLEMENTACION. APROBACION.",32372,0,0
2008-04-17,18268,https://parlamento.gub.uy/documentosyleyes/leyes/ley/18268,https://www.impo.com.uy/bases/leyes/18268-2008,"GARRAPATA. ERRADICACION. INTERES NACIONAL. DECLARACION.",33650,6,0
2008-04-17,18267,https://parlamento.gub.uy/documentosyleyes/leyes/ley/18267,https://www.impo.com.uy/bases/leyes/18267-2008,"THIEULENT, Carlos María. LICEO 5 RIVERA (RIVERA). DENOMINACION.",29716,0,0
2008-04-17,18266,https://parlamento.gub.uy/documentosyleyes/leyes/ley/18266,https://www.impo.com.uy/bases/leyes/18266-2008,"RODRIGUEZ CANALE de BARRIOS, Raquel. ESCUELA 19 BARRA MALDONADO (MALDONADO).  DENOMINACION.",28649,0,0
2008-04-17,18265,https://parlamento.gub.uy/documentosyleyes/leyes/ley/18265,https://www.impo.com.uy/bases/leyes/18265-2008,"BARCO ARMADA ROU CAPITAN MIRANDA. SALIDA PAIS. AUTORIZACION.",34918,0,0
2008-04-14,18264,https://parlamento.gub.uy/documentosyleyes/leyes/ley/18264,https://www.impo.com.uy/bases/leyes/18264-2008,"MACEDO SARAVIA, Julio. INSTITUTO FORMACION DOCENTE (TREINTA Y TRES).  DENOMINACION.",29446,0,0
2008-04-08,18271,https://parlamento.gub.uy/documentosyleyes/leyes/ley/18271,https://www.impo.com.uy/bases/leyes/18271-2008,"HAITI. MISION ONU (MINUSTAH). AVIACION FUERZA AEREA. SALIDA PAIS.  AUTORIZACION.",35086,0,0
2008-04-04,18263,https://parlamento.gub.uy/documentosyleyes/leyes/ley/18263,https://www.impo.com.uy/bases/leyes/18263-2008,"DIA NO VIOLENCIA (NACIONAL) - 11 MARZO. DECLARACION.",34641,0,0
2008-03-14,18262,https://parlamento.gub.uy/documentosyleyes/leyes/ley/18262,https://www.impo.com.uy/bases/leyes/18262-2008,"TRABAJADORES EMPRESA DAROK S.A. SEGURO DESOCUPACION. PRORROGA.",34859,1,3
2008-03-14,18261,https://parlamento.gub.uy/documentosyleyes/leyes/ley/18261,https://www.impo.com.uy/bases/leyes/18261-2008,"RENTAS ACTIVIDADES ECONOMICAS (IMPUESTO). AJUSTE INFLACION. CALCULO.  MODIFICACION.",34630,0,0
2008-03-14,18260,https://parlamento.gub.uy/documentosyleyes/leyes/ley/18260,https://www.impo.com.uy/bases/leyes/18260-2008,"ISLAS CANARIAS. ESCUELA 98 (MALDONADO). DENOMINACION.",31612,0,0
2008-03-14,18259,https://parlamento.gub.uy/documentosyleyes/leyes/ley/18259,https://www.impo.com.uy/bases/leyes/18259-2008,"PESCADOR ARTESANAL DAMNIFICADO VEDA PESCA RIO URUGUAY. INDEMNIZACION.",34902,0,0
2008-03-11,18258,https://parlamento.gub.uy/documentosyleyes/leyes/ley/18258,https://www.impo.com.uy/bases/leyes/18258-2008,"MAUAD, Salvador. CAMPAMENTO PARQUE DEL PLATA (CANELONES). DENOMINACION.",33583,0,0
2008-03-11,18257,https://parlamento.gub.uy/documentosyleyes/leyes/ley/18257,https://www.impo.com.uy/bases/leyes/18257-2008,"ISLAS BALEARES. ESCUELA 317 (MONTEVIDEO). DENOMINACION.",32420,0,0
2008-03-06,18256,https://parlamento.gub.uy/documentosyleyes/leyes/ley/18256,https://www.impo.com.uy/bases/leyes/18256-2008,"TABACO. CONSUMO Y COMERCIALIZACION. REGLAMENTACION.",29308,5,5
2008-02-20,18255,https://parlamento.gub.uy/documentosyleyes/leyes/ley/18255,https://www.impo.com.uy/bases/leyes/18255-2008,"TRABAJADORES EMPRESA ""RILOMAN S.A."" SEGURO DESOCUPACION. PRORROGA.",34808,2,2
2008-02-20,18254,https://parlamento.gub.uy/documentosyleyes/leyes/ley/18254,https://www.impo.com.uy/bases/leyes/18254-2008,"DOPAJE EN DEPORTE. CONVENIO. APROBACION.",33972,0,1
2008-02-20,18253,https://parlamento.gub.uy/documentosyleyes/leyes/ley/18253,https://www.impo.com.uy/bases/leyes/18253-2008,"ORGANIZACION PROPIEDAD INTELECTUAL (OMPI). INTERPRETACION O EJECUCION Y  FONOGRAMAS. CONVENIO. APROBACION.",28460,0,0
2008-02-20,18252,https://parlamento.gub.uy/documentosyleyes/leyes/ley/18252,https://www.impo.com.uy/bases/leyes/18252-2008,"CAMPAÑA ANTARTICA 2008. BARCO ARMADA ROU OYARVIDE. SALIDA PAIS. AUTORIZACION.",34805,0,0
2008-01-06,18251,https://parlamento.gub.uy/documentosyleyes/leyes/ley/18251,https://www.impo.com.uy/bases/leyes/18251-2008,"TERCERIZACION EMPRESARIAL. RESPONSABILIDAD. REGIMEN.",34355,4,1
2008-01-06,18250,https://parlamento.gub.uy/documentosyleyes/leyes/ley/18250,https://www.impo.com.uy/bases/leyes/18250-2008,"MIGRACION. REGIMEN. MODIFICACION.",32521,2,9
2008-01-06,18249,https://parlamento.gub.uy/documentosyleyes/leyes/ley/18249,https://www.impo.com.uy/bases/leyes/18249-2008,"MERCOSUR-URUGUAY. SEDE PARLAMENTO MERCOSUR. CONVENIO. APROBACION.",34150,0,0
2008-01-03,18248,https://parlamento.gub.uy/documentosyleyes/leyes/ley/18248,https://www.impo.com.uy/bases/leyes/18248-2008,"SECRETARIA IBEROAMERICANA (SEGIB)-URUGUAY. SEDE CENTRO INFORMACION. CONVENIO.  APROBACION.",34640,0,0
2007-12-31,18247,https://parlamento.gub.uy/documentosyleyes/leyes/ley/18247,https://www.impo.com.uy/bases/leyes/18247-2007,"CAMPAÑA ANTARTICA 2008. OPERACION ANTARKOS XXIV. BARCO ROU VANGUARDIA. SALIDA PAIS. AUTORIZACION.",34639,0,0
2007-12-27,18246,https://parlamento.gub.uy/documentosyleyes/leyes/ley/18246,https://www.impo.com.uy/bases/leyes/18246-2007,"UNION CONCUBINARIA. DERECHOS Y OBLIGACIONES. REGIMEN.",26117,4,13
2007-12-27,18245,https://parlamento.gub.uy/documentosyleyes/leyes/ley/18245,https://www.impo.com.uy/bases/leyes/18245-2007,"INMUEBLES FORESTADOS. CONTRIBUCION INMOBILIARIA RURAL. PAGO REGIMEN.",34620,1,1
2007-12-27,18244,https://parlamento.gub.uy/documentosyleyes/leyes/ley/18244,https://www.impo.com.uy/bases/leyes/18244-2007,"DEUDOR ALIMENTARIO MOROSO. INHABILITACIONES. DETERMINACION.",29403,1,0
2007-12-27,18243,https://parlamento.gub.uy/documentosyleyes/leyes/ley/18243,https://www.impo.com.uy/bases/leyes/18243-2007,"BANCO SEGUROS ESTADO. CARTA ORGANICA. MODIFICACION.",32615,2,1
2007-12-27,18242,https://parlamento.gub.uy/documentosyleyes/leyes/ley/18242,https://www.impo.com.uy/bases/leyes/18242-2007,"LACTEOS. PRODUCCION. FOMENTO. DESARROLLO Y REGULACION.",32637,4,1
2007-12-27,18241,https://parlamento.gub.uy/documentosyleyes/leyes/ley/18241,https://www.impo.com.uy/bases/leyes/18241-2007,"SUBSIDIO BPS PERSONAS CARENCIADAS 65-70 AÑOS. OTORGAMIENTO.",34558,2,0
2007-12-27,18240,https://parlamento.gub.uy/documentosyleyes/leyes/ley/18240,https://www.impo.com.uy/bases/leyes/18240-2007,"PROGRAMA URUGUAY TRABAJA. CREACION.",34201,1,2
2007-12-27,18239,https://parlamento.gub.uy/documentosyleyes/leyes/ley/18239,https://www.impo.com.uy/bases/leyes/18239-2007,"CAJA NOTARIAL SEGURIDAD SOCIAL. REGIMEN. MODIFICACION.",32950,2,4
2007-12-26,18238,https://parlamento.gub.uy/documentosyleyes/leyes/ley/18238,https://www.impo.com.uy/bases/leyes/18238-2007,"TEATRO EL GALPON (MONTEVIDEO). INDEMNIZACION. PAGO.",34436,0,0
2007-12-26,18237,https://parlamento.gub.uy/documentosyleyes/leyes/ley/18237,https://www.impo.com.uy/bases/leyes/18237-2007,"PROCESOS JUDICIALES. USO DOCUMENTOS ELECTRONICOS, FIRMA ELECTRONICA Y FIRMA  DIGITAL. AUTORIZACION.",33776,0,1
2007-12-26,18236,https://parlamento.gub.uy/documentosyleyes/leyes/ley/18236,https://www.impo.com.uy/bases/leyes/18236-2007,"FONDO CESANTIA  Y RETIRO DE LA CONSTRUCCION. CREACION.",34154,3,3
2007-12-26,18235,https://parlamento.gub.uy/documentosyleyes/leyes/ley/18235,https://www.impo.com.uy/bases/leyes/18235-2007,"TRABAJADORES EMPRESAS CLAUSURADAS GOBIERNO FACTO. RECUPERACION DERECHOS  JUBILATORIOS. REGIMEN.",34527,1,0
2007-12-26,18234,https://parlamento.gub.uy/documentosyleyes/leyes/ley/18234,https://www.impo.com.uy/bases/leyes/18234-2007,"SEREGNI, Liber. PUENTE SOBRE RIO NEGRO EN RUTA 2. DENOMINACION.",27401,0,0
2007-12-22,18233,https://parlamento.gub.uy/documentosyleyes/leyes/ley/18233,https://www.impo.com.uy/bases/leyes/18233-2007,"ARMAS FUEGO Y MUNICIONES. FABRICACION Y TRAFICO ILICITOS. CONVENIO ONU.  PROTOCOLO. APROBACION.",27068,0,0
2007-12-22,18232,https://parlamento.gub.uy/documentosyleyes/leyes/ley/18232,https://www.impo.com.uy/bases/leyes/18232-2007,"SERVICIO RADIODIFUSION COMUNITARIA. REGLAMENTACION.",28340,3,4
2007-12-22,18231,https://parlamento.gub.uy/documentosyleyes/leyes/ley/18231,https://www.impo.com.uy/bases/leyes/18231-2007,"CASINO MUNICIPAL HOTEL CASINO CARRASCO. CONCESION EXPLOTACION. LICITACION.  AUTORIZACION.",33912,1,0
2007-12-22,18230,https://parlamento.gub.uy/documentosyleyes/leyes/ley/18230,https://www.impo.com.uy/bases/leyes/18230-2007,"EL SALVADOR-URUGUAY. PREVENCION Y REPRESION. TRAFICO ILICITO ESTUPEFACIENTES  Y SUSTANCIAS SICOTROPICAS. CONVENIO. APROBACION.",30556,0,0
2007-12-22,18229,https://parlamento.gub.uy/documentosyleyes/leyes/ley/18229,https://www.impo.com.uy/bases/leyes/18229-2007,"ISRAEL-URUGUAY. COOPERACION SALUD Y MEDICINA. CONVENIO. APROBACION.",31821,0,0
2007-12-22,18228,https://parlamento.gub.uy/documentosyleyes/leyes/ley/18228,https://www.impo.com.uy/bases/leyes/18228-2007,"BRASIL-URUGUAY. PUENTE INTERNACIONAL (II) YAGUARON-RIO BRANCO. CONSTRUCCION.  CONVENIO. APROBACION.",32461,0,0
2007-12-22,18227,https://parlamento.gub.uy/documentosyleyes/leyes/ley/18227,https://www.impo.com.uy/bases/leyes/18227-2007,"ASIGNACIONES FAMILIARES. REGIMEN. MODIFICACION.",33605,6,6
2007-12-22,18226,https://parlamento.gub.uy/documentosyleyes/leyes/ley/18226,https://www.impo.com.uy/bases/leyes/18226-2007,"CHINA-URUGUAY. CREDITO PREFERENCIAL. CONVENIO MARCO. APROBACION.",31532,0,0
2007-12-22,18225,https://parlamento.gub.uy/documentosyleyes/leyes/ley/18225,https://www.impo.com.uy/bases/leyes/18225-2007,"HAITI. OPERACION PAZ ONU. PERMANENCIA CONTINGENTE MILITAR. PRORROGA.",34007,1,0
2007-12-22,18224,https://parlamento.gub.uy/documentosyleyes/leyes/ley/18224,https://www.impo.com.uy/bases/leyes/18224-2007,"MERCOSUR-BOLIVIA Y CHILE. INMIGRACION. EXENCION TRADUCCION DOCUMENTOS  ADMINISTRATIVOS. CONVENIO. APROBACION.",31823,0,0
2007-12-22,18223,https://parlamento.gub.uy/documentosyleyes/leyes/ley/18223,https://www.impo.com.uy/bases/leyes/18223-2007,"NICARAGUA-URUGUAY. COOPERACION TECNICA Y CIENTIFICA. CONVENIO MARCO.  APROBACION.",31610,0,0
2007-12-20,18222,https://parlamento.gub.uy/documentosyleyes/leyes/ley/18222,https://www.impo.com.uy/bases/leyes/18222-2007,"BPS. RETENCION PASIVIDADES RESIDENTES HOGARES ANCIANOS. OBLIGATORIEDAD.",27907,5,2
2007-12-20,18221,https://parlamento.gub.uy/documentosyleyes/leyes/ley/18221,https://www.impo.com.uy/bases/leyes/18221-2007,"IMESI. COMBUSTIBLES. MODIFICACION.",34294,1,1
2007-12-20,18220,https://parlamento.gub.uy/documentosyleyes/leyes/ley/18220,https://www.impo.com.uy/bases/leyes/18220-2007,"SISTEMA ARCHIVOS (NACIONAL). CREACION.",32407,0,3
2007-12-20,18219,https://parlamento.gub.uy/documentosyleyes/leyes/ley/18219,https://www.impo.com.uy/bases/leyes/18219-2007,"PRODUCTOR RURAL DEUDOR. CANCELACION CON INMUEBLE. REGIMEN.",33684,4,1
2007-12-16,18218,https://parlamento.gub.uy/documentosyleyes/leyes/ley/18218,https://www.impo.com.uy/bases/leyes/18218-2007,"LICENCIA LEGISLADOR. AGOTAMIENTO LISTA SUPLENTES. PROCLAMACION. MODIFICACION.",32343,0,0
2007-12-09,18217,https://parlamento.gub.uy/documentosyleyes/leyes/ley/18217,https://www.impo.com.uy/bases/leyes/18217-2007,"COMBUSTIBLES AVIACION Y GASOIL. IMESI. MODIFICACION.",34091,1,0
2007-12-09,18216,https://parlamento.gub.uy/documentosyleyes/leyes/ley/18216,https://www.impo.com.uy/bases/leyes/18216-2007,"SOCIEDADES ASISTENCIA MEDICA. APORTES PATRONALES. EXONERACION TRANSITORIA.",33997,1,0
2007-12-09,18215,https://parlamento.gub.uy/documentosyleyes/leyes/ley/18215,https://www.impo.com.uy/bases/leyes/18215-2007,"FRAILE MUERTO (CERRO LARGO). ANIVERSARIO FUNDACION (100). FERIADO.  DECLARACION.",32263,0,0
2007-12-09,18214,https://parlamento.gub.uy/documentosyleyes/leyes/ley/18214,https://www.impo.com.uy/bases/leyes/18214-2007,"CASTIGO FISICO MENORES. PROHIBICION. CODIGO NIÑEZ ADOLESCENCIA. MODIFICACION.",31321,1,0
2007-12-05,18213,https://parlamento.gub.uy/documentosyleyes/leyes/ley/18213,https://www.impo.com.uy/bases/leyes/18213-2007,"EDUCACION FISICA. ENSEÑANZA EN ESCUELAS PRIMARIAS. OBLIGATORIEDAD.",31553,0,0
2007-12-05,18212,https://parlamento.gub.uy/documentosyleyes/leyes/ley/18212,https://www.impo.com.uy/bases/leyes/18212-2007,"USURA. DELITO. MODIFICACION.",27846,12,3
2007-12-05,18211,https://parlamento.gub.uy/documentosyleyes/leyes/ley/18211,https://www.impo.com.uy/bases/leyes/18211-2007,"SISTEMA INTEGRADO SALUD (NACIONAL). CREACION.",32006,14,25
2007-12-03,18210,https://parlamento.gub.uy/documentosyleyes/leyes/ley/18210,https://www.impo.com.uy/bases/leyes/18210-2007,"TRABAJADORES FIBRATEX S.A. SEGURO DESOCUPACION. PRORROGA.",34153,1,2
2007-12-03,18209,https://parlamento.gub.uy/documentosyleyes/leyes/ley/18209,https://www.impo.com.uy/bases/leyes/18209-2007,"CAMINO DE LOS INDIOS. TRAMO RUTA NACIONAL No. 16. DENOMINACION.",31834,0,0
2007-12-03,18208,https://parlamento.gub.uy/documentosyleyes/leyes/ley/18208,https://www.impo.com.uy/bases/leyes/18208-2007,"CORREA PAIVA, Bernardino. ESCUELA No. 50 RURAL SARANDI DE ARAPEY - SALTO.  DESIGNACION.",31074,0,0
2007-12-03,18207,https://parlamento.gub.uy/documentosyleyes/leyes/ley/18207,https://www.impo.com.uy/bases/leyes/18207-2007,"BOGA, Eduardo Víctor. ESCUELA No. 120 (JARDIN INFANTES) CIUDAD DE CARDONA -  SORIANO. DESIGNACION.",27673,0,0
2007-12-03,18206,https://parlamento.gub.uy/documentosyleyes/leyes/ley/18206,https://www.impo.com.uy/bases/leyes/18206-2007,"FESTIVAL INTEGRACION REGIONAL LASCANO (ROCHA). INTERES CULTURAL. DECLARACION.",29121,0,0
2007-12-03,18205,https://parlamento.gub.uy/documentosyleyes/leyes/ley/18205,https://www.impo.com.uy/bases/leyes/18205-2007,"CIUDAD EDUCATIVA. SAN RAMON (CANELONES). DECLARACION.",33259,0,0
2007-12-03,18204,https://parlamento.gub.uy/documentosyleyes/leyes/ley/18204,https://www.impo.com.uy/bases/leyes/18204-2007,"REPUBLICA DE CROACIA. ESCUELA No. 275 DEPARTAMENTO DE MONTEVIDEO.  DESIGNACION.",29227,0,0
2007-12-03,18203,https://parlamento.gub.uy/documentosyleyes/leyes/ley/18203,https://www.impo.com.uy/bases/leyes/18203-2007,"REPUBLICA ITALIANA. ESCUELA No. 90 DEPARTAMENTO DE ROCHA. DESIGNACION.",30850,0,0
2007-12-03,18202,https://parlamento.gub.uy/documentosyleyes/leyes/ley/18202,https://www.impo.com.uy/bases/leyes/18202-2007,"AUSTRALIA. ESCUELA No. 141 DEPARTAMENTO DE CANELONES. DESIGNACION.",31820,0,0
2007-12-03,18201,https://parlamento.gub.uy/documentosyleyes/leyes/ley/18201,https://www.impo.com.uy/bases/leyes/18201-2007,"SOSA, Jesualdo. ESCUELA No. 329 DEL DEPARTAMENTO DE MONTEVIDEO. DESIGNACION.",29782,0,0
2007-12-03,18200,https://parlamento.gub.uy/documentosyleyes/leyes/ley/18200,https://www.impo.com.uy/bases/leyes/18200-2007,"SOLER, Amadeo. ESCUELA No. 19 DEPARTAMENTO DE COLONIA. DESIGNACION.",24627,0,0
2007-11-21,18199,https://parlamento.gub.uy/documentosyleyes/leyes/ley/18199,https://www.impo.com.uy/bases/leyes/18199-2007,"BONNET, Juan Alberto. DENOMINACION PLAZA DE DEPORTES COLONIA VALDENSE -  COLONIA.",28868,0,0
2007-11-21,18198,https://parlamento.gub.uy/documentosyleyes/leyes/ley/18198,https://www.impo.com.uy/bases/leyes/18198-2007,"FUERZAS ARMADAS. LEY ORGANICA. MODIFICACION.",32727,2,0
2007-11-20,18197,https://parlamento.gub.uy/documentosyleyes/leyes/ley/18197,https://www.impo.com.uy/bases/leyes/18197-2007,"PERSONAL EDIFICIOS PROPIEDAD HORIZONTAL. REGIMEN TRABAJO. FIJACION.",28325,2,0
2007-11-18,18196,https://parlamento.gub.uy/documentosyleyes/leyes/ley/18196,https://www.impo.com.uy/bases/leyes/18196-2007,"IMPO. ACTIVIDADES INTERES EDUCATIVO. PROMOCION Y DIFUSION. INCORPORACION.",31192,1,0
2007-11-14,18195,https://parlamento.gub.uy/documentosyleyes/leyes/ley/18195,https://www.impo.com.uy/bases/leyes/18195-2007,"AGROCOMBUSTIBLES. COMERCIO. PRODUCCION Y USO. REGIMEN.",30183,12,1
2007-11-14,18194,https://parlamento.gub.uy/documentosyleyes/leyes/ley/18194,https://www.impo.com.uy/bases/leyes/18194-2007,"INMUEBLE MGAP (DPTO.). TRANSFERENCIA INTENDENCIA ROCHA.",34250,0,0
2007-11-14,18193,https://parlamento.gub.uy/documentosyleyes/leyes/ley/18193,https://www.impo.com.uy/bases/leyes/18193-2007,"MEDICOS. ACUMULACION CARGOS PUBLICOS. INCOMPATIBILIDAD. DEROGACION.",32221,2,0
2007-11-14,18192,https://parlamento.gub.uy/documentosyleyes/leyes/ley/18192,https://www.impo.com.uy/bases/leyes/18192-2007,"PRESO Y PERSEGUIDO POLITICO O SINDICAL. PENSION ESPECIAL REPARATORIA Y  RECUPERACION DERECHOS JUBILATORIOS. PETICIONES. PLAZO. PRORROGA.",33620,1,0
2007-11-14,18191,https://parlamento.gub.uy/documentosyleyes/leyes/ley/18191,https://www.impo.com.uy/bases/leyes/18191-2007,"TRANSITO Y SEÑALIZACION VIAL. SEGURO OBLIGATORIO CONTRA TERCEROS.  REGLAMENTACION.",29951,3,8
2007-11-14,18190,https://parlamento.gub.uy/documentosyleyes/leyes/ley/18190,https://www.impo.com.uy/bases/leyes/18190-2007,"EJERCICIO COMBINADO INTEGRACION I. EFECTIVOS MILITARES. SALIDA PAIS.  AUTORIZACION.",33851,0,0
2007-11-14,18189,https://parlamento.gub.uy/documentosyleyes/leyes/ley/18189,https://www.impo.com.uy/bases/leyes/18189-2007,"BEITLER, Jaime. DESIGNACION LICEO FRAILE MUERTO - CERRO LARGO.",29805,0,0
2007-11-02,18188,https://parlamento.gub.uy/documentosyleyes/leyes/ley/18188,https://www.impo.com.uy/bases/leyes/18188-2007,"FIESTA CORDERO PESADO SARANDI DEL YI (DURAZNO). INTERES CULTURAL.  DECLARACION.",33103,0,0
2007-11-02,18187,https://parlamento.gub.uy/documentosyleyes/leyes/ley/18187,https://www.impo.com.uy/bases/leyes/18187-2007,"INSTITUTO COLONIZACION (NACIONAL). REPOBLACION ZONA RURAL. RECURSOS. REGIMEN.",26699,5,9
2007-11-01,18186,https://parlamento.gub.uy/documentosyleyes/leyes/ley/18186,https://www.impo.com.uy/bases/leyes/18186-2007,"GABARROT, Homero. DESIGNACION PLAZA DE DEPORTES CIUDAD DE CARMELO - COLONIA.",26376,0,0
2007-10-29,18185,https://parlamento.gub.uy/documentosyleyes/leyes/ley/18185,https://www.impo.com.uy/bases/leyes/18185-2007,"CROTTOGINI, Juan José. DENOMINACION HOSPITAL SANATORIO ESPAÑOL.",32112,0,0
2007-10-27,18184,https://parlamento.gub.uy/documentosyleyes/leyes/ley/18184,https://www.impo.com.uy/bases/leyes/18184-2007,"IMPORTACIONES. ADMISION TEMPORARIA, TOMA STOCK Y REGIMEN DEVOLUTIVO. REGULACION.",28427,2,2
2007-10-26,18183,https://parlamento.gub.uy/documentosyleyes/leyes/ley/18183,https://www.impo.com.uy/bases/leyes/18183-2007,"PERSONAL MILITAR. TAREAS RIESGO. COMPUTO SERVICIOS. BONIFICACION.  MODIFICACION.",29826,2,0
2007-10-26,18182,https://parlamento.gub.uy/documentosyleyes/leyes/ley/18182,https://www.impo.com.uy/bases/leyes/18182-2007,"EMPRESAS PUBLICAS. MIEMBROS ORGANOS CONTRALOR INTERNO. RESPONSABILIDAD CIVIL  Y TRIBUTARIA. DETERMINACION.",27973,1,0
2007-10-12,18181,https://parlamento.gub.uy/documentosyleyes/leyes/ley/18181,https://www.impo.com.uy/bases/leyes/18181-2007,"ELECCIONES UNIVERSIDAD REPUBLICA. REALIZACION. RECURSOS. OTORGAMIENTO.",33385,1,0
2007-10-05,18180,https://parlamento.gub.uy/documentosyleyes/leyes/ley/18180,https://www.impo.com.uy/bases/leyes/18180-2007,"BOLETO TRANSPORTE COLECTIVO. REDUCCION. SUBSIDIO. REGIMEN.",33886,0,1
2007-09-30,18179,https://parlamento.gub.uy/documentosyleyes/leyes/ley/18179,https://www.impo.com.uy/bases/leyes/18179-2007,"COOPERATIVA COOPDY. TRABAJADORES. SEGURO DESOCUPACION. PRORROGA.",33528,1,0
2007-09-08,18178,https://parlamento.gub.uy/documentosyleyes/leyes/ley/18178,https://www.impo.com.uy/bases/leyes/18178-2007,"AERONAVE FUERZA AEREA ARGENTINA. INGRESO TERRITORIO NACIONAL. AUTORIZACION.",33386,0,0
2007-09-08,18177,https://parlamento.gub.uy/documentosyleyes/leyes/ley/18177,https://www.impo.com.uy/bases/leyes/18177-2007,"BANDA MUSICOS EJERCITO NACIONAL Eugenio GARZON. CONCURRENCIA CELEBRACIONES  PATRIAS CHILE. SALIDA PAIS. AUTORIZACION.",33017,0,0
2007-09-08,18176,https://parlamento.gub.uy/documentosyleyes/leyes/ley/18176,https://www.impo.com.uy/bases/leyes/18176-2007,"BARCO ROU VANGUARDIA. CONCURRENCIA FESTEJOS INDEPENDENCIA BRASIL. SALIDA  PAIS. AUTORIZACION.",33291,0,0
2007-09-01,18175,https://parlamento.gub.uy/documentosyleyes/leyes/ley/18175,https://www.impo.com.uy/bases/leyes/18175-2007,"RUSIA-URUGUAY. ESTUPEFACIENTES Y SUSTANCIAS PSICOTROPICAS. TRAFICO ILICITO Y  USO INDEBIDO. CONVENIO. APROBACION.",27607,0,0
2007-09-01,18174,https://parlamento.gub.uy/documentosyleyes/leyes/ley/18174,https://www.impo.com.uy/bases/leyes/18174-2007,"INDEPENDENCIA BRASIL Y URUGUAY. ACTOS CONMEMORATIVOS. EFECTIVOS MILITARES.  INGRESO Y SALIDA PAIS. AUTORIZACION.",33292,0,0
2007-08-31,18173,https://parlamento.gub.uy/documentosyleyes/leyes/ley/18173,https://www.impo.com.uy/bases/leyes/18173-2007,"OPERACION PANAMAX 2007. BARCO ROU GENERAL ARTIGAS. SALIDA PAIS. AUTORIZACION.",33212,0,0
2007-08-31,18172,https://parlamento.gub.uy/documentosyleyes/leyes/ley/18172,https://www.impo.com.uy/bases/leyes/18172-2007,"RENDICION CUENTAS 2006. APROBACION.",32634,82,29
2007-08-27,18171,https://parlamento.gub.uy/documentosyleyes/leyes/ley/18171,https://www.impo.com.uy/bases/leyes/18171-2007,"MACCIO, Pedro Alberto. ESCUELA 56 (MONTEVIDEO). DENOMINACION.",30632,0,0
2007-08-27,18170,https://parlamento.gub.uy/documentosyleyes/leyes/ley/18170,https://www.impo.com.uy/bases/leyes/18170-2007,"TRABAJADORES EMPRESA RILOMAN S.A. SEGURO DESOCUPACION. PRORROGA.",33229,2,1
2007-08-25,18169,https://parlamento.gub.uy/documentosyleyes/leyes/ley/18169,https://www.impo.com.uy/bases/leyes/18169-2007,"TRANSPORTE AEREO INTERNACIONAL. UNIFICACION REGLAS. CONVENIO MONTREAL.  APROBACION.",28482,0,0
2007-08-12,18168,https://parlamento.gub.uy/documentosyleyes/leyes/ley/18168,https://www.impo.com.uy/bases/leyes/18168-2007,"BCU, BROU Y BSE. EX FUNCIONARIOS BANCO CREDITO. CONTRATACION. AUTORIZACION.",31725,3,1
2007-08-11,18167,https://parlamento.gub.uy/documentosyleyes/leyes/ley/18167,https://www.impo.com.uy/bases/leyes/18167-2007,"POLICIA DELITO ELECTORAL ELECCIONES INTERNAS PARTIDOS POLITICOS JUNIO 2004.  AMNISTIA.",32522,0,0
2007-08-10,18166,https://parlamento.gub.uy/documentosyleyes/leyes/ley/18166,https://www.impo.com.uy/bases/leyes/18166-2007,"MEXICO-URUGUAY. TRATADO LIBRE COMERCIO. CANJE DE NOTAS. CONVENIOS.  APROBACION.",29985,0,0
2007-08-04,18165,https://parlamento.gub.uy/documentosyleyes/leyes/ley/18165,https://www.impo.com.uy/bases/leyes/18165-2007,"BARCO ROU GENERAL ARTIGAS. HAITI. OPERACION PAZ ONU. RELEVO TROPAS. SALIDA  PAIS. AUTORIZACION.",33192,0,0
2007-08-02,18164,https://parlamento.gub.uy/documentosyleyes/leyes/ley/18164,https://www.impo.com.uy/bases/leyes/18164-2007,"CARNE VACUNA. VENTA. IVA. EXONERACION TRANSITORIA. APROBACION.",33268,0,0
2007-07-29,18163,https://parlamento.gub.uy/documentosyleyes/leyes/ley/18163,https://www.impo.com.uy/bases/leyes/18163-2007,"HAITI. OPERACION PAZ ONU. PERMANENCIA CONTINGENTE MILITAR. PRORROGA.",33132,1,0
2007-07-29,18162,https://parlamento.gub.uy/documentosyleyes/leyes/ley/18162,https://www.impo.com.uy/bases/leyes/18162-2007,"INMUEBLE MINISTERIO SALUD PUBLICA. TRANQUERAS RIVERA (DPTO.). TRANSFERENCIA  ANEP.",32445,0,0
2007-07-29,18161,https://parlamento.gub.uy/documentosyleyes/leyes/ley/18161,https://www.impo.com.uy/bases/leyes/18161-2007,"ADMINISTRACION SERVICIOS SALUD ESTADO (ASSE). SERVICIO DESCENTRALIZADO  MINISTERIO SALUD PUBLICA. CREACION.",30495,1,7
2007-07-20,18160,https://parlamento.gub.uy/documentosyleyes/leyes/ley/18160,https://www.impo.com.uy/bases/leyes/18160-2007,"BRASIL-URUGUAY. INTERCONEXION ENERGETICA. ACUERDO MARCO. APROBACION.",29983,0,0
2007-07-20,18159,https://parlamento.gub.uy/documentosyleyes/leyes/ley/18159,https://www.impo.com.uy/bases/leyes/18159-2007,"COMPETENCIA. PROMOCION Y DEFENSA. REGIMEN",27199,4,5
2007-07-20,18158,https://parlamento.gub.uy/documentosyleyes/leyes/ley/18158,https://www.impo.com.uy/bases/leyes/18158-2007,"BRASIL-URUGUAY. ESCUELAS E INSTITUTOS PROFESIONALES Y/O TECNICOS BINACIONALES  FRONTERIZOS. CREACION. CONVENIO. APROBACION.",29772,0,0
2007-07-20,18157,https://parlamento.gub.uy/documentosyleyes/leyes/ley/18157,https://www.impo.com.uy/bases/leyes/18157-2007,"BRASIL-URUGUAY. COOPERACION POLICIAL EN INVESTIGACION, PREVENCION Y CONTROL  HECHOS DELITIVOS. CONVENIO. APROBACION.",26946,0,0
2007-07-09,18156,https://parlamento.gub.uy/documentosyleyes/leyes/ley/18156,https://www.impo.com.uy/bases/leyes/18156-2007,"DIA SEGURIDAD Y SALUD TRABAJO (MUNDIAL - 28 ABRIL). DECLARACION.",28453,0,0
2007-07-09,18155,https://parlamento.gub.uy/documentosyleyes/leyes/ley/18155,https://www.impo.com.uy/bases/leyes/18155-2007,"MACRI, María Teresa. ESCUELA 49 PIEDRA SOLA (PAYSANDU). DENOMINACION.",30563,0,0
2007-07-09,18154,https://parlamento.gub.uy/documentosyleyes/leyes/ley/18154,https://www.impo.com.uy/bases/leyes/18154-2007,"EDUCACION INICIAL. ASISTENCIA MENOR 4 AÑOS. OBLIGATORIEDAD.",27708,1,0
2007-07-09,18153,https://parlamento.gub.uy/documentosyleyes/leyes/ley/18153,https://www.impo.com.uy/bases/leyes/18153-2007,"LENA, Ruben. ESCUELA 3 MARIA ISABEL. ISLA PATRULLA (TREINTA Y TRES).  DENOMINACION.",28154,0,0
2007-07-09,18152,https://parlamento.gub.uy/documentosyleyes/leyes/ley/18152,https://www.impo.com.uy/bases/leyes/18152-2007,"SARAVIA, Aparicio. LICEO RURAL. MASOLLER (RIVERA). DENOMINACION.",26009,0,0
2007-07-09,18151,https://parlamento.gub.uy/documentosyleyes/leyes/ley/18151,https://www.impo.com.uy/bases/leyes/18151-2007,"OFICINA BANCO MUNDIAL URUGUAY. INSTALACION. CONVENIO. APROBACION.",31244,0,0
2007-07-09,18150,https://parlamento.gub.uy/documentosyleyes/leyes/ley/18150,https://www.impo.com.uy/bases/leyes/18150-2007,"GUICHON (PAYSANDU). CENTENARIO FUNDACION. FERIADO. DECLARACION.",32037,0,0
2007-07-02,18149,https://parlamento.gub.uy/documentosyleyes/leyes/ley/18149,https://www.impo.com.uy/bases/leyes/18149-2007,"PUNTA DEL ESTE (MALDONADO). ANIVERSARIO FUNDACION (100). FERIADO.  DECLARACION.",32802,0,0
2007-07-02,18148,https://parlamento.gub.uy/documentosyleyes/leyes/ley/18148,https://www.impo.com.uy/bases/leyes/18148-2007,"CERRO CHATO (DURAZNO-FLORIDA-TREINTA Y TRES). PLEBISCITO VOTO PRIMERA VEZ  MUJER. ANIVERSARIO (80). FERIADO. DECLARACION.",32801,0,0
2007-06-25,18147,https://parlamento.gub.uy/documentosyleyes/leyes/ley/18147,https://www.impo.com.uy/bases/leyes/18147-2007,"VINO. ABASTECIMIENTO INTERNO. RESERVA GARANTIA. CREACION",32011,0,0
2007-06-18,18146,https://parlamento.gub.uy/documentosyleyes/leyes/ley/18146,https://www.impo.com.uy/bases/leyes/18146-2007,"DIA DEPARTAMENTO LAVALLEJA - TIERRA LIBERTADOR 16 JULIO. DECLARACION.",32525,0,0
2007-06-18,18145,https://parlamento.gub.uy/documentosyleyes/leyes/ley/18145,https://www.impo.com.uy/bases/leyes/18145-2007,"HAEDO, Eduardo Víctor. LICEO No. 4 CIUDAD DE MALDONADO. DESIGNACION.",26074,0,0
2007-06-18,18144,https://parlamento.gub.uy/documentosyleyes/leyes/ley/18144,https://www.impo.com.uy/bases/leyes/18144-2007,"ISLA DE LAS PALOMAS. LICEO RURAL DE LA PALOMA - DURAZNO. DESIGNACION.",28872,0,0
2007-06-18,18143,https://parlamento.gub.uy/documentosyleyes/leyes/ley/18143,https://www.impo.com.uy/bases/leyes/18143-2007,"PROTECTOR DE LOS PUEBLOS LIBRES. LICEO DE CHAPICUY (PAYSANDU). DENOMINACION.",26809,0,0
2007-06-18,18142,https://parlamento.gub.uy/documentosyleyes/leyes/ley/18142,https://www.impo.com.uy/bases/leyes/18142-2007,"PERU-URUGUAY. PROTECCION, CONSERVACION, RECUPERACION Y DEVOLUCION BIENES  CULTURALES, ARQUEOLOGICOS E HISTORICOS ROBADOS, EXPORTADOS O TRANSFERIDOS  ILICITAMENTE. CONVENIO. APROBACION.",30015,0,0
2007-06-18,18141,https://parlamento.gub.uy/documentosyleyes/leyes/ley/18141,https://www.impo.com.uy/bases/leyes/18141-2007,"VENEZUELA-URUGUAY. HOSPITAL CLINICAS Manuel QUINTELA. MEJORA EDILICIA Y  EQUIPAMIENTO. ENMIENDA CONVENIO. APROBACION.",31722,0,0
2007-06-17,18140,https://parlamento.gub.uy/documentosyleyes/leyes/ley/18140,https://www.impo.com.uy/bases/leyes/18140-2007,"MOZOS CORDEL PUERTOS MONTEVIDEO Y COLONIA. SEGURO DESOCUPACION. PRORROGA.",32578,1,1
2007-06-15,18139,https://parlamento.gub.uy/documentosyleyes/leyes/ley/18139,https://www.impo.com.uy/bases/leyes/18139-2007,"SUELDOS Y PASIVIDADES. PAGO POR SOCIEDADES INTERMEDIACION FINANCIERA.  PROTECCION.",29130,3,1
2007-06-11,18138,https://parlamento.gub.uy/documentosyleyes/leyes/ley/18138,https://www.impo.com.uy/bases/leyes/18138-2007,"EQUIPOS E INSTRUMENTAL MEDICO Y ODONTOLOGICO. IMPORTACION MSP.IMPUESTOS.  EXONERACION.",31337,1,0
2007-06-11,18137,https://parlamento.gub.uy/documentosyleyes/leyes/ley/18137,https://www.impo.com.uy/bases/leyes/18137-2007,"ARTIGAS, Manuel Antonio. ESCUELA DISCAPACITADOS INTELECTUALES 95 (SAN JOSE).  DENOMINACION.",28987,0,0
2007-06-11,18136,https://parlamento.gub.uy/documentosyleyes/leyes/ley/18136,https://www.impo.com.uy/bases/leyes/18136-2007,"BARROS BLANCOS. CIUDAD Juan Antonio ARTIGAS (CANELONES). DENOMINACION.",26307,1,0
2007-06-11,18135,https://parlamento.gub.uy/documentosyleyes/leyes/ley/18135,https://www.impo.com.uy/bases/leyes/18135-2007,"MONEDAS. ACUÑACION. BANCO CENTRAL. AUTORIZACION.",32104,0,0
2007-06-11,18134,https://parlamento.gub.uy/documentosyleyes/leyes/ley/18134,https://www.impo.com.uy/bases/leyes/18134-2007,"MERCOSUR. INMIGRACION. TRADUCCION DOCUMENTOS. EXENCION. CONVENIO. APROBACION.",28217,0,0
2007-05-25,18133,https://parlamento.gub.uy/documentosyleyes/leyes/ley/18133,https://www.impo.com.uy/bases/leyes/18133-2007,"CONSEJO CAPACITACION PROFESIONAL (COCAP). COMETIDOS. MODIFICACION.",30361,2,0
2007-05-25,18132,https://parlamento.gub.uy/documentosyleyes/leyes/ley/18132,https://www.impo.com.uy/bases/leyes/18132-2007,"CARNE AVICOLA, PORCINA Y CONEJO. IVA. TASA 10%. FIJACION.",32418,0,0
2007-05-18,18131,https://parlamento.gub.uy/documentosyleyes/leyes/ley/18131,https://www.impo.com.uy/bases/leyes/18131-2007,"FONDO NACIONAL SALUD (FONASA). CREACION.",31029,9,5
2007-05-18,18130,https://parlamento.gub.uy/documentosyleyes/leyes/ley/18130,https://www.impo.com.uy/bases/leyes/18130-2007,"INMUEBLES PROPIEDAD PRIVADA. INGRESO GOBIERNOS DEPARTAMENTALES. AUTORIZACION.",32568,1,0
2007-05-15,18129,https://parlamento.gub.uy/documentosyleyes/leyes/ley/18129,https://www.impo.com.uy/bases/leyes/18129-2007,"TORTUGAS MARINAS. PROTECCION Y CONSERVACION. CONVECION INTERAMERICANA.  APROBACION.",28648,0,0
2007-05-12,18128,https://parlamento.gub.uy/documentosyleyes/leyes/ley/18128,https://www.impo.com.uy/bases/leyes/18128-2007,"VENEZUELA-URUGUAY. COOPERACION SALUD Y MEDICINA. CONVENIO. APROBACION.",29919,0,0
2007-05-12,18127,https://parlamento.gub.uy/documentosyleyes/leyes/ley/18127,https://www.impo.com.uy/bases/leyes/18127-2007,"FIDEICOMISOS FINANCIEROS PROGRAMA CREDITO GLOBAL MULTISECTORIAL III. REGIMEN  TRIBUTARIO.",31177,3,0
2007-05-12,18126,https://parlamento.gub.uy/documentosyleyes/leyes/ley/18126,https://www.impo.com.uy/bases/leyes/18126-2007,"CONSEJO AGROPECUARIO. CREACION.",31320,0,2
2007-04-27,18125,https://parlamento.gub.uy/documentosyleyes/leyes/ley/18125,https://www.impo.com.uy/bases/leyes/18125-2007,"BANCO HIPOTECARIO. CARTA ORGANICA. MODIFICACION.",31163,8,9
2007-04-27,18124,https://parlamento.gub.uy/documentosyleyes/leyes/ley/18124,https://www.impo.com.uy/bases/leyes/18124-2007,"CONFERENCIA MINISTROS JUSTICIA PAISES IBEROAMERICANOS. CONVENIO CONSTITUTIVO.  APROBACION.",31373,0,1
2007-04-27,18123,https://parlamento.gub.uy/documentosyleyes/leyes/ley/18123,https://www.impo.com.uy/bases/leyes/18123-2007,"VENEZUELA-URUGUAY. HOSPITAL CLINICAS Manuel QUINTELA. MEJORA EDILICIA Y  EQUIPAMIENTO. CONVENIO. APROBACION.",29545,0,0
2007-04-27,18122,https://parlamento.gub.uy/documentosyleyes/leyes/ley/18122,https://www.impo.com.uy/bases/leyes/18122-2007,"PARAGUAY-URUGUAY. COOPÈRACION EDUCACIONAL, CIENTIFICA, TECNOLOGIA Y CULTURAL.  CONVENIO. PROTOCOLO ADICIONAL. APROBACION.",28539,0,0
2007-04-27,18121,https://parlamento.gub.uy/documentosyleyes/leyes/ley/18121,https://www.impo.com.uy/bases/leyes/18121-2007,"ORGANIZACION SALUD (MUNDIAL). CONSTITUCION. MODIFICACION. APROBACION.",26681,0,0
2007-04-27,18120,https://parlamento.gub.uy/documentosyleyes/leyes/ley/18120,https://www.impo.com.uy/bases/leyes/18120-2007,"BRASIL-URUGUAY. COOPERACION COMUNICACIONES. CONVENIO. APROBACION.",29907,0,0
2007-04-27,18119,https://parlamento.gub.uy/documentosyleyes/leyes/ley/18119,https://www.impo.com.uy/bases/leyes/18119-2007,"TOPES JUBILATORIOS PASIVOS AMPARADOS ACTO INSTITUCIONAL 9. MODIFICACION.",31554,2,0
2007-04-27,18118,https://parlamento.gub.uy/documentosyleyes/leyes/ley/18118,https://www.impo.com.uy/bases/leyes/18118-2007,"PENINO de MINETTI, Teresita. PENSION GRACIABLE. OTORGAMIENTO.",30177,0,0
2007-04-27,18117,https://parlamento.gub.uy/documentosyleyes/leyes/ley/18117,https://www.impo.com.uy/bases/leyes/18117-2007,"NORDIC INVESTMENT BANK (FINLANDIA) - URUGUAY. ACUERDO MARCO. APROBACION.",32008,0,0
2007-04-23,18116,https://parlamento.gub.uy/documentosyleyes/leyes/ley/18116,https://www.impo.com.uy/bases/leyes/18116-2007,"USURPACION INMUEBLES. DELITO. CODIGO PENAL. MODIFICACION.",28623,0,0
2007-04-22,18115,https://parlamento.gub.uy/documentosyleyes/leyes/ley/18115,https://www.impo.com.uy/bases/leyes/18115-2007,"TORRES GARCIA, Joaquín. TORRE DE LAS COMUNICACIONES (ANTEL). DENOMINACION.",29828,0,0
2007-04-22,18114,https://parlamento.gub.uy/documentosyleyes/leyes/ley/18114,https://www.impo.com.uy/bases/leyes/18114-2007,"DERECHOS DEL MAR. APLICACION PARTE XI CONVENCION ONU. CONVENIO. APROBACION.",28219,0,0
2007-04-18,18113,https://parlamento.gub.uy/documentosyleyes/leyes/ley/18113,https://www.impo.com.uy/bases/leyes/18113-2007,"UNIDAD SEGURIDAD VIAL (NACIONAL) (UNASEV). CREACION.",29950,1,2
2007-04-16,18112,https://parlamento.gub.uy/documentosyleyes/leyes/ley/18112,https://www.impo.com.uy/bases/leyes/18112-2007,"RUMANIA-URUGUAY. COOPERACION CULTURAL Y CIENTIFICA. CONVENIO. APROBACION.",28215,0,0
2007-04-16,18111,https://parlamento.gub.uy/documentosyleyes/leyes/ley/18111,https://www.impo.com.uy/bases/leyes/18111-2007,"ARMAS. CONVENCION PROHIBICIONES O RESTRICCIONES USO. PROTOCOLO V RESTOS  EXPLOSIVOS GUERRA. APROBACION.",28036,0,0
2007-04-16,18110,https://parlamento.gub.uy/documentosyleyes/leyes/ley/18110,https://www.impo.com.uy/bases/leyes/18110-2007,"VISA MERCOSUR. CREACION. CONVENIO. APROBACION.",28243,0,0
2007-04-02,18109,https://parlamento.gub.uy/documentosyleyes/leyes/ley/18109,https://www.impo.com.uy/bases/leyes/18109-2007,"GASOIL. ENAJENACION. IMPUESTOS. MODIFICACION.",31576,2,0
2007-03-29,18108,https://parlamento.gub.uy/documentosyleyes/leyes/ley/18108,https://www.impo.com.uy/bases/leyes/18108-2007,"AROCHA CAMEJO, Blanca Victoria. PENSION GRACIABLE. OTORGAMIENTO.",31186,0,0
2007-03-29,18107,https://parlamento.gub.uy/documentosyleyes/leyes/ley/18107,https://www.impo.com.uy/bases/leyes/18107-2007,"DIA TANGO URUGUAYO - 5 OCTUBRE. DECLARACION.",30628,0,0
2007-03-23,18106,https://parlamento.gub.uy/documentosyleyes/leyes/ley/18106,https://www.impo.com.uy/bases/leyes/18106-2007,"VILLA COSMOPOLIS. LICEO 61 MONTEVIDEO. DENOMINACION.",26906,0,0
2007-03-23,18105,https://parlamento.gub.uy/documentosyleyes/leyes/ley/18105,https://www.impo.com.uy/bases/leyes/18105-2007,"BARCO ARMADA ROU CAPITAN MIRANDA. SALIDA PAIS. AUTORIZACION.",32040,0,0
2007-03-15,18104,https://parlamento.gub.uy/documentosyleyes/leyes/ley/18104,https://www.impo.com.uy/bases/leyes/18104-2007,"HOMBRES Y MUJERES. IGUALDAD DERECHOS Y OPORTUNIDADES INTERES GENERAL.  DECLARACION.",28246,1,4
2007-03-12,18103,https://parlamento.gub.uy/documentosyleyes/leyes/ley/18103,https://www.impo.com.uy/bases/leyes/18103-2007,"ENTRADAS ESPECTACULOS PUBLICOS. REVENTA. CODIGO PENAL. MODIFICACION.",26334,0,1
2007-03-12,18102,https://parlamento.gub.uy/documentosyleyes/leyes/ley/18102,https://www.impo.com.uy/bases/leyes/18102-2007,"PAYSANDU. GESTA HEROICA 1864-1865. CIRCUITO HISTORICO. CREACION.",29659,0,0
2007-02-23,18101,https://parlamento.gub.uy/documentosyleyes/leyes/ley/18101,https://www.impo.com.uy/bases/leyes/18101-2007,"VEHICULOS MINISTERIO INTERIOR, ARMADA NACIONAL Y FUERZA AEREA AFECTADOS  SEGURIDAD PUBLICA. IMPUESTOS. EXONERACION.",28543,1,1
2007-02-23,18100,https://parlamento.gub.uy/documentosyleyes/leyes/ley/18100,https://www.impo.com.uy/bases/leyes/18100-2007,"FONDO FINANCIAMIENTO Y DESARROLLO SUSTENTABLE ACTIVIDAD LECHERA. CREACION.",30748,3,6
2007-01-24,18099,https://parlamento.gub.uy/documentosyleyes/leyes/ley/18099,https://www.impo.com.uy/bases/leyes/18099-2007,"DESCENTRALIZACION EMPRESARIAL. TRABAJADOR. PROTECCION. EXIGENCIA.",28244,0,1
2007-01-12,18098,https://parlamento.gub.uy/documentosyleyes/leyes/ley/18098,https://www.impo.com.uy/bases/leyes/18098-2007,"ORGANISMOS ESTADO. RETRIBUCION TRABAJADORES TERCERIZADOS. LAUDO CONSEJO  SALARIOS. OBLIGATORIEDAD.",28218,0,0
2007-01-12,18097,https://parlamento.gub.uy/documentosyleyes/leyes/ley/18097,https://www.impo.com.uy/bases/leyes/18097-2007,"DIA PREVENCION SUICIDIO (NACIONAL) - 17 JULIO. DECLARACION.",30378,0,0
2007-01-11,18096,https://parlamento.gub.uy/documentosyleyes/leyes/ley/18096,https://www.impo.com.uy/bases/leyes/18096-2007,"COMISIONES IMPORTACIONES BROU. IMPUESTOS. EXONERACION. INTERPRETACION.",27526,2,0
2007-01-10,18095,https://parlamento.gub.uy/documentosyleyes/leyes/ley/18095,https://www.impo.com.uy/bases/leyes/18095-2007,"PRIMA POR EDAD. JUBILADOS MAYORES 70 AÑOS. OTORGAMIENTO.",31329,3,1
2007-01-09,18094,https://parlamento.gub.uy/documentosyleyes/leyes/ley/18094,https://www.impo.com.uy/bases/leyes/18094-2007,"DISCAPACITADO. INGRESO ORGANISMOS ESTADO. CONDICIONES. MODIFICACION.",28459,4,3
2007-01-08,18093,https://parlamento.gub.uy/documentosyleyes/leyes/ley/18093,https://www.impo.com.uy/bases/leyes/18093-2007,"GOBIERNOS DEPARTAMENTALES. PRESTACION SERVICIOS. CONVENIOS. AUTORIZACION.",27434,0,0
2007-01-07,18092,https://parlamento.gub.uy/documentosyleyes/leyes/ley/18092,https://www.impo.com.uy/bases/leyes/18092-2007,"INMUEBLES RURALES. PROPIEDAD SOCIEDADES ANONIMAS O COMANDITARIAS POR  ACCIONES. PROHIBICION. INTERES GENERAL. DECLARACION.",30096,4,5
2007-01-07,18091,https://parlamento.gub.uy/documentosyleyes/leyes/ley/18091,https://www.impo.com.uy/bases/leyes/18091-2007,"CREDITOS LABORALES. PRESCRIPCION. REGIMEN. MODIFICACION.",31119,2,1
2007-01-07,18090,https://parlamento.gub.uy/documentosyleyes/leyes/ley/18090,https://www.impo.com.uy/bases/leyes/18090-2007,"TRABAJADOR EMPRESA RILOMAN S.A. SEGURO DESOCUPACION. PRORROGA.",31602,1,2
2007-01-07,18089,https://parlamento.gub.uy/documentosyleyes/leyes/ley/18089,https://www.impo.com.uy/bases/leyes/18089-2007,"TIMBRE PALACIO JUSTICIA. DEROGACION.",31496,3,0
2007-01-05,18088,https://parlamento.gub.uy/documentosyleyes/leyes/ley/18088,https://www.impo.com.uy/bases/leyes/18088-2007,"TURISMO ENOLOGICO. INTERES TURISTICO NACIONAL. DECLARACION.",29658,0,0
2007-01-05,18087,https://parlamento.gub.uy/documentosyleyes/leyes/ley/18087,https://www.impo.com.uy/bases/leyes/18087-2007,"ARMAS. DEPOSITO SERVICIO MATERIAL Y ARMAMENTO EJERCITO. REGULARIZACION Y  RETIRO. REGIMEN.",26857,1,0
2007-01-05,18086,https://parlamento.gub.uy/documentosyleyes/leyes/ley/18086,https://www.impo.com.uy/bases/leyes/18086-2007,"OPERACION ANTARKOS XXIII Y ESNAL II. BARCO ROU GENERAL ARTIGAS. SALIDA PAIS.  AUTORIZACION.",31548,0,0
2007-01-05,18085,https://parlamento.gub.uy/documentosyleyes/leyes/ley/18085,https://www.impo.com.uy/bases/leyes/18085-2007,"MERCOSUR. EJERCICIO PROFESIONAL TEMPORARIO. CONVENIO. APROBACION.",29439,0,0
2006-12-28,18084,https://parlamento.gub.uy/documentosyleyes/leyes/ley/18084,https://www.impo.com.uy/bases/leyes/18084-2006,"AGENCIA INVESTIGACION E INNOVACION (NACIONAL). COMETIDOS Y FUNCIONAMIENTO.  REGIMEN.",30494,2,1
2006-12-27,18083,https://parlamento.gub.uy/documentosyleyes/leyes/ley/18083,https://www.impo.com.uy/bases/leyes/18083-2006,"REFORMA TRIBUTARIA. REGIMEN.",29054,58,35
2006-12-19,18082,https://parlamento.gub.uy/documentosyleyes/leyes/ley/18082,https://www.impo.com.uy/bases/leyes/18082-2006,"HOSPITAL SANATORIO ESPAÑOL. INMUEBLE. ADQUISICION MSP. AUTORIZACION.",31027,0,1
2006-12-19,18081,https://parlamento.gub.uy/documentosyleyes/leyes/ley/18081,https://www.impo.com.uy/bases/leyes/18081-2006,"BAEZA, Elgar Alfredo. PENSION GRACIABLE. OTORGAMIENTO.",25960,0,0
2006-12-19,18080,https://parlamento.gub.uy/documentosyleyes/leyes/ley/18080,https://www.impo.com.uy/bases/leyes/18080-2006,"BARCO ROU VANGUARDIA. SALIDA PAIS. AUTORIZACION.",31336,0,0
2006-12-19,18079,https://parlamento.gub.uy/documentosyleyes/leyes/ley/18079,https://www.impo.com.uy/bases/leyes/18079-2006,"JUBILACIONES Y PENSIONES BANCARIAS. IMPUESTO TRANSITORIO. PRORROGA.",31039,1,0
2006-12-19,18078,https://parlamento.gub.uy/documentosyleyes/leyes/ley/18078,https://www.impo.com.uy/bases/leyes/18078-2006,"CONSULTORIOS JURIDICOS GRATUITOS ZONAS CARENCIADAS. JUICIOS. TRIBUTOS.  EXONERACION.",28909,0,0
2006-12-19,18077,https://parlamento.gub.uy/documentosyleyes/leyes/ley/18077,https://www.impo.com.uy/bases/leyes/18077-2006,"VENEZUELA-URUGUAY. PROGRAMA VENESAT 1. CONVENIO. APROBACION.",29472,0,0
2006-12-19,18076,https://parlamento.gub.uy/documentosyleyes/leyes/ley/18076,https://www.impo.com.uy/bases/leyes/18076-2006,"REFUGIADO. ESTATUTO. APROBACION.",26938,0,2
2006-12-15,18075,https://parlamento.gub.uy/documentosyleyes/leyes/ley/18075,https://www.impo.com.uy/bases/leyes/18075-2006,"IGLESIAS VILLAR, Juan Antonio. PENSION GRACIABLE. OTORGAMIENTO.",30176,0,0
2006-12-11,18074,https://parlamento.gub.uy/documentosyleyes/leyes/ley/18074,https://www.impo.com.uy/bases/leyes/18074-2006,"DARNAUCHANS, Eduardo. PENSION GRACIABLE. OTORGAMIENTO.",30493,0,0
2006-12-11,18073,https://parlamento.gub.uy/documentosyleyes/leyes/ley/18073,https://www.impo.com.uy/bases/leyes/18073-2006,"LANZA PERDOMO, Alcides Martín. PENSION GRACIABLE. OTORGAMIENTO.",30147,0,0
2006-12-11,18072,https://parlamento.gub.uy/documentosyleyes/leyes/ley/18072,https://www.impo.com.uy/bases/leyes/18072-2006,"ALDROVANDI CASTILLO, Sarvando Pedro. PENSION GRACIABLE. OTORGAMIENTO.",30148,0,0
2006-12-11,18071,https://parlamento.gub.uy/documentosyleyes/leyes/ley/18071,https://www.impo.com.uy/bases/leyes/18071-2006,"HARINA TRIGO Y LACTEOS. FORTIFICACION CON HIERRO ACIDO FOLICO. ENFERMEDADES.  PREVENCION.",26123,0,0
2006-12-11,18070,https://parlamento.gub.uy/documentosyleyes/leyes/ley/18070,https://www.impo.com.uy/bases/leyes/18070-2006,"TERRORISMO. CONVENCION INTERAMERICANA OEA. APROBACION.",27509,0,1
2006-12-11,18069,https://parlamento.gub.uy/documentosyleyes/leyes/ley/18069,https://www.impo.com.uy/bases/leyes/18069-2006,"MERCOSUR. FACILICITACION ACTIVIDADES EMPRESARIALES. CONVENIO. APROBACION.",29624,0,0
2006-12-11,18068,https://parlamento.gub.uy/documentosyleyes/leyes/ley/18068,https://www.impo.com.uy/bases/leyes/18068-2006,"DIVERSIDAD EXPRESIONES CULTURALES PROTECCION Y PROMOCION. CONVENCION ONU.  APROBACION.",30492,0,0
2006-12-11,18067,https://parlamento.gub.uy/documentosyleyes/leyes/ley/18067,https://www.impo.com.uy/bases/leyes/18067-2006,"CARRERAS CABALLOS HIPODROMO LAS PIEDRAS (CANELONES). EXPLOTACION JUEGO.  LICITACION. AUTORIZACION.",30728,1,0
2006-12-11,18066,https://parlamento.gub.uy/documentosyleyes/leyes/ley/18066,https://www.impo.com.uy/bases/leyes/18066-2006,"TRIPULANTE BARCO PESCA BENDERA NACIONAL. RELACION LABORAL. REGLAMENTACION.  DEROGACION.",30803,1,0
2006-11-27,18065,https://parlamento.gub.uy/documentosyleyes/leyes/ley/18065,https://www.impo.com.uy/bases/leyes/18065-2006,"TRABAJADOR SERVICIO DOMESTICO. TRABAJO. REGLAMENTACION.",29159,8,0
2006-11-27,18064,https://parlamento.gub.uy/documentosyleyes/leyes/ley/18064,https://www.impo.com.uy/bases/leyes/18064-2006,"TRASMISIONES PATRIMONIALES (IMPUESTO). ADICIONAL INMUEBLES RURALES. CREACION.",30071,0,1
2006-11-27,18063,https://parlamento.gub.uy/documentosyleyes/leyes/ley/18063,https://www.impo.com.uy/bases/leyes/18063-2006,"MERCOSUR. PARLAMENTO. PROTOCOLO CONSTITUTIVO. APROBACION.",28901,0,0
2006-11-27,18062,https://parlamento.gub.uy/documentosyleyes/leyes/ley/18062,https://www.impo.com.uy/bases/leyes/18062-2006,"CODIGO ORGANIZACION TRIBUNALES MILITARES. LISTA CONJUECES. INTEGRACION.  MODIFICACION.",29228,2,0
2006-11-27,18061,https://parlamento.gub.uy/documentosyleyes/leyes/ley/18061,https://www.impo.com.uy/bases/leyes/18061-2006,"DEUDOR CAJA PROFESIONALES UNIVERSITARIOS. REGULARIZACION. REGIMEN.",30537,1,0
2006-11-20,18060,https://parlamento.gub.uy/documentosyleyes/leyes/ley/18060,https://www.impo.com.uy/bases/leyes/18060-2006,"CAMEJO, Josefa. JARDIN INFANTES 325 MONTEVIDEO. DESIGNACION.",28989,0,0
2006-11-20,18059,https://parlamento.gub.uy/documentosyleyes/leyes/ley/18059,https://www.impo.com.uy/bases/leyes/18059-2006,"DIA CANDOMBE, CULTURA AFROURUGUAYA Y EQUIDAD RACIAL (NACIONAL) - 3 DICIEMBRE.  DECLARACION.",30934,0,2
2006-11-20,18058,https://parlamento.gub.uy/documentosyleyes/leyes/ley/18058,https://www.impo.com.uy/bases/leyes/18058-2006,"CODIGO AERONAUTICO. SERVICIOS AEREOS INTERNOS. MODIFICACION.",29248,1,0
2006-11-20,18057,https://parlamento.gub.uy/documentosyleyes/leyes/ley/18057,https://www.impo.com.uy/bases/leyes/18057-2006,"MOZOS CORDEL. PUERTOS EMBARQUE Y DESEMBARQUE. REGISTRO. CREACION.",29066,1,4
2006-11-20,18056,https://parlamento.gub.uy/documentosyleyes/leyes/ley/18056,https://www.impo.com.uy/bases/leyes/18056-2006,"CORRUPCION. CONVENCION ONU. APROBACION.",27510,0,0
2006-11-20,18055,https://parlamento.gub.uy/documentosyleyes/leyes/ley/18055,https://www.impo.com.uy/bases/leyes/18055-2006,"DIA CULTURA GAUCHA O CULTURA DE LA PAMPA-20 SETIEMBRE. DECLARACION.",30181,0,0
2006-11-15,18054,https://parlamento.gub.uy/documentosyleyes/leyes/ley/18054,https://www.impo.com.uy/bases/leyes/18054-2006,"UREÑA de HENRIQUEZ, Salomé. JARDIN INFANTES 233 (MONTEVIDEO). DENOMINACION.",28990,0,0
2006-11-06,18053,https://parlamento.gub.uy/documentosyleyes/leyes/ley/18053,https://www.impo.com.uy/bases/leyes/18053-2006,"VENEZUELA-MERCOSUR. PROTOCOLO ADHESION. APROBACION.",30069,0,0
2006-10-25,18052,https://parlamento.gub.uy/documentosyleyes/leyes/ley/18052,https://www.impo.com.uy/bases/leyes/18052-2006,"CIUDAD DEL PLATA (SAN JOSE). CIUDAD. DECLARACION.",30139,0,0
2006-10-25,18051,https://parlamento.gub.uy/documentosyleyes/leyes/ley/18051,https://www.impo.com.uy/bases/leyes/18051-2006,"CUMBRE IBEROAMERICANA JEFES ESTADO Y GOBIERNO (XVI). ZONA CIRCULACION  RESTRINGIDA. AUTORIZACION.",30953,0,0
2006-10-24,18050,https://parlamento.gub.uy/documentosyleyes/leyes/ley/18050,https://www.impo.com.uy/bases/leyes/18050-2006,"NUEVA PALMIRA (COLONIA). ANIVERSARIO FUNDACION (175). FERIADO. DECLARACION.",30998,0,0
2006-10-24,18049,https://parlamento.gub.uy/documentosyleyes/leyes/ley/18049,https://www.impo.com.uy/bases/leyes/18049-2006,"CIENCIA Y TECNOLOGIA NUCLEARES. PROMOCION. CONVENIO REGIONAL COOPERACION  AMERICA LATINA Y CARIBE (ARCAL). APROBACION.",28214,0,0
2006-10-24,18048,https://parlamento.gub.uy/documentosyleyes/leyes/ley/18048,https://www.impo.com.uy/bases/leyes/18048-2006,"ARGELIA-URUGUAY. COOPERACION CULTURAL. CONVENIO. APROBACION.",28025,0,0
2006-10-24,18047,https://parlamento.gub.uy/documentosyleyes/leyes/ley/18047,https://www.impo.com.uy/bases/leyes/18047-2006,"GARCIA, Newbery. PENSION GRACIABLE. OTORGAMIENTO.",30559,0,0
2006-10-24,18046,https://parlamento.gub.uy/documentosyleyes/leyes/ley/18046,https://www.impo.com.uy/bases/leyes/18046-2006,"RENDICION CUENTAS 2005. APROBACION.",29912,61,25
2006-10-23,18045,https://parlamento.gub.uy/documentosyleyes/leyes/ley/18045,https://www.impo.com.uy/bases/leyes/18045-2006,"ARTICULO 303 CONSTITUCION (RECURSO APELACION DECRETOS MUNICIPALES).  REGLAMENTACION.",16984,0,0
2006-10-23,18044,https://parlamento.gub.uy/documentosyleyes/leyes/ley/18044,https://www.impo.com.uy/bases/leyes/18044-2006,"BIENES CULTURALES CASO CONFLICTO ARMADO. PROTECCION. CONVENIO. SEGUNDO  PROTOCOLO. APROBACION.",28846,0,0
2006-10-23,18043,https://parlamento.gub.uy/documentosyleyes/leyes/ley/18043,https://www.impo.com.uy/bases/leyes/18043-2006,"ANGOLA - URUGUAY. COOPERACION ECONOMICA, CIENTIFICA Y TECNICO CULTURAL.  CONVENIO. APROBACION.",27378,0,0
2006-10-20,18042,https://parlamento.gub.uy/documentosyleyes/leyes/ley/18042,https://www.impo.com.uy/bases/leyes/18042-2006,"MUGURUZA, Diego Carlos. LICEO 1 BELLA UNION (ARTIGAS). DENOMINACION.",26797,0,0
2006-10-20,18041,https://parlamento.gub.uy/documentosyleyes/leyes/ley/18041,https://www.impo.com.uy/bases/leyes/18041-2006,"ALONSO Y TRELLES, José. LICEO TALA (CANELONES). DENOMINACION.",24476,0,0
2006-10-20,18040,https://parlamento.gub.uy/documentosyleyes/leyes/ley/18040,https://www.impo.com.uy/bases/leyes/18040-2006,"HARRIS, Paul. ESCUELA 73 TIEMPO COMPLETO ARTIGAS (DPTO.). DENOMINACION.",24289,0,0
2006-10-20,18039,https://parlamento.gub.uy/documentosyleyes/leyes/ley/18039,https://www.impo.com.uy/bases/leyes/18039-2006,"DELITOS SEXUALES. PROCEDIMIENTO DE OFICIO. CODIGO PROCESO PENAL.  MODIFICACION.",29949,1,0
2006-10-20,18038,https://parlamento.gub.uy/documentosyleyes/leyes/ley/18038,https://www.impo.com.uy/bases/leyes/18038-2006,"RIO NEGRO. NAVEGACION COMERCIAL Y DEPORTIVA. JURISDICCION ARMADA NACIONAL.",28897,2,3
2006-10-20,18037,https://parlamento.gub.uy/documentosyleyes/leyes/ley/18037,https://www.impo.com.uy/bases/leyes/18037-2006,"MONEDAS CONMEMORATIVAS ANIVERSARIO FUNDACION SALTO (250). ACUÑACION BCU.  AUTORIZACION.",29626,0,0
2006-10-20,18036,https://parlamento.gub.uy/documentosyleyes/leyes/ley/18036,https://www.impo.com.uy/bases/leyes/18036-2006,"ORGANIZACION PROPIEDAD INTELECTUAL (OMPI). DERECHOS AUTOR. CONVENIO Y  DECLARACIONES CONCERTADAS. APROBACION.",9426,0,0
2006-10-20,18035,https://parlamento.gub.uy/documentosyleyes/leyes/ley/18035,https://www.impo.com.uy/bases/leyes/18035-2006,"PATRIMONIO CULTURAL INMATERIAL. SALVAGUARDIA. CONVENIO. APROBACION.",28866,0,0
2006-10-16,18034,https://parlamento.gub.uy/documentosyleyes/leyes/ley/18034,https://www.impo.com.uy/bases/leyes/18034-2006,"SOCIEDADES COMERCIALES. ACCIONES. USUFRUCTO. REGIMEN. MODIFICACION.",29099,1,1
2006-10-13,18033,https://parlamento.gub.uy/documentosyleyes/leyes/ley/18033,https://www.impo.com.uy/bases/leyes/18033-2006,"PRESO Y PERSEGUIDO POLITICO O SINDICAL. PENSION ESPECIAL REPARATORIA Y  RECUPERACION DERECHOS JUBILATORIOS. REGIMEN.",30070,15,7
2006-10-11,18032,https://parlamento.gub.uy/documentosyleyes/leyes/ley/18032,https://www.impo.com.uy/bases/leyes/18032-2006,"DIA FUNCIONARIO MTOP - 13 OCTUBRE. DECLARACION.",27962,0,0
2006-10-10,18031,https://parlamento.gub.uy/documentosyleyes/leyes/ley/18031,https://www.impo.com.uy/bases/leyes/18031-2006,"SALTO (SALTO). ANIVERSARIO FUNDACION (250). FERIADO. DECLARACION.",29273,0,0
2006-10-10,18030,https://parlamento.gub.uy/documentosyleyes/leyes/ley/18030,https://www.impo.com.uy/bases/leyes/18030-2006,"PAYSANDU (DPTO.). ANIVERSARIO FUNDACION (250). FERIADO. DECLARACION.",30004,0,0
2006-10-09,18029,https://parlamento.gub.uy/documentosyleyes/leyes/ley/18029,https://www.impo.com.uy/bases/leyes/18029-2006,"BRIOZZO, Víctor Hugo. ESCUELA 80 CASTILLOS (ROCHA). DENOMINACION.",26810,0,0
2006-10-09,18028,https://parlamento.gub.uy/documentosyleyes/leyes/ley/18028,https://www.impo.com.uy/bases/leyes/18028-2006,"MOLINO VIEJO. LICEO 2 MINAS (LAVALLEJA). DENOMINACION.",28314,0,0
2006-10-09,18027,https://parlamento.gub.uy/documentosyleyes/leyes/ley/18027,https://www.impo.com.uy/bases/leyes/18027-2006,"LOPEZ LOMBA, Mauricio. LICEO ANSINA (TACUAREMBO). DENOMINACION.",28313,0,0
2006-09-25,18026,https://parlamento.gub.uy/documentosyleyes/leyes/ley/18026,https://www.impo.com.uy/bases/leyes/18026-2006,"CRIMENES LESA HUMANIDAD. DELITO. ADECUACION ESTATUTO CORTE PENAL  INTERNACIONAL.",28279,7,9
2006-09-25,18025,https://parlamento.gub.uy/documentosyleyes/leyes/ley/18025,https://www.impo.com.uy/bases/leyes/18025-2006,"FUNCIONARIOS CORTE ELECTORAL. HORAS EXTRAS TAREAS INFORMATIZACION AÑO 2006.  RETRIBUCION EXTRAORDINARIA.",30611,2,0
2006-09-25,18024,https://parlamento.gub.uy/documentosyleyes/leyes/ley/18024,https://www.impo.com.uy/bases/leyes/18024-2006,"PEREZ AGUIRRE, Luis. TRAMO RUTA 48. DENOMINACION.",27136,0,0
2006-09-25,18023,https://parlamento.gub.uy/documentosyleyes/leyes/ley/18023,https://www.impo.com.uy/bases/leyes/18023-2006,"HONORES FUNEBRES. JERARCAS CONSEJO ESTADO. EXCLUSION.",29150,1,0
2006-09-25,18022,https://parlamento.gub.uy/documentosyleyes/leyes/ley/18022,https://www.impo.com.uy/bases/leyes/18022-2006,"LEYS de BERACOCHEA, Joaquina. PLAZA DEPORTES ROSARIO (COLONIA). DENOMINACION.",24742,0,0
2006-09-18,18021,https://parlamento.gub.uy/documentosyleyes/leyes/ley/18021,https://www.impo.com.uy/bases/leyes/18021-2006,"MERCOSUR-ISRAEL. COMERCIO. ACUERDO MARCO. APROBACION.",29103,0,0
2006-09-18,18020,https://parlamento.gub.uy/documentosyleyes/leyes/ley/18020,https://www.impo.com.uy/bases/leyes/18020-2006,"PERSONAL MISION OPERACIONES PAZ. PASAPORTE DIPLOMATICO E INTERVENCION  CONSULAR. PAGO. EXCEPCION.",29396,1,0
2006-09-13,18019,https://parlamento.gub.uy/documentosyleyes/leyes/ley/18019,https://www.impo.com.uy/bases/leyes/18019-2006,"GENTILE FERRARI, Juan. PENSION GRACIABLE. OTORGAMIENTO.",29467,0,0
2006-09-13,18018,https://parlamento.gub.uy/documentosyleyes/leyes/ley/18018,https://www.impo.com.uy/bases/leyes/18018-2006,"RENART, Valeriano. LICEO 3 ARTIGAS (DPTO.). DENOMINACION.",26861,0,0
2006-09-13,18017,https://parlamento.gub.uy/documentosyleyes/leyes/ley/18017,https://www.impo.com.uy/bases/leyes/18017-2006,"ESPAÑA. ESCUELA 39 SORIANO (DPTO.). DENOMINACION.",28526,0,0
2006-09-13,18016,https://parlamento.gub.uy/documentosyleyes/leyes/ley/18016,https://www.impo.com.uy/bases/leyes/18016-2006,"GUYUNUSA. ESCUELA 68 TIEMPO COMPLETO SAN JOSE (DPTO.). DENOMINACION.",22618,0,0
2006-09-13,18015,https://parlamento.gub.uy/documentosyleyes/leyes/ley/18015,https://www.impo.com.uy/bases/leyes/18015-2006,"TORREGLOSA SAIZAR, Juan Manuel. ESCUELA RURAL 8 ZANJA HONDA (SORIANO).  DENOMINACION.",28222,0,0
2006-09-13,18014,https://parlamento.gub.uy/documentosyleyes/leyes/ley/18014,https://www.impo.com.uy/bases/leyes/18014-2006,"COLONIA PALMA (ARTIGAS). PUEBLO. DECLARATORIA.",29650,0,0
2006-09-11,18013,https://parlamento.gub.uy/documentosyleyes/leyes/ley/18013,https://www.impo.com.uy/bases/leyes/18013-2006,"CORTE PENAL INTERNACIONAL. PRIVILEGIOS E INMUNIDADES. CONVENIO. APROBACION.",27604,0,0
2006-09-11,18012,https://parlamento.gub.uy/documentosyleyes/leyes/ley/18012,https://www.impo.com.uy/bases/leyes/18012-2006,"MERCOSUR. ACUERDO MARCO COMPLEMENTACION ENERGETICA REGIONAL. APROBACION.",29071,0,0
2006-09-11,18011,https://parlamento.gub.uy/documentosyleyes/leyes/ley/18011,https://www.impo.com.uy/bases/leyes/18011-2006,"BARCO ARMADA HIDROGRAFICO ROU 22 OYARVIDE. SALIDA PAIS. PRORROGA.  AUTORIZACION.",30609,1,0
2006-09-11,18010,https://parlamento.gub.uy/documentosyleyes/leyes/ley/18010,https://www.impo.com.uy/bases/leyes/18010-2006,"EJERCITO NACIONAL. CONCURRENCIA ACTOS CONMEMORATIVOS INDEPENDENCIA BRASIL.  SALIDA PAIS. AUTORIZACION.",30608,0,0
2006-09-04,18009,https://parlamento.gub.uy/documentosyleyes/leyes/ley/18009,https://www.impo.com.uy/bases/leyes/18009-2006,"SECRETARIA TRATADO ANTARTICO. MEDIDA 1 (2003) Y ANEXO. APROBACION.",27847,0,0
2006-09-04,18008,https://parlamento.gub.uy/documentosyleyes/leyes/ley/18008,https://www.impo.com.uy/bases/leyes/18008-2006,"IRAN-URUGUAY. ACUERDO COMERCIAL. APROBACION.",27606,0,0
2006-08-28,18007,https://parlamento.gub.uy/documentosyleyes/leyes/ley/18007,https://www.impo.com.uy/bases/leyes/18007-2006,"BARCOS DEPORTIVOS BANDERA EXTRANJERA. ENTRADA AGUAS JURISDICCIONALES. NORMAS.",22755,1,0
2006-08-17,18006,https://parlamento.gub.uy/documentosyleyes/leyes/ley/18006,https://www.impo.com.uy/bases/leyes/18006-2006,"EJERCICIO CRUZEX (2006). INTEGRANTES FUERZA AEREA URUGUAYA. SALIDA PAIS.  AUTORIZACION.",29565,0,0
2006-08-17,18005,https://parlamento.gub.uy/documentosyleyes/leyes/ley/18005,https://www.impo.com.uy/bases/leyes/18005-2006,"INDEPENDENCIA BRASIL Y URUGUAY. ACTOS CONMEMORATIVOS. EFECTIVOS MILITARES.  INGRESO Y SALIDA PAIS. AUTORIZACION.",29882,0,0
2006-08-16,18004,https://parlamento.gub.uy/documentosyleyes/leyes/ley/18004,https://www.impo.com.uy/bases/leyes/18004-2006,"PANAMA - URUGUAY. CONVENIO COOPERACION TURISTICA. APROBACION.",29770,0,0
2006-08-14,18003,https://parlamento.gub.uy/documentosyleyes/leyes/ley/18003,https://www.impo.com.uy/bases/leyes/18003-2006,"EMPRESA AGUAS DE LA COSTA ACCIONES. COMPRA OSE. AUTORIZACION.",29347,3,0
2006-08-14,18002,https://parlamento.gub.uy/documentosyleyes/leyes/ley/18002,https://www.impo.com.uy/bases/leyes/18002-2006,"ARABIA SAUDITA-URUGUAY. CONVENIO COOPERACION ECONOMICA, COMERCIAL, DE  INVERSIONES, CIENTIFICA, TECNICA, CULTURAL, DEPORTIVA Y JUVENTUD. APROBACION.",27661,0,0
2006-08-12,18001,https://parlamento.gub.uy/documentosyleyes/leyes/ley/18001,https://www.impo.com.uy/bases/leyes/18001-2006,"VENEZUELA-URUGUAY.COOPERACION ENERGETICA DE CARACAS. CONVENIO. APROBACION.",27475,0,0
2006-08-07,18000,https://parlamento.gub.uy/documentosyleyes/leyes/ley/18000,https://www.impo.com.uy/bases/leyes/18000-2006,"MERCOSUR-COMUNIDAD ANDINA. ACUERDO COMPLEMENTACION ECONOMICA 59. SOLUCION  CONTROVERSIAS. PROTOCOLO ADICIONAL. APROBACION.",27605,0,0
2006-08-02,17999,https://parlamento.gub.uy/documentosyleyes/leyes/ley/17999,https://www.impo.com.uy/bases/leyes/17999-2006,"RODRIGUEZ INDA, Amílcar. PENSION GRACIABLE. OTORGAMIENTO.",29920,0,0
2006-08-02,17998,https://parlamento.gub.uy/documentosyleyes/leyes/ley/17998,https://www.impo.com.uy/bases/leyes/17998-2006,"SAMPAYO ARRASTUE, Aníbal. PENSION GRACIABLE. OTORGAMIENTO.",29627,0,0
2006-08-02,17997,https://parlamento.gub.uy/documentosyleyes/leyes/ley/17997,https://www.impo.com.uy/bases/leyes/17997-2006,"GANADO BOVINO. TRAZABILIDAD. SISTEMA IDENTIFICACION Y REGISTRO ANIMAL INTERES  NACIONAL. DECLARACION.",28546,2,2
2006-07-24,17996,https://parlamento.gub.uy/documentosyleyes/leyes/ley/17996,https://www.impo.com.uy/bases/leyes/17996-2006,"EJECUCIONES JUDICIALES POR CREDITOS. DEMANDA. IMPUESTO. PAGO. APLAZAMIENTO.",26816,1,0
2006-07-24,17995,https://parlamento.gub.uy/documentosyleyes/leyes/ley/17995,https://www.impo.com.uy/bases/leyes/17995-2006,"CARNE BOVINA. IMPORTACION Y VENTA. REBAJA IVA Y EXONERACION COFIS.",30016,1,1
2006-07-23,17994,https://parlamento.gub.uy/documentosyleyes/leyes/ley/17994,https://www.impo.com.uy/bases/leyes/17994-2006,"BARCO ARMADA HIDROGRAFICO ROU 22 OYARVIDE. SALIDA PAIS. AUTORIZACION.",29911,0,1
2006-07-23,17993,https://parlamento.gub.uy/documentosyleyes/leyes/ley/17993,https://www.impo.com.uy/bases/leyes/17993-2006,"PROFESIONAL UNIVERSITARIO. JUBILACION POR EDAD AVANZADA. COMPATIBILIDAD  JUBILACION O RETIRO.",26813,1,0
2006-07-20,17992,https://parlamento.gub.uy/documentosyleyes/leyes/ley/17992,https://www.impo.com.uy/bases/leyes/17992-2006,"HAITI. OPERACION PAZ ONU. INCREMENTO CONTINGENTE MILITAR. AUTORIZACION.",29437,0,4
2006-07-17,17991,https://parlamento.gub.uy/documentosyleyes/leyes/ley/17991,https://www.impo.com.uy/bases/leyes/17991-2006,"MERCOSUR. FONDO CONVERGENCIA ESTRUCTURAL Y FORTALECIMIENTO INSTITUCIONAL.  CONVENIO. APROBACION.",28865,0,1
2006-07-16,17990,https://parlamento.gub.uy/documentosyleyes/leyes/ley/17990,https://www.impo.com.uy/bases/leyes/17990-2006,"INMUEBLE MTOP SUAREZ CANELONES. TRANSFERENCIA OSE.",26858,0,0
2006-07-16,17989,https://parlamento.gub.uy/documentosyleyes/leyes/ley/17989,https://www.impo.com.uy/bases/leyes/17989-2006,"DIA ARTESANO (NACIONAL) - 28 JULIO. DECLARACION.",27954,0,0
2006-07-16,17988,https://parlamento.gub.uy/documentosyleyes/leyes/ley/17988,https://www.impo.com.uy/bases/leyes/17988-2006,"INMUEBLES ESTADO SORIANO (DPTO). TRANSFERENCIA INTENDENCIA SORIANO.",27110,0,0
2006-07-16,17987,https://parlamento.gub.uy/documentosyleyes/leyes/ley/17987,https://www.impo.com.uy/bases/leyes/17987-2006,"ROBALLO, Alba. SALA 15 EDIFICIO ARTIGAS PODER LEGISLATIVO. DENOMINACION.",27111,0,0
2006-07-16,17986,https://parlamento.gub.uy/documentosyleyes/leyes/ley/17986,https://www.impo.com.uy/bases/leyes/17986-2006,"FUNDACION TELETON. EQUIPAMIENTO CENTRO REHABILITACION PEDIATRICO (NACIONAL).  IVA Y COFIS CREDITO. OTORGAMIENTO.",28570,0,0
2006-07-13,17985,https://parlamento.gub.uy/documentosyleyes/leyes/ley/17985,https://www.impo.com.uy/bases/leyes/17985-2006,"DEUDOR. GARANTIAS EJECUTADAS PARTIR MARZO 2002. RELEVAMIENTO.",27637,0,0
2006-07-13,17984,https://parlamento.gub.uy/documentosyleyes/leyes/ley/17984,https://www.impo.com.uy/bases/leyes/17984-2006,"DIA JINETE ORIENTAL (15 SETIEMBRE). DECLARACION.",20832,0,0
2006-07-12,17983,https://parlamento.gub.uy/documentosyleyes/leyes/ley/17983,https://www.impo.com.uy/bases/leyes/17983-2006,"LA PALOMA (ROCHA). FUNDACION. FECHA. DETERMINACION.",27777,0,0
2006-07-10,17982,https://parlamento.gub.uy/documentosyleyes/leyes/ley/17982,https://www.impo.com.uy/bases/leyes/17982-2006,"LA VALLETTA - REPUBLICA DE MALTA. ESCUELA 116 SANTIAGO VAZQUEZ (MONTEVIDEO).  DENOMINACION.",28315,0,0
2006-07-10,17981,https://parlamento.gub.uy/documentosyleyes/leyes/ley/17981,https://www.impo.com.uy/bases/leyes/17981-2006,"ETCHEMENDY, Pedro Jacobo. ESCUELA RURAL 43 (PAYSANDU). DENOMINACION.",24821,0,0
2006-07-10,17980,https://parlamento.gub.uy/documentosyleyes/leyes/ley/17980,https://www.impo.com.uy/bases/leyes/17980-2006,"REYES, Reina. JARDIN INFANTES 223 MONTEVIDEO (DPTO). DENOMINACION.",26908,0,0
2006-07-10,17979,https://parlamento.gub.uy/documentosyleyes/leyes/ley/17979,https://www.impo.com.uy/bases/leyes/17979-2006,"MERCOSUR - EGIPTO. ACUERDO MARCO. APROBACION.",28216,0,0
2006-06-26,17978,https://parlamento.gub.uy/documentosyleyes/leyes/ley/17978,https://www.impo.com.uy/bases/leyes/17978-2006,"COOPERATIVAS SOCIALES CONSTITUCION Y FUNCIONAMIENTO. REGIMEN.",28867,1,5
2006-06-26,17977,https://parlamento.gub.uy/documentosyleyes/leyes/ley/17977,https://www.impo.com.uy/bases/leyes/17977-2006,"FLORIDA (DPTO).ANIVERSARIO FUNDACION (150). FERIADO. DECLARACION.",29318,0,0
2006-06-26,17976,https://parlamento.gub.uy/documentosyleyes/leyes/ley/17976,https://www.impo.com.uy/bases/leyes/17976-2006,"FACULTAD LATINOAMERICANA CIENCIAS SOCIALES (FLACSO). CONVENIO. APROBACION.",28435,0,0
2006-06-22,17975,https://parlamento.gub.uy/documentosyleyes/leyes/ley/17975,https://www.impo.com.uy/bases/leyes/17975-2006,"CHASSALE, Carlos. ESCUELA 276 MONTEVIDEO (DPTO.). DENOMINACION.",25242,0,0
2006-06-22,17974,https://parlamento.gub.uy/documentosyleyes/leyes/ley/17974,https://www.impo.com.uy/bases/leyes/17974-2006,"BPS. PAGO BENEFICIARIOS. GRAVAMEN. DEROGACION.",29073,2,0
2006-06-16,17973,https://parlamento.gub.uy/documentosyleyes/leyes/ley/17973,https://www.impo.com.uy/bases/leyes/17973-2006,"MERCOSUR-INDIA. ACUERDO MARCO. APROBACION.",27376,0,0
2006-06-09,17972,https://parlamento.gub.uy/documentosyleyes/leyes/ley/17972,https://www.impo.com.uy/bases/leyes/17972-2006,"ELECCIONES DIRECTORIO BPS. MARZO 2006. MULTA OMISION VOTO. EXONERACION.",29079,1,0
2006-05-29,17971,https://parlamento.gub.uy/documentosyleyes/leyes/ley/17971,https://www.impo.com.uy/bases/leyes/17971-2006,"FERREIRA ALDUNATE, Wilson. ESTACION EXPERIMENTAL BRUJAS (CANELONES).  DENOMINACION.",28426,0,0
2006-05-29,17970,https://parlamento.gub.uy/documentosyleyes/leyes/ley/17970,https://www.impo.com.uy/bases/leyes/17970-2006,"INMUEBLES ESTADO GUAYUVIRA (ARTIGAS). RELEVAMIENTO. PLAZO. PRORROGA.",29015,1,0
2006-05-29,17969,https://parlamento.gub.uy/documentosyleyes/leyes/ley/17969,https://www.impo.com.uy/bases/leyes/17969-2006,"TRABAJADOR HOSPITAL ESPAÑOL. SEGURO DESOCUPACION. PRORROGA.",29447,1,0
2006-05-29,17968,https://parlamento.gub.uy/documentosyleyes/leyes/ley/17968,https://www.impo.com.uy/bases/leyes/17968-2006,"PENSIONES GRACIABLES COMISION MEC (PERMANENTE). CREACION.",27433,0,1
2006-05-29,17967,https://parlamento.gub.uy/documentosyleyes/leyes/ley/17967,https://www.impo.com.uy/bases/leyes/17967-2006,"DERECHOS DEL MAR. PRIVILEGIOS E INMUNIDADES. TRIBUNAL INTERNACIONAL.  CONVENIO. APROBACION.",14192,0,0
2006-05-29,17966,https://parlamento.gub.uy/documentosyleyes/leyes/ley/17966,https://www.impo.com.uy/bases/leyes/17966-2006,"EEUU - URUGUAY. TRANSPORTE AEREO. CONVENIO. APROBACION.",25936,0,0
2006-05-26,17965,https://parlamento.gub.uy/documentosyleyes/leyes/ley/17965,https://www.impo.com.uy/bases/leyes/17965-2006,"BRASIL - URUGUAY. COMBATE TRAFICO AERONAVES COMPROMETIDAS ACTIVIDADES  ILICITAS TRANSNACIONALES. CONVENIO. APROBACION.",26795,0,0
2006-05-22,17964,https://parlamento.gub.uy/documentosyleyes/leyes/ley/17964,https://www.impo.com.uy/bases/leyes/17964-2006,"FONDOS MARINOS. AUTORIDAD INTERNACIONAL PRIVILEGIOS E INMUNIDADES. PROTOCOLO.  APROBACION.",27082,0,0
2006-05-19,17963,https://parlamento.gub.uy/documentosyleyes/leyes/ley/17963,https://www.impo.com.uy/bases/leyes/17963-2006,"DEUDORES BPS. FACILIDADES PAGO. BONIFICACION BUEN PAGADOR. REGIMEN.",28434,5,10
2006-05-16,17962,https://parlamento.gub.uy/documentosyleyes/leyes/ley/17962,https://www.impo.com.uy/bases/leyes/17962-2006,"DIPUTADOS. SUPLENCIA CAMARA SENADORES. RETRIBUCION. REGIMEN. MODIFICACION.",28221,1,0
2006-05-05,17961,https://parlamento.gub.uy/documentosyleyes/leyes/ley/17961,https://www.impo.com.uy/bases/leyes/17961-2006,"AIGUA (MALDONADO). ANIVERSARIO FUNDACION (100). FERIADO. DECLARACION.",28494,0,0
2006-04-26,17960,https://parlamento.gub.uy/documentosyleyes/leyes/ley/17960,https://www.impo.com.uy/bases/leyes/17960-2006,"OSE. CONTRATACION PERMANENTE. TRABAJADORES CREDIMAT. FACULTAD. OTORGAMIENTO.",28045,0,1
2006-04-24,17959,https://parlamento.gub.uy/documentosyleyes/leyes/ley/17959,https://www.impo.com.uy/bases/leyes/17959-2006,"TRIAS, Vivián. LICEO 4 LAS PIEDRAS (CANELONES). DENOMINACION.",27520,1,0
2006-04-14,17958,https://parlamento.gub.uy/documentosyleyes/leyes/ley/17958,https://www.impo.com.uy/bases/leyes/17958-2006,"JINETEADAS. DEPORTE NACIONAL. DECLARACION.",24426,0,0
2006-04-04,17957,https://parlamento.gub.uy/documentosyleyes/leyes/ley/17957,https://www.impo.com.uy/bases/leyes/17957-2006,"REGISTRO DEUDORES ALIMENTARIOS (NACIONAL). CREACION.",14938,2,3
2006-03-27,17956,https://parlamento.gub.uy/documentosyleyes/leyes/ley/17956,https://www.impo.com.uy/bases/leyes/17956-2006,"DIRECTORIO BPS. ELECCIONES. ORGANIZACION. CORTE ELECTORAL. FACULTADES.  EXTENSION.",28571,2,2
2006-03-20,17955,https://parlamento.gub.uy/documentosyleyes/leyes/ley/17955,https://www.impo.com.uy/bases/leyes/17955-2006,"FRAILE MUERTO (CERRO LARGO). CIUDAD. DECLARATORIA.",28529,0,0
2006-03-03,17954,https://parlamento.gub.uy/documentosyleyes/leyes/ley/17954,https://www.impo.com.uy/bases/leyes/17954-2006,"INMUEBLE ESTADO CERRO CHATO (TREINTA Y TRES). AFECTACION ANEP.",26583,0,0
2006-03-02,17953,https://parlamento.gub.uy/documentosyleyes/leyes/ley/17953,https://www.impo.com.uy/bases/leyes/17953-2006,"BARCO ARMADA ROU CAPITAN MIRANDA. SALIDA PAIS. AUTORIZACION.",28433,0,0
2006-03-02,17953,https://parlamento.gub.uy/documentosyleyes/leyes/ley/17953,https://www.impo.com.uy/bases/leyes/17953-2006,"BARCO ARMADA ROU CAPITAN MIRANDA. SALIDA PAIS. AUTORIZACION.",28433,0,0
2006-01-09,17952,https://parlamento.gub.uy/documentosyleyes/leyes/ley/17952,https://www.impo.com.uy/bases/leyes/17952-2006,"MOZOS CORDEL PUERTOS MONTEVIDEO Y COLONIA. FONDO RETRIBUCIONES. CREACION.",28150,4,0
2006-01-08,17951,https://parlamento.gub.uy/documentosyleyes/leyes/ley/17951,https://www.impo.com.uy/bases/leyes/17951-2006,"DEPORTE. VIOLENCIA. PREVENCION, CONTROL Y ERRADICACION. CODIGO PENAL. MODIFICACION.",27889,1,5
2006-01-08,17950,https://parlamento.gub.uy/documentosyleyes/leyes/ley/17950,https://www.impo.com.uy/bases/leyes/17950-2006,"SISTEMA NACIONAL ACREDITACION VETERINARIOS (MGAP). CREACION.",27527,1,1
2006-01-08,17949,https://parlamento.gub.uy/documentosyleyes/leyes/ley/17949,https://www.impo.com.uy/bases/leyes/17949-2006,"MILITAR DESTITUIDO MOTIVOS POLITICOS O IDEOLOGICOS. DERECHOS JUBILATORIOS.",27462,1,2
2006-01-08,17948,https://parlamento.gub.uy/documentosyleyes/leyes/ley/17948,https://www.impo.com.uy/bases/leyes/17948-2006,"DEUDORES SISTEMA FINANCIERO. NOMINA. DIVULGACION. AUTORIZACION.",27106,2,0
2006-01-08,17947,https://parlamento.gub.uy/documentosyleyes/leyes/ley/17947,https://www.impo.com.uy/bases/leyes/17947-2006,"DEUDA PUBLICA NACIONAL. TOPES. FIJACION.",28423,0,4
2006-01-05,17946,https://parlamento.gub.uy/documentosyleyes/leyes/ley/17946,https://www.impo.com.uy/bases/leyes/17946-2006,"SOCIEDADES ASISTENCIA MEDICA. AFILIACION SOCIOS. PROMOCIONES. SANCIONES.",27643,1,1
2006-01-05,17945,https://parlamento.gub.uy/documentosyleyes/leyes/ley/17945,https://www.impo.com.uy/bases/leyes/17945-2006,"JUBILACION CAJA PROFESIONALES UNIVERSITARIOS. COMPATIBILIDAD ACTIVIDAD  PROFESIONAL. INTERPRETACION.",27310,1,1
2006-01-04,17944,https://parlamento.gub.uy/documentosyleyes/leyes/ley/17944,https://www.impo.com.uy/bases/leyes/17944-2006,"MERCOSUR-ACUERDO SISTEMA GLOBAL PREFERENCIAS COMERCIALES PAISES EN DESARROLLO  (SGPC). PROTOCOLO ADHESION. APROBACION.",27380,0,0
2006-01-04,17943,https://parlamento.gub.uy/documentosyleyes/leyes/ley/17943,https://www.impo.com.uy/bases/leyes/17943-2006,"EEUU-URUGUAY. PROMOCION Y PROTECCION RECIPROCA  INVERSIONES. CONVENIO. APROBACION.",28485,0,0
2006-01-04,17942,https://parlamento.gub.uy/documentosyleyes/leyes/ley/17942,https://www.impo.com.uy/bases/leyes/17942-2006,"RECURSOS FITOGENETICOS ALIMENTACION Y AGRICULTURA. CONVENIO FAO. APROBACION.",23182,0,0
2006-01-03,17941,https://parlamento.gub.uy/documentosyleyes/leyes/ley/17941,https://www.impo.com.uy/bases/leyes/17941-2006,"MERCOSUR. REGULARIZACION MIGRATORIA INTERNA CIUDADANOS BOLIVIA Y CHILE.  CONVENIOS. APROBACION.",27508,0,0
2006-01-02,17940,https://parlamento.gub.uy/documentosyleyes/leyes/ley/17940,https://www.impo.com.uy/bases/leyes/17940-2006,"LIBERTAD SINDICAL. PROMOCION Y PROTECCION. NORMAS.",26909,3,11
2006-01-02,17939,https://parlamento.gub.uy/documentosyleyes/leyes/ley/17939,https://www.impo.com.uy/bases/leyes/17939-2006,"BANCARIOS. SEGURO DESOCUPACION. EXTENSION. CAUSAL JUBILACION ANTICIPADA  TRANSITORIA. CONFIGURACION.",28540,3,5
2005-12-29,17938,https://parlamento.gub.uy/documentosyleyes/leyes/ley/17938,https://www.impo.com.uy/bases/leyes/17938-2005,"DELITOS VIOLACION, ATENTADO VIOLENTO PUDOR, ESTUPRO Y RAPTO. EXTINCION POR  MATRIMONIO. DEROGACION. CODIGO PENAL. MODIFICACION.",27460,1,0
2005-12-26,17937,https://parlamento.gub.uy/documentosyleyes/leyes/ley/17937,https://www.impo.com.uy/bases/leyes/17937-2005,"VELASQUEZ VIDAL, Marcos Oscar. PENSION GRACIABLE. OTORGAMIENTO.",27840,0,0
2005-12-26,17936,https://parlamento.gub.uy/documentosyleyes/leyes/ley/17936,https://www.impo.com.uy/bases/leyes/17936-2005,"PEREZ, Adelina. PENSION GRACIABLE. OTORGAMIENTO.",19306,0,0
2005-12-26,17935,https://parlamento.gub.uy/documentosyleyes/leyes/ley/17935,https://www.impo.com.uy/bases/leyes/17935-2005,"CONSEJO ECONOMÍA (NACIONAL). CREACION.",25958,0,1
2005-12-26,17934,https://parlamento.gub.uy/documentosyleyes/leyes/ley/17934,https://www.impo.com.uy/bases/leyes/17934-2005,"TURISTA. OPERACIONES CON TARJETA CREDITO. REBAJA IVA.",28342,2,4
2005-12-22,17933,https://parlamento.gub.uy/documentosyleyes/leyes/ley/17933,https://www.impo.com.uy/bases/leyes/17933-2005,"OPERACION ESNAL I. BARCO ROU MONTEVIDEO. SALIDA PAIS. AUTORIZACION.",28422,0,0
2005-12-22,17932,https://parlamento.gub.uy/documentosyleyes/leyes/ley/17932,https://www.impo.com.uy/bases/leyes/17932-2005,"POMI MIRACLE, José Luis. PENSION GRACIABLE. OTORGAMIENTO.",25482,0,0
2005-12-19,17931,https://parlamento.gub.uy/documentosyleyes/leyes/ley/17931,https://www.impo.com.uy/bases/leyes/17931-2005,"HURTO. CIRCUNSTANCIAS AGRAVANTES. CODIGO PENAL. MODIFICACION.",28096,3,0
2005-12-19,17930,https://parlamento.gub.uy/documentosyleyes/leyes/ley/17930,https://www.impo.com.uy/bases/leyes/17930-2005,"PRESUPUESTO NACIONAL 2005 - 2009. APROBACION.",27624,93,42
2005-12-19,17929,https://parlamento.gub.uy/documentosyleyes/leyes/ley/17929,https://www.impo.com.uy/bases/leyes/17929-2005,"PACKER DE DAVISON, Ana. CENTRO AUXILIAR MINAS CORRALES (RIVERA).  DENOMINACION.",28052,0,0
2005-12-19,17928,https://parlamento.gub.uy/documentosyleyes/leyes/ley/17928,https://www.impo.com.uy/bases/leyes/17928-2005,"TRABAJADORES HOSPITAL ESPAÑOL. SEGURO DESOCUPACION. PRORROGA.",28245,1,0
2005-12-19,17927,https://parlamento.gub.uy/documentosyleyes/leyes/ley/17927,https://www.impo.com.uy/bases/leyes/17927-2005,"RESIDENCIA NACIONALES ESTADOS PARTES MERCOSUR, BOLIVIA Y CHILE. CONVENIO.  APROBACION.",26653,0,0
2005-12-15,17926,https://parlamento.gub.uy/documentosyleyes/leyes/ley/17926,https://www.impo.com.uy/bases/leyes/17926-2005,"HAITI. OPERACION PAZ ONU. INCREMENTO CONTINGENTE MILITAR. AUTORIZACION.",28387,0,0
2005-12-13,17925,https://parlamento.gub.uy/documentosyleyes/leyes/ley/17925,https://www.impo.com.uy/bases/leyes/17925-2005,"ROMA. ESCUELA 339 MONTEVIDEO (DPTO). DENOMINACION.",26854,0,0
2005-12-02,17924,https://parlamento.gub.uy/documentosyleyes/leyes/ley/17924,https://www.impo.com.uy/bases/leyes/17924-2005,"OPERACION NAVANT I. BARCO ROU ARTIGAS. SALIDA PAIS. AUTORIZACION.",28285,0,1
2005-12-01,17923,https://parlamento.gub.uy/documentosyleyes/leyes/ley/17923,https://www.impo.com.uy/bases/leyes/17923-2005,"SORIA GIL, Abel. PENSION GRACIABLE. OTORGAMIENTO.",25721,1,0
2005-11-25,17922,https://parlamento.gub.uy/documentosyleyes/leyes/ley/17922,https://www.impo.com.uy/bases/leyes/17922-2005,"PREDIOS INMUEBLES AFECTADOS TEMPORAL 23/08/05. LIMPIEZA. INGRESO FUNCIONARIOS  MUNICIPALES. AUTORIZACION.",27903,1,1
2005-11-22,17921,https://parlamento.gub.uy/documentosyleyes/leyes/ley/17921,https://www.impo.com.uy/bases/leyes/17921-2005,"DIRECTOR GENERAL SECRETARIA ESTADO MDN. GRADO CORONEL. REQUISITO. DEROGACION.",27468,3,1
2005-11-22,17920,https://parlamento.gub.uy/documentosyleyes/leyes/ley/17920,https://www.impo.com.uy/bases/leyes/17920-2005,"OFICIALES GENERALES. ASCENSOS. CANDIDATOS. SISTEMA SELECCION. MODIFICACION.",27406,2,0
2005-11-21,17919,https://parlamento.gub.uy/documentosyleyes/leyes/ley/17919,https://www.impo.com.uy/bases/leyes/17919-2005,"COMISIONADO PARLAMENTARIO SISTEMA CARCELARIO. MODIFICACION.",27085,4,1
2005-11-18,17918,https://parlamento.gub.uy/documentosyleyes/leyes/ley/17918,https://www.impo.com.uy/bases/leyes/17918-2005,"CAMPAÑA ANTARTICA 2005. OPERACION ANTARKOS XXII. BARCO ROU VANGUARDIA. SALIDA  PAIS. AUTORIZACION.",28198,0,0
2005-10-30,17917,https://parlamento.gub.uy/documentosyleyes/leyes/ley/17917,https://www.impo.com.uy/bases/leyes/17917-2005,"FRIGORIFICO EFCSA. TRABAJADOR DESPEDIDO PERIODO FACTO. LIQUIDACION HABERES.  ACTUALIZACION.",26814,2,2
2005-10-24,17916,https://parlamento.gub.uy/documentosyleyes/leyes/ley/17916,https://www.impo.com.uy/bases/leyes/17916-2005,"CARDAL (FLORIDA). CAPITAL CUENCA LECHERA. DECLARACION.",26621,0,0
2005-10-24,17915,https://parlamento.gub.uy/documentosyleyes/leyes/ley/17915,https://www.impo.com.uy/bases/leyes/17915-2005,"VINCI BOSCO, Ramón Joaquín. HOGAR ANCIANOS SALTO (SALTO). DENOMINACION.",27454,0,0
2005-10-21,17914,https://parlamento.gub.uy/documentosyleyes/leyes/ley/17914,https://www.impo.com.uy/bases/leyes/17914-2005,"TORTURAS, TRATOS O PENAS CRUELES, INHUMANOS O DEGRADEANTES. CONVENIO.  APROBACION.",26437,0,0
2005-10-21,17913,https://parlamento.gub.uy/documentosyleyes/leyes/ley/17913,https://www.impo.com.uy/bases/leyes/17913-2005,"OPERACION UNITAS XLVII (2005). REALIZACION. AUTORIZACION.",27921,0,0
2005-10-17,17912,https://parlamento.gub.uy/documentosyleyes/leyes/ley/17912,https://www.impo.com.uy/bases/leyes/17912-2005,"REPUBLICA FEDERAL ALEMANIA. ESCUELA RURAL 107 PARAJE CONVENTOS (CERRO lARGO).  DENOMINACION.",25985,0,0
2005-10-17,17911,https://parlamento.gub.uy/documentosyleyes/leyes/ley/17911,https://www.impo.com.uy/bases/leyes/17911-2005,"REPUBLICA DEL PARAGUAY. ESCUELA 94 RIVERA (RIVERA). DENOMINACION.",26808,0,0
2005-10-17,17910,https://parlamento.gub.uy/documentosyleyes/leyes/ley/17910,https://www.impo.com.uy/bases/leyes/17910-2005,"CONVENCION SEGURIDAD COMBUSTIBLE GASTADO Y SEGURIDAD GESTION DESECHOS  RADIOACTIVOS. APROBACION.",24091,0,0
2005-10-15,17909,https://parlamento.gub.uy/documentosyleyes/leyes/ley/17909,https://www.impo.com.uy/bases/leyes/17909-2005,"FRECUENCIAS RADIOELECTRICAS. OTORGAMIENTO. LIMITACIONES.",12761,0,0
2005-10-13,17908,https://parlamento.gub.uy/documentosyleyes/leyes/ley/17908,https://www.impo.com.uy/bases/leyes/17908-2005,"MALDONADO (MALDONADO). ANIVERSARIO FUNDACION (250). FERIADO. DIA DE MALDONADO  19 DE OCTUBRE. DECLARACION.",27450,0,0
2005-10-13,17907,https://parlamento.gub.uy/documentosyleyes/leyes/ley/17907,https://www.impo.com.uy/bases/leyes/17907-2005,"OPERACION CEIBO 2005. INTEGRANTES FUERZA AEREA SALIDA PAIS. AUTORIZACION.",27476,0,0
2005-10-12,17906,https://parlamento.gub.uy/documentosyleyes/leyes/ley/17906,https://www.impo.com.uy/bases/leyes/17906-2005,"SEGURO CONTROL BRUCELOSIS. FINANCIACION. MODIFICACION.",26876,1,1
2005-10-07,17905,https://parlamento.gub.uy/documentosyleyes/leyes/ley/17905,https://www.impo.com.uy/bases/leyes/17905-2005,"FORESTACION. SUBSIDIO. DEROGACION.",27196,4,0
2005-10-07,17904,https://parlamento.gub.uy/documentosyleyes/leyes/ley/17904,https://www.impo.com.uy/bases/leyes/17904-2005,"RENDICION CUENTAS 2004. APROBACION.",27098,14,7
2005-09-26,17903,https://parlamento.gub.uy/documentosyleyes/leyes/ley/17903,https://www.impo.com.uy/bases/leyes/17903-2005,"ESCUELA MILITAR. CADETES. CONCURRENCIA 12 OCTUBRE ACTO CONMEMORATIVO FIESTA  NACIONAL ESPAÑA. SALIDA PAIS. AUTORIZACION.",27609,0,1
2005-09-26,17902,https://parlamento.gub.uy/documentosyleyes/leyes/ley/17902,https://www.impo.com.uy/bases/leyes/17902-2005,"AGUA POTABLE Y SANEAMIENTO (MALDONADO). UNIDAD GESTION DESCONCENTRADA OSE.  CREACION.",27230,4,1
2005-09-21,17901,https://parlamento.gub.uy/documentosyleyes/leyes/ley/17901,https://www.impo.com.uy/bases/leyes/17901-2005,"SECRETARIA GENERAL IBEROAMERICANA. CONVENIO SANTA CRUZ DE LA SIERRA.  APROBACION.",27518,0,0
2005-09-20,17900,https://parlamento.gub.uy/documentosyleyes/leyes/ley/17900,https://www.impo.com.uy/bases/leyes/17900-2005,"LUISI, Paulina. HOSPITAL MUJER CENTRO HOSPITALARIO PEREIRA ROSSELL.  DENOMINACION.",26950,0,0
2005-09-19,17899,https://parlamento.gub.uy/documentosyleyes/leyes/ley/17899,https://www.impo.com.uy/bases/leyes/17899-2005,"OPERACION CEIBO 2005. INTEGRANTES EJERCITO NACIONAL. SALIDA PAIS.  AUTORIZACION.",27231,0,0
2005-09-19,17898,https://parlamento.gub.uy/documentosyleyes/leyes/ley/17898,https://www.impo.com.uy/bases/leyes/17898-2005,"BRIGADA CABALLERIA 1. CONCURRENCIA DESFILE CABALLERIA GAUCHA BINACIONAL  SANTANA DO LIVRAMENTO (BRASIL). SALIDA PAIS. AUTORIZACION.",27610,0,0
2005-09-14,17897,https://parlamento.gub.uy/documentosyleyes/leyes/ley/17897,https://www.impo.com.uy/bases/leyes/17897-2005,"SISTEMA CARCELARIO. HUMANIZACION Y MODERNIZACION. REGIMEN.",27103,15,4
2005-09-14,17896,https://parlamento.gub.uy/documentosyleyes/leyes/ley/17896,https://www.impo.com.uy/bases/leyes/17896-2005,"PASANTIAS LABORALES. ALUMNOS CECAP. REGIMEN. APLICACION. DETERMINACION.",26345,2,0
2005-09-14,17895,https://parlamento.gub.uy/documentosyleyes/leyes/ley/17895,https://www.impo.com.uy/bases/leyes/17895-2005,"CANADA-URUGUAY. CONVENIO RELACIONES CINEMATOGRAFICAS. APROBACION.",25202,0,0
2005-09-14,17894,https://parlamento.gub.uy/documentosyleyes/leyes/ley/17894,https://www.impo.com.uy/bases/leyes/17894-2005,"DESAPARECIDOS CONFIRMADOS COMISION PARA LA PAZ. DECLARACION AUSENCIA.  SUCESION. APERTURA LEGAL.",26794,1,2
2005-09-12,17893,https://parlamento.gub.uy/documentosyleyes/leyes/ley/17893,https://www.impo.com.uy/bases/leyes/17893-2005,"INMUEBLE MTOP (CANELONES). TRANSFERENCIA OSE. MODIFICACION.",26657,1,0
2005-09-08,17892,https://parlamento.gub.uy/documentosyleyes/leyes/ley/17892,https://www.impo.com.uy/bases/leyes/17892-2005,"BANDA MUSICOS BRIGADA INFANTERIA 1. CONCURRENCIA ACTOS CONMEMORATIVOS  INDEPENDENCIA BRASIL. SALIDA PAIS. AUTORIZACION.",27623,0,0
2005-08-30,17891,https://parlamento.gub.uy/documentosyleyes/leyes/ley/17891,https://www.impo.com.uy/bases/leyes/17891-2005,"TRABAJADOR EX MUTUALISTA CIMA-ESPAÑA. SEGURO DESOCUPACION. EXTENSION.",26929,1,0
2005-08-26,17890,https://parlamento.gub.uy/documentosyleyes/leyes/ley/17890,https://www.impo.com.uy/bases/leyes/17890-2005,"EJERCITO NACIONAL. DELEGACION. DESFILES CONMEMORACION INDEPENDENCIA BRASIL.  SALIDA PAIS. AUTORIZACION.",27477,0,0
2005-08-26,17889,https://parlamento.gub.uy/documentosyleyes/leyes/ley/17889,https://www.impo.com.uy/bases/leyes/17889-2005,"OPERACION ACRUX II. CONTINGENTE ARMADA NACIONAL. SALIDA PAIS. AUTORIZACION.",27083,0,0
2005-08-22,17888,https://parlamento.gub.uy/documentosyleyes/leyes/ley/17888,https://www.impo.com.uy/bases/leyes/17888-2005,"REPUBLICA ITALIANA. ESCUELA 41 TRINIDAD (FLORES). DENOMINACION.",20891,0,0
2005-08-19,17887,https://parlamento.gub.uy/documentosyleyes/leyes/ley/17887,https://www.impo.com.uy/bases/leyes/17887-2005,"VEHICULOS USADOS. IMPORTACION. PROHIBICION.",26084,1,4
2005-08-16,17886,https://parlamento.gub.uy/documentosyleyes/leyes/ley/17886,https://www.impo.com.uy/bases/leyes/17886-2005,"SANJUAN SUAREZ, Afredo. CENTRO AUXILIAR SALUD SARANDI GRANDE (FLORIDA).  DENOMINACION.",26714,0,0
2005-08-12,17885,https://parlamento.gub.uy/documentosyleyes/leyes/ley/17885,https://www.impo.com.uy/bases/leyes/17885-2005,"VOLUNTARIADO SOCIAL. PROMOCION. NORMAS.",26311,0,6
2005-08-12,17884,https://parlamento.gub.uy/documentosyleyes/leyes/ley/17884,https://www.impo.com.uy/bases/leyes/17884-2005,"DIA BANDERA NACIONAL - 18 DICIEMBRE. DECLARACION.",23421,0,0
2005-08-09,17883,https://parlamento.gub.uy/documentosyleyes/leyes/ley/17883,https://www.impo.com.uy/bases/leyes/17883-2005,"TAPIA de ARBOLEYA, Claudia. ESCUELA 56 ESTACION GONZALEZ (SAN JOSE).  DENOMINACION.",24822,0,0
2005-08-09,17882,https://parlamento.gub.uy/documentosyleyes/leyes/ley/17882,https://www.impo.com.uy/bases/leyes/17882-2005,"HEINZEN, Elida. LICEO 1 PAYSANDU (DPTO). DENOMINACION.",22992,0,0
2005-08-01,17881,https://parlamento.gub.uy/documentosyleyes/leyes/ley/17881,https://www.impo.com.uy/bases/leyes/17881-2005,"MINISTERIO DESARROLLO SOCIAL. PASES COMISION. INCREMENTO. AUTORIZACION.",27048,2,4
2005-07-29,17880,https://parlamento.gub.uy/documentosyleyes/leyes/ley/17880,https://www.impo.com.uy/bases/leyes/17880-2005,"LAPAITIS VAITKUNAITE, Eduardo. PENSION GRACIABLE. OTORGAMIENTO.",25959,0,0
2005-07-21,17879,https://parlamento.gub.uy/documentosyleyes/leyes/ley/17879,https://www.impo.com.uy/bases/leyes/17879-2005,"VENEZUELA-URUGUAY. COOPERACION INTEGRAL ENERGETICA. CONVENIO. APROBACION.",26680,0,0
2005-07-19,17878,https://parlamento.gub.uy/documentosyleyes/leyes/ley/17878,https://www.impo.com.uy/bases/leyes/17878-2005,"WALCALDE, Juan S. COMANDO ARTILLERIA EJERCITO. DENOMINACION.",23925,0,0
2005-07-19,17877,https://parlamento.gub.uy/documentosyleyes/leyes/ley/17877,https://www.impo.com.uy/bases/leyes/17877-2005,"AREA MILITAR 18 MAYO 1811. PREDIOS EJERCITO. DENOMINACION.",20824,0,0
2005-06-27,17876,https://parlamento.gub.uy/documentosyleyes/leyes/ley/17876,https://www.impo.com.uy/bases/leyes/17876-2005,"SILVEIRA, José Enrique. PENSION GRACIABLE. OTORGAMIENTO.",25845,0,0
2005-06-17,17875,https://parlamento.gub.uy/documentosyleyes/leyes/ley/17875,https://www.impo.com.uy/bases/leyes/17875-2005,"ESPINOLA, Alfonso. HOSPITAL LAS PIEDRAS (CANELONES). DENOMINACION.",20381,0,0
2005-06-09,17874,https://parlamento.gub.uy/documentosyleyes/leyes/ley/17874,https://www.impo.com.uy/bases/leyes/17874-2005,"COMPETENCIA FUERZAS COMANDO. INTEGRANTES EJERCITO NACIONAL. SALIDA PAIS.  AUTORIZACION.",26796,0,0
2005-06-08,17873,https://parlamento.gub.uy/documentosyleyes/leyes/ley/17873,https://www.impo.com.uy/bases/leyes/17873-2005,"INVERNIZZI, José Luis. LICEO PIRIAPOLIS (MALDONADO). DENOMINACION.",16920,0,0
2005-06-08,17872,https://parlamento.gub.uy/documentosyleyes/leyes/ley/17872,https://www.impo.com.uy/bases/leyes/17872-2005,"DEL CIOPPO, Atahualpa. JARDIN INFANTES 365 (MONTEVIDEO). DENOMINACION.",24428,0,0
2005-06-08,17871,https://parlamento.gub.uy/documentosyleyes/leyes/ley/17871,https://www.impo.com.uy/bases/leyes/17871-2005,"BURGUEÑO MIGUEL, Domingo. RUTA NACIONAL 39 (MALDONADO). DENOMINACION.",14651,0,0
2005-05-28,17870,https://parlamento.gub.uy/documentosyleyes/leyes/ley/17870,https://www.impo.com.uy/bases/leyes/17870-2005,"INMUEBLE PLAYA DEL RINCON DE LA HIGUERA (SORIANO). EXPROPIACION. UTILIDAD  PUBLICA. DECLARACION.",25847,0,0
2005-05-20,17869,https://parlamento.gub.uy/documentosyleyes/leyes/ley/17869,https://www.impo.com.uy/bases/leyes/17869-2005,"PLAN ATENCION NACIONAL EMERGENCIA SOCIAL (PANES). CREACION.",26318,4,2
2005-05-18,17868,https://parlamento.gub.uy/documentosyleyes/leyes/ley/17868,https://www.impo.com.uy/bases/leyes/17868-2005,"DIA GRITO DE ASENCIO (28 FEBRERO). FERIADO LABORABLE SORIANO (DPTO).  DECLARACION.",25848,0,0
2005-05-02,17867,https://parlamento.gub.uy/documentosyleyes/leyes/ley/17867,https://www.impo.com.uy/bases/leyes/17867-2005,"BARCO ARMADA ROU CAPITAN MIRANDA. SALIDA PAIS. AUTORIZACION.",26126,0,0
2005-03-21,17866,https://parlamento.gub.uy/documentosyleyes/leyes/ley/17866,https://www.impo.com.uy/bases/leyes/17866-2005,"MINISTERIO DESARROLLO SOCIAL. CREACION.",25956,6,4
2005-03-21,17865,https://parlamento.gub.uy/documentosyleyes/leyes/ley/17865,https://www.impo.com.uy/bases/leyes/17865-2005,"DIRECTORES ENTES AUTONOMOS Y SERVICIOS DESCENTRALIZADOS. DESIGNACION MAYORIA  MIEMBROS. CESE INTEGRANTES.",26108,0,0
2005-03-21,17864,https://parlamento.gub.uy/documentosyleyes/leyes/ley/17864,https://www.impo.com.uy/bases/leyes/17864-2005,"OCUPANTES INMUEBLES GUAYUVIRA (ARTIGAS). LANZAMIENTO. SUSPENSION.",26075,0,1
2005-03-11,17863,https://parlamento.gub.uy/documentosyleyes/leyes/ley/17863,https://www.impo.com.uy/bases/leyes/17863-2005,"COOPERATIVAS INTERMEDIACION FINANCIERA. CAPITALIZACION.",26012,0,0
2005-02-28,17862,https://parlamento.gub.uy/documentosyleyes/leyes/ley/17862,https://www.impo.com.uy/bases/leyes/17862-2005,"CORTE ELECTORAL. HORARIO TRABAJO FUNCIONARIOS ELECCIONES DEPARTAMENTALES.  EXTENSION Y COMPENSACION. AUTORIZACION.",25827,1,0
2004-12-28,17861,https://parlamento.gub.uy/documentosyleyes/leyes/ley/17861,https://www.impo.com.uy/bases/leyes/17861-2004,"CONVENCION ONU CONTRA DELINCUENCIA ORGANIZADA TRASNACIONAL Y PROTOCOLOS  COMPLEMENTARIOS. APROBACION.",23044,0,1
2004-12-28,17860,https://parlamento.gub.uy/documentosyleyes/leyes/ley/17860,https://www.impo.com.uy/bases/leyes/17860-2004,"HAITI. OPERACION PAZ ONU. CONTINGENTE MILITAR. INCREMENTO. SALIDA PAIS.  AUTORIZACION.",25648,1,0
2004-12-20,17859,https://parlamento.gub.uy/documentosyleyes/leyes/ley/17859,https://www.impo.com.uy/bases/leyes/17859-2004,"SUBSIDIO TRANSITORIO INCAPACIDAD PARCIAL. MODIFICACION.",24640,1,2
2004-12-20,17858,https://parlamento.gub.uy/documentosyleyes/leyes/ley/17858,https://www.impo.com.uy/bases/leyes/17858-2004,"TRABAJADOR ACTIVIDAD PRIVADA EXILIADO O PRESO POLITICO. COMPUTO JUBILATORIO.  REGIMEN. PAGO. PRORROGA.",24823,2,0
2004-12-20,17857,https://parlamento.gub.uy/documentosyleyes/leyes/ley/17857,https://www.impo.com.uy/bases/leyes/17857-2004,"REGIMIENTO GUARDIA REPUBLICANA. SUBPROGRAMA.  MODIFICACION.",23966,1,0
2004-12-20,17856,https://parlamento.gub.uy/documentosyleyes/leyes/ley/17856,https://www.impo.com.uy/bases/leyes/17856-2004,"BASE PRESTACIONES Y CONTRIBUCION. CREACION. SUSTITUCION SALARIO MINIMO  NACIONAL.",25291,0,10
2004-12-20,17855,https://parlamento.gub.uy/documentosyleyes/leyes/ley/17855,https://www.impo.com.uy/bases/leyes/17855-2004,"MERCOSUR. COMERCIO SERVICIOS. PROTOCOLO MONTEVIDEO. APROBACION.",15225,0,1
2004-12-10,17854,https://parlamento.gub.uy/documentosyleyes/leyes/ley/17854,https://www.impo.com.uy/bases/leyes/17854-2004,"ESCRITURAS PUBLICAS. SUSCRIPCION. IDENTIFICACION PERSONAS FISICAS. LEY  ORGANICA NOTARIAL. MODIFICACION",20615,0,0
2004-12-10,17853,https://parlamento.gub.uy/documentosyleyes/leyes/ley/17853,https://www.impo.com.uy/bases/leyes/17853-2004,"BARCO ARMADA ROU MONTEVIDEO Y ALUMNOS ASPIRANTES ESCUELA NAVAL. VIAJE FIN DE  CURSO. SALIDA PAIS. AUTORIZACION.",25391,0,0
2004-12-10,17852,https://parlamento.gub.uy/documentosyleyes/leyes/ley/17852,https://www.impo.com.uy/bases/leyes/17852-2004,"CONTAMINACION ACUSTICA. PROTECCION.",11568,3,0
2004-12-08,17851,https://parlamento.gub.uy/documentosyleyes/leyes/ley/17851,https://www.impo.com.uy/bases/leyes/17851-2004,"CANDIA ACUÑA, Washington. PENSION GRACIABLE. OTORGAMIENTO.",24968,0,0
2004-12-08,17850,https://parlamento.gub.uy/documentosyleyes/leyes/ley/17850,https://www.impo.com.uy/bases/leyes/17850-2004,"DEPORTISTAS GANADORES MEDALLAS OLIMPICAS. PENSION GRACIABLE. OTORGAMIENTO.",24966,0,0
2004-11-29,17849,https://parlamento.gub.uy/documentosyleyes/leyes/ley/17849,https://www.impo.com.uy/bases/leyes/17849-2004,"ENVASES NO RETORNABLES. USO. PROHIBICION.",20751,1,1
2004-11-26,17848,https://parlamento.gub.uy/documentosyleyes/leyes/ley/17848,https://www.impo.com.uy/bases/leyes/17848-2004,"FONDO INDUSTRIA PERIODISTICA DE MONTEVIDEO (COMPLEMENTARIO). VIGENCIA.  INTERPRETACION.",25030,1,0
2004-11-26,17847,https://parlamento.gub.uy/documentosyleyes/leyes/ley/17847,https://www.impo.com.uy/bases/leyes/17847-2004,"DISCAPACITADO. TRABAJO Y PASIVIDAD. COMPATIBILIDAD. TOPE. FIJACION.",22388,1,0
2004-11-26,17846,https://parlamento.gub.uy/documentosyleyes/leyes/ley/17846,https://www.impo.com.uy/bases/leyes/17846-2004,"CAMPAÑA ANTARTICA 2004. OPERACION ANTARKOS XXI. BARCO ROU VANGUARDIA. SALIDA  PAIS. AUTORIZACION.",25385,0,0
2004-10-21,17845,https://parlamento.gub.uy/documentosyleyes/leyes/ley/17845,https://www.impo.com.uy/bases/leyes/17845-2004,"ENSEÑANZA PRIMARIA (IMPUESTO). DEUDAS. PAGO. FACILIDADES.",23529,1,0
2004-10-21,17844,https://parlamento.gub.uy/documentosyleyes/leyes/ley/17844,https://www.impo.com.uy/bases/leyes/17844-2004,"FONDO RECONSTRUCCION Y FOMENTO GRANJA (FRIG). MODIFICACION.",24317,1,4
2004-10-21,17843,https://parlamento.gub.uy/documentosyleyes/leyes/ley/17843,https://www.impo.com.uy/bases/leyes/17843-2004,"FORESTACION. EXPLOTACION. IMPUESTOS. EXONERACION.",22197,1,1
2004-10-15,17842,https://parlamento.gub.uy/documentosyleyes/leyes/ley/17842,https://www.impo.com.uy/bases/leyes/17842-2004,"NAVARRO BENTANCUR, Elena. ESCUELA 3 TRANQUERAS (RIVERA). DENOMINACION.",14734,0,0
2004-10-15,17841,https://parlamento.gub.uy/documentosyleyes/leyes/ley/17841,https://www.impo.com.uy/bases/leyes/17841-2004,"JUBILACIONES Y PENSIONES BANCARIAS. IMPUESTO TRANSITORIO. CREACION.",25108,2,5
2004-10-13,17840,https://parlamento.gub.uy/documentosyleyes/leyes/ley/17840,https://www.impo.com.uy/bases/leyes/17840-2004,"OPERACION UNITAS XLVI (2004). REALIZACION. AUTORIZACION.",25257,0,0
2004-09-27,17839,https://parlamento.gub.uy/documentosyleyes/leyes/ley/17839,https://www.impo.com.uy/bases/leyes/17839-2004,"ISRAEL-URUGUAY.PROMOCION Y PROTECCIÓN INVERSIONES. CONVENIO. APROBACION.",10897,0,0
2004-09-24,17838,https://parlamento.gub.uy/documentosyleyes/leyes/ley/17838,https://www.impo.com.uy/bases/leyes/17838-2004,"HABEAS DATA Y DATOS PERSONALES CARACTER COMERCIAL. NORMAS. REGULACION.",21844,1,3
2004-09-23,17837,https://parlamento.gub.uy/documentosyleyes/leyes/ley/17837,https://www.impo.com.uy/bases/leyes/17837-2004,"OPERACION CEIBO 2004. INTEGRANTES EJERCITO ARGENTINO. INGRESO PAIS.  AUTORIZACION.",24402,0,0
2004-09-23,17836,https://parlamento.gub.uy/documentosyleyes/leyes/ley/17836,https://www.impo.com.uy/bases/leyes/17836-2004,"POLICIA. ASCENSOS. RETROACTIVIDADES. INTERPRETACION LEY.",24286,1,0
2004-09-23,17835,https://parlamento.gub.uy/documentosyleyes/leyes/ley/17835,https://www.impo.com.uy/bases/leyes/17835-2004,"LAVADO ACTIVOS Y FINANCIAMIENTO TERRORISMO. CONTROL Y PREVENCION. REGIMEN.",23866,6,11
2004-09-23,17834,https://parlamento.gub.uy/documentosyleyes/leyes/ley/17834,https://www.impo.com.uy/bases/leyes/17834-2004,"MERCOSUR. ARBITRAJE COMERCIAL INTERNACIONAL. CONVENIO. APROBACION.",19748,0,0
2004-09-22,17833,https://parlamento.gub.uy/documentosyleyes/leyes/ley/17833,https://www.impo.com.uy/bases/leyes/17833-2004,"GULARTE, Jorge. PENSION GRACIABLE. OTORGAMIENTO.",25267,0,0
2004-09-22,17832,https://parlamento.gub.uy/documentosyleyes/leyes/ley/17832,https://www.impo.com.uy/bases/leyes/17832-2004,"MERCOSUR-CHILE. PROTOCOLO ADICIONAL (21). ACUERDO COMPLEMENTACION ECONOMICA  35. APROBACION.",19891,0,0
2004-09-22,17831,https://parlamento.gub.uy/documentosyleyes/leyes/ley/17831,https://www.impo.com.uy/bases/leyes/17831-2004,"BRAYER BLANCO, Enrique. ESCUELA 32 GRANJA MANGRULLO (CERRO LARGO).  DENOMINACION.",20202,0,0
2004-09-22,17830,https://parlamento.gub.uy/documentosyleyes/leyes/ley/17830,https://www.impo.com.uy/bases/leyes/17830-2004,"ELECCIONES DEPARTAMENTALES 2005. PARTIDOS POLITICOS. GASTOS. RECURSOS.",24532,1,0
2004-09-18,17829,https://parlamento.gub.uy/documentosyleyes/leyes/ley/17829,https://www.impo.com.uy/bases/leyes/17829-2004,"RETENCIONES HABERES. TOPE MAXIMO. FIJACION.",20506,0,17
2004-09-15,17828,https://parlamento.gub.uy/documentosyleyes/leyes/ley/17828,https://www.impo.com.uy/bases/leyes/17828-2004,"OIT-URUGUAY. CONVENIO 184 SEGURIDAD Y SALUD AGRICULTURA. APROBACION.",23918,0,0
2004-09-14,17827,https://parlamento.gub.uy/documentosyleyes/leyes/ley/17827,https://www.impo.com.uy/bases/leyes/17827-2004,"LEGISLADOR. LICENCIAS Y SUPLENCIAS. REGIMEN. MODIFICACION.",24780,2,2
2004-09-14,17826,https://parlamento.gub.uy/documentosyleyes/leyes/ley/17826,https://www.impo.com.uy/bases/leyes/17826-2004,"ABIGEATO. DELITO. CODIGO RURAL. MODIFICACION.",21484,0,0
2004-09-10,17825,https://parlamento.gub.uy/documentosyleyes/leyes/ley/17825,https://www.impo.com.uy/bases/leyes/17825-2004,"DIA NOCHE DE LA NOSTALGIA (24 AGOSTO). DECLARACION.",19775,0,0
2004-09-09,17824,https://parlamento.gub.uy/documentosyleyes/leyes/ley/17824,https://www.impo.com.uy/bases/leyes/17824-2004,"SARAVIA, Aparicio. ANIVERSARIO FALLECIMIENTO (100) FERIADO NO LABORABLE.  REMUNERACION.",25183,1,0
2004-09-07,17823,https://parlamento.gub.uy/documentosyleyes/leyes/ley/17823,https://www.impo.com.uy/bases/leyes/17823-2004,"CODIGO NIÑEZ Y ADOLESCENCIA. APROBACION.",13439,8,39
2004-09-07,17822,https://parlamento.gub.uy/documentosyleyes/leyes/ley/17822,https://www.impo.com.uy/bases/leyes/17822-2004,"MEXICO-URUGUAY. EXTRADICION. CONVENIO. APROBACION.",15224,0,0
2004-09-07,17821,https://parlamento.gub.uy/documentosyleyes/leyes/ley/17821,https://www.impo.com.uy/bases/leyes/17821-2004,"MEXICO-URUGUAY. COOPERACION ASISTENCIA JURIDICA MATERIA PENAL. CONVENIO.  APROBACION.",15762,0,0
2004-09-07,17820,https://parlamento.gub.uy/documentosyleyes/leyes/ley/17820,https://www.impo.com.uy/bases/leyes/17820-2004,"URSEC. FUNCIONAMIENTO Y CONTRALOR MERCADOS COMPETENTES. REGIMEN.",22923,2,3
2004-09-07,17818,https://parlamento.gub.uy/documentosyleyes/leyes/ley/17818,https://www.impo.com.uy/bases/leyes/17818-2004,"PUBLICIDAD ELECTORAL. REGIMEN. MODIFICACION.",22369,1,1
2004-09-06,17819,https://parlamento.gub.uy/documentosyleyes/leyes/ley/17819,https://www.impo.com.uy/bases/leyes/17819-2004,"JUBILACION, PENSION Y RETIRO. ACUMULACION SERVICIOS. REGIMEN.",22925,0,5
2004-09-06,17817,https://parlamento.gub.uy/documentosyleyes/leyes/ley/17817,https://www.impo.com.uy/bases/leyes/17817-2004,"COMISION DISCRIMINACION, XENOFOBIA Y RACISMO (HONORARIA). CREACION. INTERES  NACIONAL. DECLARACION.",21673,1,4
2004-09-06,17816,https://parlamento.gub.uy/documentosyleyes/leyes/ley/17816,https://www.impo.com.uy/bases/leyes/17816-2004,"INMUEBLES Ismael CORTINAS (FLORES). EXPROPIACION INTENDENCIA MUNICIPAL.  UTILIDAD PUBLICA. DECLARACION.",22357,0,0
2004-09-06,17815,https://parlamento.gub.uy/documentosyleyes/leyes/ley/17815,https://www.impo.com.uy/bases/leyes/17815-2004,"PORNOGRAFIA Y PROSTITUCION INFANTIL. PENAS. REGLAMENTACION.",23227,1,8
2004-09-06,17814,https://parlamento.gub.uy/documentosyleyes/leyes/ley/17814,https://www.impo.com.uy/bases/leyes/17814-2004,"ARREDONDO, Horacio. RUTA 19 TRAMO RUTA 15-CHUY (ROCHA). DENOMINACION.",20344,1,0
2004-09-06,17813,https://parlamento.gub.uy/documentosyleyes/leyes/ley/17813,https://www.impo.com.uy/bases/leyes/17813-2004,"HELGUERA, Gregorio. ESCUELA AGRARIA TACUAREMBO (DPTO). DENOMINACION.",21267,0,0
2004-09-06,17812,https://parlamento.gub.uy/documentosyleyes/leyes/ley/17812,https://www.impo.com.uy/bases/leyes/17812-2004,"DUNANT, Henry. ESCUELA 175 PANDO (CANELONES). DENOMINACION.",21735,0,0
2004-09-06,17811,https://parlamento.gub.uy/documentosyleyes/leyes/ley/17811,https://www.impo.com.uy/bases/leyes/17811-2004,"INMUEBLES ESTADO CERRO DEL TORO (MALDONADO). TRANSFERENCIA ANEP.",23919,0,0
2004-09-06,17810,https://parlamento.gub.uy/documentosyleyes/leyes/ley/17810,https://www.impo.com.uy/bases/leyes/17810-2004,"BENGOCHEA RODRIGUEZ, Indalecio. ESCUELA MARMARAJA (LAVALLEJA). DENOMINACION.",20781,0,0
2004-09-06,17809,https://parlamento.gub.uy/documentosyleyes/leyes/ley/17809,https://www.impo.com.uy/bases/leyes/17809-2004,"PORTUGAL. ESCUELA RURAL 91 SALTO (DPTO). DENOMINACION.",20777,0,0
2004-09-06,17808,https://parlamento.gub.uy/documentosyleyes/leyes/ley/17808,https://www.impo.com.uy/bases/leyes/17808-2004,"SANT'ANNA, Joaquín. ESCUELA BARRIO BALTASAR BRUM SALTO (DPTO). DENOMINACION.",18713,0,0
2004-09-01,17807,https://parlamento.gub.uy/documentosyleyes/leyes/ley/17807,https://www.impo.com.uy/bases/leyes/17807-2004,"INMUEBLE MTOP PARAJE ARROYO VEJIGAS (CANELONES). TRANSFERENCIA OSE.",22566,0,1
2004-08-31,17806,https://parlamento.gub.uy/documentosyleyes/leyes/ley/17806,https://www.impo.com.uy/bases/leyes/17806-2004,"INMUEBLE MTOP CANELONES (DPTO). TRANSFERENCIA INTENDENCIA MUNICIPAL.",22565,0,0
2004-08-26,17805,https://parlamento.gub.uy/documentosyleyes/leyes/ley/17805,https://www.impo.com.uy/bases/leyes/17805-2004,"DERECHOS AUTOR. PUBLICACION ARTICULOS MEDIOS PRENSA. LEY. MODIFICACION.",22196,1,0
2004-08-24,17804,https://parlamento.gub.uy/documentosyleyes/leyes/ley/17804,https://www.impo.com.uy/bases/leyes/17804-2004,"INDEPENDENCIA BRASIL Y URUGUAY. ACTOS CONMEMORATIVOS. EFECTIVOS MILITARES.  INGRESO Y SALIDA PAIS. AUTORIZACION.",24859,0,0
2004-08-24,17803,https://parlamento.gub.uy/documentosyleyes/leyes/ley/17803,https://www.impo.com.uy/bases/leyes/17803-2004,"LACTANCIA MATERNA. FOMENTO. PUBLICIDAD. NORMAS.",18571,0,0
2004-08-20,17802,https://parlamento.gub.uy/documentosyleyes/leyes/ley/17802,https://www.impo.com.uy/bases/leyes/17802-2004,"PELICULAS CINEMATOGRAFICAS EXHIBICION Y DISTRIBUCION. IMPUESTOS. EXONERACION.",22508,3,0
2004-08-18,17801,https://parlamento.gub.uy/documentosyleyes/leyes/ley/17801,https://www.impo.com.uy/bases/leyes/17801-2004,"FONDO MUSICA (NACIONAL). CREACION. MODIFICACION.",23451,1,0
2004-08-17,17800,https://parlamento.gub.uy/documentosyleyes/leyes/ley/17800,https://www.impo.com.uy/bases/leyes/17800-2004,"INMUEBLE LA PAZ (CANELONES). EXPROPIACION INTENDENCIA MUNICIPAL. UTILIDAD  PUBLICA. DECLARACION.",19926,0,0
2004-08-12,17799,https://parlamento.gub.uy/documentosyleyes/leyes/ley/17799,https://www.impo.com.uy/bases/leyes/17799-2004,"PARTIDOS POLITICOS. PATRIMONIO Y RECURSOS. FINANCIAMIENTO. REGIMEN.",19441,0,0
2004-08-12,17798,https://parlamento.gub.uy/documentosyleyes/leyes/ley/17798,https://www.impo.com.uy/bases/leyes/17798-2004,"SARAVIA, Aparicio. ANIVERSARIO FALLECIMIENTO (100). FERIADO. DECLARACION.",22899,0,1
2004-08-10,17797,https://parlamento.gub.uy/documentosyleyes/leyes/ley/17797,https://www.impo.com.uy/bases/leyes/17797-2004,"ELECCIONES DEPARTAMENTALES. CANDIDATO INTENDENTE REELECCION. SUPLENTE.  NORMAS.",22841,0,0
2004-08-09,17796,https://parlamento.gub.uy/documentosyleyes/leyes/ley/17796,https://www.impo.com.uy/bases/leyes/17796-2004,"ADULTO MAYOR. PROTECCION INTEGRAL. REGIMEN.",17793,1,1
2004-07-28,17795,https://parlamento.gub.uy/documentosyleyes/leyes/ley/17795,https://www.impo.com.uy/bases/leyes/17795-2004,"SARAVIA, Aparicio. REGIMIENTO CABALLERIA MECANIZADA 7 RIO BRANCO (CERRO  LARGO). DENOMINACION.",22898,0,0
2004-07-22,17794,https://parlamento.gub.uy/documentosyleyes/leyes/ley/17794,https://www.impo.com.uy/bases/leyes/17794-2004,"COOPERATIVAS PRODUCCION O TRABAJO ASOCIADO. CONSTITUCION Y FUNCIONAMIENTO.  REGULACION.",20126,4,2
2004-07-16,17793,https://parlamento.gub.uy/documentosyleyes/leyes/ley/17793,https://www.impo.com.uy/bases/leyes/17793-2004,"TABACO. CONTROL. CONVENIO MARCO OMS. APROBACION.",24047,0,1
2004-07-14,17792,https://parlamento.gub.uy/documentosyleyes/leyes/ley/17792,https://www.impo.com.uy/bases/leyes/17792-2004,"INSTITUTO PASTEUR (PARIS) - URUGUAY. FUNDACION. CONSTITUCION. AUTORIZACION.",24803,4,4
2004-07-14,17791,https://parlamento.gub.uy/documentosyleyes/leyes/ley/17791,https://www.impo.com.uy/bases/leyes/17791-2004,"TRABAJADOR EMPRESA FUNSA. SEGURO DESOCUPACION. PRORROGA.",24620,2,0
2004-06-29,17790,https://parlamento.gub.uy/documentosyleyes/leyes/ley/17790,https://www.impo.com.uy/bases/leyes/17790-2004,"0PERACION UNITAS XLV (2004). REALIZACION. AUTORIZACION.",24287,0,0
2004-06-29,17789,https://parlamento.gub.uy/documentosyleyes/leyes/ley/17789,https://www.impo.com.uy/bases/leyes/17789-2004,"PRESTAMOS BROU EMPRESAS EXPORTADORAS. AUMENTO LIMITE CREDITO. PRORROGA PLAZO  31 DICIEMBRE 2004.",24133,1,0
2004-06-29,17788,https://parlamento.gub.uy/documentosyleyes/leyes/ley/17788,https://www.impo.com.uy/bases/leyes/17788-2004,"ITALIA-URUGUAY. MEMORANDUM ENTENDIMIENTO AYUDA SISTEMA SANITARIO PUBLICO.  CONCESION CREDITO. APROBACION.",23695,0,0
2004-06-29,17787,https://parlamento.gub.uy/documentosyleyes/leyes/ley/17787,https://www.impo.com.uy/bases/leyes/17787-2004,"ELECCIONES NACIONALES 2004. PARTIDOS POLITICOS. GASTOS. RECURSOS.",24527,1,0
2004-06-23,17786,https://parlamento.gub.uy/documentosyleyes/leyes/ley/17786,https://www.impo.com.uy/bases/leyes/17786-2004,"SEGURO ENFERMEDAD. PRESTACIONES. INCOMPATIBILIDAD. MODIFICACION.",22924,1,0
2004-06-22,17785,https://parlamento.gub.uy/documentosyleyes/leyes/ley/17785,https://www.impo.com.uy/bases/leyes/17785-2004,"HAITI. OPERACION PAZ ONU. CONTINGENTE MILITAR. SALIDA PAIS. AUTORIZACION.",24557,0,8
2004-06-15,17784,https://parlamento.gub.uy/documentosyleyes/leyes/ley/17784,https://www.impo.com.uy/bases/leyes/17784-2004,"CANDEAU, Alberto. LICEO PASO CARRASCO (CANELONES). DENOMINACION.",22991,0,0
2004-06-09,17783,https://parlamento.gub.uy/documentosyleyes/leyes/ley/17783,https://www.impo.com.uy/bases/leyes/17783-2004,"ITALIA-URUGUAY. AYUDA FINANCIERA. MEMORANDUM ENTENDIMIENTO. APROBACION.",23698,0,0
2004-06-04,17782,https://parlamento.gub.uy/documentosyleyes/leyes/ley/17782,https://www.impo.com.uy/bases/leyes/17782-2004,"PREDIOS ADYACENTES PUERTO DEL BUCEO (MONTEVIDEO). DESAFECTACION.",23090,0,0
2004-06-03,17781,https://parlamento.gub.uy/documentosyleyes/leyes/ley/17781,https://www.impo.com.uy/bases/leyes/17781-2004,"CERTIFICADOS DEPOSITO Y WARRANTS. NORMAS. REGULACION.",23441,2,0
2004-05-27,17780,https://parlamento.gub.uy/documentosyleyes/leyes/ley/17780,https://www.impo.com.uy/bases/leyes/17780-2004,"REACTIVACION ECONOMICA. BENEFICIOS TRIBUTARIOS. MEJORA.",23729,0,0
2004-05-26,17779,https://parlamento.gub.uy/documentosyleyes/leyes/ley/17779,https://www.impo.com.uy/bases/leyes/17779-2004,"MESETA DE ARTIGAS. ESCUELA RURAL 86 BALTASAR BRUM (PAYSANDU). DENOMINACION.",14662,0,0
2004-05-24,17778,https://parlamento.gub.uy/documentosyleyes/leyes/ley/17778,https://www.impo.com.uy/bases/leyes/17778-2004,"DIA LIBERTAD EXPRESION PENSAMIENTO (20 SETIEMBRE). DECLARACION.",16804,0,1
2004-05-21,17777,https://parlamento.gub.uy/documentosyleyes/leyes/ley/17777,https://www.impo.com.uy/bases/leyes/17777-2004,"SOCIEDADES AGRARIAS. CONTRATOS AGRARIOS COLECTIVOS Y DE INTEGRACION  PRODUCTIVA. REGIMEN.",21667,3,7
2004-05-21,17776,https://parlamento.gub.uy/documentosyleyes/leyes/ley/17776,https://www.impo.com.uy/bases/leyes/17776-2004,"LOS TALAS (MALDONADO). CENTRO POBLADO. DECLARATORIA.",19445,0,0
2004-05-20,17775,https://parlamento.gub.uy/documentosyleyes/leyes/ley/17775,https://www.impo.com.uy/bases/leyes/17775-2004,"NAFTA, PINTURA, CAÑOS Y ENVASES CON PLOMO. COMERCIAIZACION. PROHIBICION.",17158,1,1
2004-05-20,17774,https://parlamento.gub.uy/documentosyleyes/leyes/ley/17774,https://www.impo.com.uy/bases/leyes/17774-2004,"PLOMO. ANALISIS DOSIFICACION TRABAJADOR EXPUESTO. OBLIGATORIEDAD.",17156,0,0
2004-05-20,17773,https://parlamento.gub.uy/documentosyleyes/leyes/ley/17773,https://www.impo.com.uy/bases/leyes/17773-2004,"PRESUMARIO. RESERVA. CODIGO PROCESO PENAL. MODIFICACION.",20812,0,1
2004-05-19,17772,https://parlamento.gub.uy/documentosyleyes/leyes/ley/17772,https://www.impo.com.uy/bases/leyes/17772-2004,"AGUERRE ARISTEGUI, Miguel. ESCUELA RURAL 54 VILLA SARA (RIVERA).  DENOMINACION.",19515,0,0
2004-05-19,17771,https://parlamento.gub.uy/documentosyleyes/leyes/ley/17771,https://www.impo.com.uy/bases/leyes/17771-2004,"GUTIERREZ BRAVO, Egriselda. ESCUELA CARDONA (SORIANO). DENOMINACION.",18904,0,0
2004-05-19,17770,https://parlamento.gub.uy/documentosyleyes/leyes/ley/17770,https://www.impo.com.uy/bases/leyes/17770-2004,"SUIZA. ESCUELA 20 LAGUNA DE LOS PATOS (COLONIA). DENOMINACION.",19517,0,0
2004-05-19,17769,https://parlamento.gub.uy/documentosyleyes/leyes/ley/17769,https://www.impo.com.uy/bases/leyes/17769-2004,"REPUBLICA POPULAR CHINA. ESCUELA 319 (MONTEVIDEO). DENOMINACION.",22990,0,0
2004-05-19,17768,https://parlamento.gub.uy/documentosyleyes/leyes/ley/17768,https://www.impo.com.uy/bases/leyes/17768-2004,"SILVA, Cayetano. ESCUELA 10 TIEMPO COMPLETO MALDONADO (DPTO.). DENOMINACION.",20780,0,0
2004-05-19,17767,https://parlamento.gub.uy/documentosyleyes/leyes/ley/17767,https://www.impo.com.uy/bases/leyes/17767-2004,"CACIQUE VAIMACA PERU. RESTOS. EXPERIMENTOS CIENTIFICOS. PROHIBICION.",21668,0,0
2004-05-17,17766,https://parlamento.gub.uy/documentosyleyes/leyes/ley/17766,https://www.impo.com.uy/bases/leyes/17766-2004,"MEXICO-URUGUAY. TRATADO LIBRE COMERCIO. APROBACION.",23527,0,0
2004-05-17,17765,https://parlamento.gub.uy/documentosyleyes/leyes/ley/17765,https://www.impo.com.uy/bases/leyes/17765-2004,"GALLINAL HEBER, Alberto. LICEO RURAL CERRO PELADO (RIVERA). DENOMINACION.",18599,0,0
2004-05-17,17764,https://parlamento.gub.uy/documentosyleyes/leyes/ley/17764,https://www.impo.com.uy/bases/leyes/17764-2004,"REPUBLICA FRANCESA. ESCUELA 134 RIVERA (DPTO.). DENOMACION.",20537,0,0
2004-05-17,17763,https://parlamento.gub.uy/documentosyleyes/leyes/ley/17763,https://www.impo.com.uy/bases/leyes/17763-2004,"CASAL, Julio J. ESCUELA 243 MONTEVIDEO. DENOMINACION.",15892,0,0
2004-05-13,17762,https://parlamento.gub.uy/documentosyleyes/leyes/ley/17762,https://www.impo.com.uy/bases/leyes/17762-2004,"BARCO ARMADA ROU CAPITAN MIRANDA. SALIDA PAIS. AUTORIZACION.",24303,0,0
2004-05-12,17761,https://parlamento.gub.uy/documentosyleyes/leyes/ley/17761,https://www.impo.com.uy/bases/leyes/17761-2004,"UNIDAD INDEXADA (UI). CREACION.",22701,0,0
2004-05-12,17760,https://parlamento.gub.uy/documentosyleyes/leyes/ley/17760,https://www.impo.com.uy/bases/leyes/17760-2004,"REPUBLICA DOMINICANA-URUGUAY. COOPERACION TURISTICA. CONVENIO. APROBACION.",19773,0,0
2004-05-12,17759,https://parlamento.gub.uy/documentosyleyes/leyes/ley/17759,https://www.impo.com.uy/bases/leyes/17759-2004,"FINLANDIA-URUGUAY. PROMOCION Y PROTECCION INVERSIONES. CONVENIO. APROBACION.",22056,0,0
2004-05-04,17758,https://parlamento.gub.uy/documentosyleyes/leyes/ley/17758,https://www.impo.com.uy/bases/leyes/17758-2004,"ASIGNACION FAMILIAR HOGARES MENORES RECURSOS. BENEFICIO. PRESTACION. REGIMEN.",23686,4,1
2004-04-23,17757,https://parlamento.gub.uy/documentosyleyes/leyes/ley/17757,https://www.impo.com.uy/bases/leyes/17757-2004,"RUTA DE LOS CHARRUAS. TRAMO RUTA NACIONAL 90. DENOMINACION.",22413,0,0
2004-04-22,17756,https://parlamento.gub.uy/documentosyleyes/leyes/ley/17756,https://www.impo.com.uy/bases/leyes/17756-2004,"CINCUNEGUI, Héctor. PENSION GRACIABLE. OTORGAMIENTO.",21649,0,0
2004-04-01,17755,https://parlamento.gub.uy/documentosyleyes/leyes/ley/17755,https://www.impo.com.uy/bases/leyes/17755-2004,"CORTE ELECTORAL. HORARIO TRABAJO FUNCIONARIOS. EXTENSION Y COMPENSACION.  AUTORIZACION.",24049,2,2
2004-03-31,17754,https://parlamento.gub.uy/documentosyleyes/leyes/ley/17754,https://www.impo.com.uy/bases/leyes/17754-2004,"TRINIDAD (FLORES). ANIVERSARIO FUNDACION (200). FERIADO. DECLARACION.",23020,0,0
2004-03-26,17753,https://parlamento.gub.uy/documentosyleyes/leyes/ley/17753,https://www.impo.com.uy/bases/leyes/17753-2004,"ORGANISMO INTERNACIONAL ENERGIA ATOMICA (OIEA). ESTATUTO VI. ENMIENDA.  APROBACION.",18257,0,0
2004-03-26,17752,https://parlamento.gub.uy/documentosyleyes/leyes/ley/17752,https://www.impo.com.uy/bases/leyes/17752-2004,"DIA MARTIRES ARMENIA-24 DE ABRIL. DECLARACION.",14663,0,0
2004-03-26,17751,https://parlamento.gub.uy/documentosyleyes/leyes/ley/17751,https://www.impo.com.uy/bases/leyes/17751-2004,"MERCOSUR-BOLIVIA-CHILE. ARBITRAJE COMERCIAL INTERNACIONAL. CONVENIO.  APROBACION.",18563,0,0
2004-03-26,17750,https://parlamento.gub.uy/documentosyleyes/leyes/ley/17750,https://www.impo.com.uy/bases/leyes/17750-2004,"TRATADO NO PROLIFERACION ARMAS NUCLEARES PROTOCOLO ADICIONAL. APROBACION.",21946,0,1
2004-03-25,17749,https://parlamento.gub.uy/documentosyleyes/leyes/ley/17749,https://www.impo.com.uy/bases/leyes/17749-2004,"DIA INVESTIGADOR, CIENCIA Y TECNOLOGIA. (23 MAYO). DECLARACION.",21836,0,1
2004-03-25,17748,https://parlamento.gub.uy/documentosyleyes/leyes/ley/17748,https://www.impo.com.uy/bases/leyes/17748-2004,"MERCOSUR-BOLIVIA. REGIMEN SOLUCION CONTROVERSIAS. CONVENIO. APROBACION.",18695,0,0
2004-03-25,17747,https://parlamento.gub.uy/documentosyleyes/leyes/ley/17747,https://www.impo.com.uy/bases/leyes/17747-2004,"CONSEJO IBEROAMERICANO DEPORTE (CID). CREACION. CONVENIO. APROBACION.",20175,0,0
2004-03-15,17746,https://parlamento.gub.uy/documentosyleyes/leyes/ley/17746,https://www.impo.com.uy/bases/leyes/17746-2004,"VAIMACA PERU. ESCUELA 29 VILLA MARIA-TIATUCURA (PAYSANDU). DENOMINACION.",21514,0,0
2004-03-15,17745,https://parlamento.gub.uy/documentosyleyes/leyes/ley/17745,https://www.impo.com.uy/bases/leyes/17745-2004,"LLADO WILKINS, Juan Jorge. ESCUELA 34 DURAZNO (DPTO). DENOMINACION.",20779,0,0
2004-03-15,17744,https://parlamento.gub.uy/documentosyleyes/leyes/ley/17744,https://www.impo.com.uy/bases/leyes/17744-2004,"FUNES MOLINA, Clemente Lucrecio. ESCUELA RURAL 31 LA HORQUETA DE CASTILLOS  (ROCHA). DENOMINACION.",20069,0,0
2004-03-03,17743,https://parlamento.gub.uy/documentosyleyes/leyes/ley/17743,https://www.impo.com.uy/bases/leyes/17743-2004,"COMESTIBLES Y BEBIDAS SIN ALCHOL DECOMISADAS. DESTINO ESCUELAS DETERMINACION.",19004,2,2
2004-02-19,17742,https://parlamento.gub.uy/documentosyleyes/leyes/ley/17742,https://www.impo.com.uy/bases/leyes/17742-2004,"DRAGADO. ADJUDICACION LICITACION. BARCOS. ENARBOLAMIENTO BANDERA NACIONAL.  OBLIGATORIEDAD.",21530,3,2
2004-01-10,17741,https://parlamento.gub.uy/documentosyleyes/leyes/ley/17741,https://www.impo.com.uy/bases/leyes/17741-2004,"FONDO TEATRO (NACIONAL). INTEGRACION Y COMETIDOS. MODIFICACION.",23042,3,0
2004-01-08,17740,https://parlamento.gub.uy/documentosyleyes/leyes/ley/17740,https://www.impo.com.uy/bases/leyes/17740-2004,"CAJA BANCARIA. APORTE PATRONAL. ALICUOTA. MODIFICACION.",23645,1,1
2004-01-08,17739,https://parlamento.gub.uy/documentosyleyes/leyes/ley/17739,https://www.impo.com.uy/bases/leyes/17739-2004,"CENTENARIO FIFA 2004 Y COPA MUNDO FIFA ALEMANIA 2006. MONEDAS CONMEMORATIVAS.  ACUÑACION BANCO CENTRAL. AUTORIZACION.",23304,0,0
2004-01-07,17738,https://parlamento.gub.uy/documentosyleyes/leyes/ley/17738,https://www.impo.com.uy/bases/leyes/17738-2004,"CAJA PROFESIONALES UNIVERSITARIOS. REGIMEN. MODIFICACION.",18091,14,19
2004-01-05,17737,https://parlamento.gub.uy/documentosyleyes/leyes/ley/17737,https://www.impo.com.uy/bases/leyes/17737-2004,"MALDONADO: FIESTA DEL MAR. EVENTO. INTERES NACIONAL. DECLARACION.",22891,0,0
2004-01-05,17736,https://parlamento.gub.uy/documentosyleyes/leyes/ley/17736,https://www.impo.com.uy/bases/leyes/17736-2004,"FERIA ARTESANAL PUNTA DEL ESTE (MALDONADO). INTERES NACIONAL. DECLARACION.",21516,0,0
2004-01-05,17735,https://parlamento.gub.uy/documentosyleyes/leyes/ley/17735,https://www.impo.com.uy/bases/leyes/17735-2004,"SILOS, DEPOSITOS Y GRANEROS MGAP.TITULARIDAD. TRANSFERENCIA TENEDORES  LEGITIMOS.",23309,3,1
2004-01-05,17734,https://parlamento.gub.uy/documentosyleyes/leyes/ley/17734,https://www.impo.com.uy/bases/leyes/17734-2004,"ORGANIZACION DE LA VIÑA Y EL VINO (INTERNACIONAL). CREACION. CONVENIO.  APROBACION.",22435,0,0
2003-12-31,17733,https://parlamento.gub.uy/documentosyleyes/leyes/ley/17733,https://www.impo.com.uy/bases/leyes/17733-2003,"ESTACION CRIA FAUNA AUTOCTONA CERRO PAN DE AZUCAR (PIRIAPOLIS). MONUMENTO  NATURAL E INTERES TURISTICO. DECLARACION.",15913,2,0
2003-12-31,17732,https://parlamento.gub.uy/documentosyleyes/leyes/ley/17732,https://www.impo.com.uy/bases/leyes/17732-2003,"CONTAMINANTES ORGANICOS PERSISTENTES. CONVENIO ESTOCOLMO. APROBACION.",22126,0,0
2003-12-26,17731,https://parlamento.gub.uy/documentosyleyes/leyes/ley/17731,https://www.impo.com.uy/bases/leyes/17731-2003,"RECURSO DE CASACION. COSTAS Y COSTOS. CODIGO GENERAL DEL PROCESO.  MODIFICACION.",22236,1,0
2003-12-26,17730,https://parlamento.gub.uy/documentosyleyes/leyes/ley/17730,https://www.impo.com.uy/bases/leyes/17730-2003,"SEGURO CONTROL BRUCELOSIS. CREACION.",23310,3,5
2003-12-26,17729,https://parlamento.gub.uy/documentosyleyes/leyes/ley/17729,https://www.impo.com.uy/bases/leyes/17729-2003,"BEBIDAS SIN ALCOHOL. FABRICACION. REGIMEN.",21964,0,1
2003-12-26,17728,https://parlamento.gub.uy/documentosyleyes/leyes/ley/17728,https://www.impo.com.uy/bases/leyes/17728-2003,"RUSIA-URUGUAY. CONVENIO COOPERACION TECNICO-MILITAR. APROBACION.",21399,0,0
2003-12-26,17727,https://parlamento.gub.uy/documentosyleyes/leyes/ley/17727,https://www.impo.com.uy/bases/leyes/17727-2003,"DIA ANTARTIDA (7 OCTUBRE). DECLARACION. MODIFICACION.",19550,1,0
2003-12-26,17726,https://parlamento.gub.uy/documentosyleyes/leyes/ley/17726,https://www.impo.com.uy/bases/leyes/17726-2003,"PENA DE RECLUSION. MEDIDAS ALTERNATIVAS. REGULACION.",15889,4,5
2003-12-26,17725,https://parlamento.gub.uy/documentosyleyes/leyes/ley/17725,https://www.impo.com.uy/bases/leyes/17725-2003,"SERVICIO TRANSPORTE TERRESTRE PASAJEROS. IVA E IRIC. APLICACION.  MODIFICACION.",23081,1,0
2003-12-24,17724,https://parlamento.gub.uy/documentosyleyes/leyes/ley/17724,https://www.impo.com.uy/bases/leyes/17724-2003,"UNESCO. CONVENCION LUCHA CONTRA DISCRIMINACIONES ENSEÑANZA. APROBACION.",12409,0,0
2003-12-24,17723,https://parlamento.gub.uy/documentosyleyes/leyes/ley/17723,https://www.impo.com.uy/bases/leyes/17723-2003,"UNION POSTAL UNIVERSAL (UPU) Y UPAEP. ACTAS CONGRESOS BEIJING Y PANAMA.  APROBACION.",18481,0,0
2003-12-24,17722,https://parlamento.gub.uy/documentosyleyes/leyes/ley/17722,https://www.impo.com.uy/bases/leyes/17722-2003,"ESTATUTO APATRIDAS. CONVENIO. APROBACION.",20072,0,0
2003-12-24,17721,https://parlamento.gub.uy/documentosyleyes/leyes/ley/17721,https://www.impo.com.uy/bases/leyes/17721-2003,"JURISDICCION MATERIA CONTRACTUAL (INTERNACIONAL).PROTOCOLO BUENOS AIRES.  APROBACION.",7199,0,0
2003-12-24,17720,https://parlamento.gub.uy/documentosyleyes/leyes/ley/17720,https://www.impo.com.uy/bases/leyes/17720-2003,"CARMINATTI, Mario. ESCUELA 60 FRAY BENTOS (RIO NEGRO). DENOMINACION.",18942,0,0
2003-12-18,17719,https://parlamento.gub.uy/documentosyleyes/leyes/ley/17719,https://www.impo.com.uy/bases/leyes/17719-2003,"FUNDACION PELUFFO-GIGUENS. SORTEO BENEFICIO. REALIZACION.",23079,1,0
2003-12-18,17718,https://parlamento.gub.uy/documentosyleyes/leyes/ley/17718,https://www.impo.com.uy/bases/leyes/17718-2003,"GEOLOGO. PROFESION. REGLAMENTACION.",21090,0,0
2003-12-18,17717,https://parlamento.gub.uy/documentosyleyes/leyes/ley/17717,https://www.impo.com.uy/bases/leyes/17717-2003,"DI MAGGIO, Nelsón. PENSION GRACIABLE. OTORGAMIENTO.",22802,0,0
2003-12-10,17716,https://parlamento.gub.uy/documentosyleyes/leyes/ley/17716,https://www.impo.com.uy/bases/leyes/17716-2003,"DIA DERECHOS HUMANOS (10 DICIEMBRE). DECLARACION.",20809,0,0
2003-11-28,17715,https://parlamento.gub.uy/documentosyleyes/leyes/ley/17715,https://www.impo.com.uy/bases/leyes/17715-2003,"FARMACIAS. INSTALACION. DISTANCIA MINIMA. MODIFICACION.",21088,1,0
2003-11-28,17714,https://parlamento.gub.uy/documentosyleyes/leyes/ley/17714,https://www.impo.com.uy/bases/leyes/17714-2003,"PUBLICIDAD CIGARROS, CIGARRILLOS Y TABACOS. LEYENDA ENVASES. MODIFICACION.",11053,1,1
2003-11-27,17713,https://parlamento.gub.uy/documentosyleyes/leyes/ley/17713,https://www.impo.com.uy/bases/leyes/17713-2003,"BARCO ARMADA ROU MONTEVIDEO. SALIDA PAIS. AUTORIZACION.",23306,0,0
2003-11-27,17712,https://parlamento.gub.uy/documentosyleyes/leyes/ley/17712,https://www.impo.com.uy/bases/leyes/17712-2003,"MERCOSUR. ACUERDO MARCO MEDIO AMBIENTE. APROBACION.",20206,0,1
2003-11-21,17711,https://parlamento.gub.uy/documentosyleyes/leyes/ley/17711,https://www.impo.com.uy/bases/leyes/17711-2003,"CAMPAÑA ANTARTICA. OPERACION ANTARKOS XX. BARCO ROU VANGUARDIA. SALIDA PAIS.  AUTORIZACION.",23241,0,0
2003-11-13,17710,https://parlamento.gub.uy/documentosyleyes/leyes/ley/17710,https://www.impo.com.uy/bases/leyes/17710-2003,"CAJEROS AUTOMATICOS SUCURSALES BPS. INSTALACION. EXCLUSION.",22195,1,0
2003-11-13,17709,https://parlamento.gub.uy/documentosyleyes/leyes/ley/17709,https://www.impo.com.uy/bases/leyes/17709-2003,"SAN GREGORIO DE POLANCO (TACUAREMBO). ANIVERSARIO FUNDACION (150). FERIADO.  DECLARACION.",19474,0,0
2003-11-11,17708,https://parlamento.gub.uy/documentosyleyes/leyes/ley/17708,https://www.impo.com.uy/bases/leyes/17708-2003,"GILARDONI, Eduardo. PENSION GRACIABLE. OTORGAMIENTO.",22127,1,0
2003-11-10,17707,https://parlamento.gub.uy/documentosyleyes/leyes/ley/17707,https://www.impo.com.uy/bases/leyes/17707-2003,"PODER JUDICIAL. FUNCIONAMIENTO Y ORGANIZACION. NORMAS. MODIFICACION.",23180,13,5
2003-11-04,17706,https://parlamento.gub.uy/documentosyleyes/leyes/ley/17706,https://www.impo.com.uy/bases/leyes/17706-2003,"RETRIBUCIONES PERSONALES (IMPUESTO). TASAS. DISMINUCION.",22897,1,5
2003-10-28,17705,https://parlamento.gub.uy/documentosyleyes/leyes/ley/17705,https://www.impo.com.uy/bases/leyes/17705-2003,"APORTES PATRONALES SEGURIDAD SOCIAL. REDUCCION. INCREMENTO EMPLEO. NORMAS.",21943,4,0
2003-10-27,17704,https://parlamento.gub.uy/documentosyleyes/leyes/ley/17704,https://www.impo.com.uy/bases/leyes/17704-2003,"TERRORISMO. FINANCIACION. REPRESION. CONVENIO. APROBACION.",18717,0,1
2003-10-27,17703,https://parlamento.gub.uy/documentosyleyes/leyes/ley/17703,https://www.impo.com.uy/bases/leyes/17703-2003,"FIDEICOMISO. CERTIFICADOS DEPOSITO Y WARRANTS. REGIMEN.",20901,8,23
2003-10-27,17702,https://parlamento.gub.uy/documentosyleyes/leyes/ley/17702,https://www.impo.com.uy/bases/leyes/17702-2003,"TERRA GALLINAL, Juan Pablo. LICEO 54 MONTEVIDEO (DPTO). DENOMINACION.",19979,0,0
2003-10-27,17701,https://parlamento.gub.uy/documentosyleyes/leyes/ley/17701,https://www.impo.com.uy/bases/leyes/17701-2003,"PAZ, Osvaldo. PENSION GRACIABLE. OTORGAMIENTO.",23055,0,0
2003-10-27,17700,https://parlamento.gub.uy/documentosyleyes/leyes/ley/17700,https://www.impo.com.uy/bases/leyes/17700-2003,"PASO DEL REY. CUARTEL HISTORICO SARANDI DEL YI (DURAZNO). DENOMINACION.",19851,0,0
2003-10-27,17699,https://parlamento.gub.uy/documentosyleyes/leyes/ley/17699,https://www.impo.com.uy/bases/leyes/17699-2003,"ESPAÑA-URUGUAY. CANJE NOTAS. ACUERDO. APROBACION.",15764,0,0
2003-10-23,17698,https://parlamento.gub.uy/documentosyleyes/leyes/ley/17698,https://www.impo.com.uy/bases/leyes/17698-2003,"A DON JOSE. HIMNO CULTURAL Y POPULAR URUGUAYO. DECLARACION.",21940,0,0
2003-10-23,17697,https://parlamento.gub.uy/documentosyleyes/leyes/ley/17697,https://www.impo.com.uy/bases/leyes/17697-2003,"CABRAL, Mario. PENSION GRACIABLE. OTORGAMIENTO.",21944,0,0
2003-10-20,17696,https://parlamento.gub.uy/documentosyleyes/leyes/ley/17696,https://www.impo.com.uy/bases/leyes/17696-2003,"INAME. FUNCIONARIOS EVENTUALES O ZAFRALES. CONTRATACION PERMANENTE.",19973,2,0
2003-10-16,17695,https://parlamento.gub.uy/documentosyleyes/leyes/ley/17695,https://www.impo.com.uy/bases/leyes/17695-2003,"OPERACION UNITAS (2003). REALIZACION. AUTORIZACION.",22801,0,0
2003-10-11,17694,https://parlamento.gub.uy/documentosyleyes/leyes/ley/17694,https://www.impo.com.uy/bases/leyes/17694-2003,"DURAZNO (DURAZNO). FUNDACION. FERIADO. DECLARACION.",18074,0,0
2003-10-04,17693,https://parlamento.gub.uy/documentosyleyes/leyes/ley/17693,https://www.impo.com.uy/bases/leyes/17693-2003,"SERVICIOS MEDICOS Y ODONTOLOGICOS ENTES AUTONOMOS. SUPRESION.",21598,1,0
2003-09-26,17692,https://parlamento.gub.uy/documentosyleyes/leyes/ley/17692,https://www.impo.com.uy/bases/leyes/17692-2003,"OIT-URUGUAY. CONVENIO 181 AGENCIAS COLOCACION. APROBACION.",17867,0,0
2003-09-23,17691,https://parlamento.gub.uy/documentosyleyes/leyes/ley/17691,https://www.impo.com.uy/bases/leyes/17691-2003,"COOPERATIVAS AHORRO Y CREDITO. RETENCION SUELDOS Y PASIVIDADES AFILIADOS.  AUTORIZACION.",22337,1,1
2003-09-21,17690,https://parlamento.gub.uy/documentosyleyes/leyes/ley/17690,https://www.impo.com.uy/bases/leyes/17690-2003,"ELECCIONES INTERNAS. PROCLAMACION CANDIDATO UNICO. REGIMEN. MODIFICACION.",20360,4,1
2003-09-12,17689,https://parlamento.gub.uy/documentosyleyes/leyes/ley/17689,https://www.impo.com.uy/bases/leyes/17689-2003,"CHEQUES. PAGO ENTIDADES BANCARIAS. REGIMEN. MODIFICACION.",15979,1,0
2003-09-12,17688,https://parlamento.gub.uy/documentosyleyes/leyes/ley/17688,https://www.impo.com.uy/bases/leyes/17688-2003,"REGIMIENTOS CABALLERIA 3, 7 y 8. CONCURRENCIA ACTOS CONMEMORATIVOS  INDEPENDENCIA BRASIL. AUTORIZACION.",21825,0,0
2003-09-12,17687,https://parlamento.gub.uy/documentosyleyes/leyes/ley/17687,https://www.impo.com.uy/bases/leyes/17687-2003,"BATALLON INFANTERIA MECANIZADA 12. CONCURRENCIA ACTO CONMEMORATIVO  INDEPENDENCIA BRASIL. AUTORIZACION.",22487,0,0
2003-09-12,17686,https://parlamento.gub.uy/documentosyleyes/leyes/ley/17686,https://www.impo.com.uy/bases/leyes/17686-2003,"OPERACION CEIBO 2003. INTEGRANTES EJERCITO NACIONAL. SALIDA PAIS.  AUTORIZACION.",22181,0,0
2003-09-10,17685,https://parlamento.gub.uy/documentosyleyes/leyes/ley/17685,https://www.impo.com.uy/bases/leyes/17685-2003,"ALONSO, Justo Marcelo. HOSPITAL ROSARIO (COLONIA). DENOMINACION.",17524,0,0
2003-08-29,17684,https://parlamento.gub.uy/documentosyleyes/leyes/ley/17684,https://www.impo.com.uy/bases/leyes/17684-2003,"COMISIONADO PARLAMENTARIO. CREACION.",819,0,1
2003-08-22,17683,https://parlamento.gub.uy/documentosyleyes/leyes/ley/17683,https://www.impo.com.uy/bases/leyes/17683-2003,"DEUDOR BPS. FACILIDADES PAGO. PLAZO. FIJACION.",22038,2,0
2003-08-19,17682,https://parlamento.gub.uy/documentosyleyes/leyes/ley/17682,https://www.impo.com.uy/bases/leyes/17682-2003,"ROCHA (INTENDENCIA). DEUDAS BPS. CANCELACION. PLAZO. PRORROGA.",22627,2,0
2003-08-02,17681,https://parlamento.gub.uy/documentosyleyes/leyes/ley/17681,https://www.impo.com.uy/bases/leyes/17681-2003,"SERVICIOS MEDICOS Y ODONTOLOGICOS ENTES AUTONOMOS. SUPRESION. PLAZO.  PRORROGA.",22110,1,0
2003-08-01,17680,https://parlamento.gub.uy/documentosyleyes/leyes/ley/17680,https://www.impo.com.uy/bases/leyes/17680-2003,"MATERIALES NUCLEARES. PROTECCION FISICA. CONVENIO. APROBACION.",8740,0,0
2003-07-31,17679,https://parlamento.gub.uy/documentosyleyes/leyes/ley/17679,https://www.impo.com.uy/bases/leyes/17679-2003,"MUJER. DISCRIMINACION. CONVENIO. ENMIENDAS. APROBACION.",19978,0,0
2003-07-30,17678,https://parlamento.gub.uy/documentosyleyes/leyes/ley/17678,https://www.impo.com.uy/bases/leyes/17678-2003,"LEYES PRESUPUESTO NACIONAL. RENDICION CUENTAS Y REACTIVACION ECONOMICA.  MODIFICACION.",21051,6,4
2003-07-29,17677,https://parlamento.gub.uy/documentosyleyes/leyes/ley/17677,https://www.impo.com.uy/bases/leyes/17677-2003,"DISCRIMINACION. ACTOS VIOLENCIA. DELITO. CODIGO PENAL. MODIFICACION.",15263,1,0
2003-07-22,17676,https://parlamento.gub.uy/documentosyleyes/leyes/ley/17676,https://www.impo.com.uy/bases/leyes/17676-2003,"BARCO ARMADA ROU CAPITAN MIRANDA. SALIDA PAIS. AUTORIZACION.",22363,0,0
2003-07-22,17675,https://parlamento.gub.uy/documentosyleyes/leyes/ley/17675,https://www.impo.com.uy/bases/leyes/17675-2003,"PIRIZ ALVEZ, Miguel Angel. PENSION GRACIABLE. OTORGAMIENTO.",20784,0,0
2003-07-22,17674,https://parlamento.gub.uy/documentosyleyes/leyes/ley/17674,https://www.impo.com.uy/bases/leyes/17674-2003,"ITALIA-URUGUAY. COPRODUCCION CINEMATOGRAFICA. CONVENIO. APROBACION.",20547,0,0
2003-07-21,17673,https://parlamento.gub.uy/documentosyleyes/leyes/ley/17673,https://www.impo.com.uy/bases/leyes/17673-2003,"PEDIDOS INFORMES LEGISLADORES. CONTESTACION. PLAZO. FIJACION.",14009,1,0
2003-07-16,17672,https://parlamento.gub.uy/documentosyleyes/leyes/ley/17672,https://www.impo.com.uy/bases/leyes/17672-2003,"FUNCIONARIOS PUBLICOS. RETIRO INCENTIVADO CALCULO Y PLAZO. (RENDICION CUENTAS  2001). MODIFICACION.",21702,2,0
2003-07-15,17671,https://parlamento.gub.uy/documentosyleyes/leyes/ley/17671,https://www.impo.com.uy/bases/leyes/17671-2003,"INTERESES PRESTAMOS DOLARES Y REPERFILAMIENTO DEUDAS. IVA. VIVIENDA  FINANCIADA. IMPUESTO PATRIMONIO. EXONERACION.",22128,1,0
2003-07-15,17670,https://parlamento.gub.uy/documentosyleyes/leyes/ley/17670,https://www.impo.com.uy/bases/leyes/17670-2003,"MENOR. ADOPCION INTERNACIONAL Y PROTECCION. CONVENIO. APROBACION.",18211,0,0
2003-07-15,17669,https://parlamento.gub.uy/documentosyleyes/leyes/ley/17669,https://www.impo.com.uy/bases/leyes/17669-2003,"ORGANIZACION TELECOMUNICACIONES POR SATELITE (INTELSAT). ACUERDO. ENMIENDAS.  APROBACION.",6167,0,0
2003-07-15,17668,https://parlamento.gub.uy/documentosyleyes/leyes/ley/17668,https://www.impo.com.uy/bases/leyes/17668-2003,"ORGANOS Y TEJIDOS. EXTRACCION Y TRANSPLANTES. REGULACION.",4517,1,1
2003-07-14,17667,https://parlamento.gub.uy/documentosyleyes/leyes/ley/17667,https://www.impo.com.uy/bases/leyes/17667-2003,"BATALLON INGENIEROS COMBATE 1. CONCURRENCIA ACTOS CONMEMORATIVOS  INDEPENDENCIA ARGENTINA. SALIDA PAIS. AUTORIZACION.",22111,0,0
2003-07-14,17666,https://parlamento.gub.uy/documentosyleyes/leyes/ley/17666,https://www.impo.com.uy/bases/leyes/17666-2003,"SINAI. INTEGRANTES EJERCITO NACIONAL. SALIDA PAIS. AUTORIZACION.",22065,0,0
2003-07-11,17665,https://parlamento.gub.uy/documentosyleyes/leyes/ley/17665,https://www.impo.com.uy/bases/leyes/17665-2003,"ESPAÑA-URUGUAY. PROGRAMA CONVERSION DEUDA EXTERNA URUGUAY. CONVENIO.  APROBACION.",21736,0,0
2003-07-11,17664,https://parlamento.gub.uy/documentosyleyes/leyes/ley/17664,https://www.impo.com.uy/bases/leyes/17664-2003,"MINISTERIO ECONOMIA ESPAÑA-MEF URUGUAY. OTORGAMIENTO CREDITO. CONVENIO.  APROBACION.",21737,0,0
2003-07-11,17663,https://parlamento.gub.uy/documentosyleyes/leyes/ley/17663,https://www.impo.com.uy/bases/leyes/17663-2003,"FONDO FINANCIAMIENTO Y RECOMPOSICION ACTIVIDAD ARROCERA (FFRAA). CREACION.",21980,1,1
2003-07-08,17662,https://parlamento.gub.uy/documentosyleyes/leyes/ley/17662,https://www.impo.com.uy/bases/leyes/17662-2003,"HARRIAGUE, Pascual. ESCUELA COLONIA HARRIAGUE (SALTO). DENOMINACION.",15469,0,0
2003-06-30,17661,https://parlamento.gub.uy/documentosyleyes/leyes/ley/17661,https://www.impo.com.uy/bases/leyes/17661-2003,"JUEGO DE GUERRA TRILATERAL. DELEGACION ARMADA ARGENTINA Y MARINA BRASIL.  INGRESO PAIS. AUTORIZACION.",22066,0,1
2003-06-19,17660,https://parlamento.gub.uy/documentosyleyes/leyes/ley/17660,https://www.impo.com.uy/bases/leyes/17660-2003,"CAPA OZONO. ENMIENDA PROTOCOLO MONTREAL. APROBACION.",16630,0,0
2003-06-19,17659,https://parlamento.gub.uy/documentosyleyes/leyes/ley/17659,https://www.impo.com.uy/bases/leyes/17659-2003,"BRASIL-URUGUAY. PERMISO RESIDENCIA, ESTUDIO Y TRABAJO CIUDADANOS FRONTERIZOS.  CONVENIO. APROBACION.",20576,0,0
2003-06-19,17658,https://parlamento.gub.uy/documentosyleyes/leyes/ley/17658,https://www.impo.com.uy/bases/leyes/17658-2003,"CONGO. OPERACION PAZ ONU. UNIDAD SERVICIO AERODROMO FUERZA AEREA. SALIDA  PAIS. AUTORIZACION.",21437,0,0
2003-06-17,17657,https://parlamento.gub.uy/documentosyleyes/leyes/ley/17657,https://www.impo.com.uy/bases/leyes/17657-2003,"ESTABLECIMIENTOS COMERCIALES. INSTALACION. AMPLIACION O REFACCION. NORMAS.  MODIFICACION.",19150,2,0
2003-06-16,17656,https://parlamento.gub.uy/documentosyleyes/leyes/ley/17656,https://www.impo.com.uy/bases/leyes/17656-2003,"CARDONA (SORIANO). ANIVERSARIO FUNDACION (100). FERIADO. DECLARACION.",20702,0,0
2003-06-16,17655,https://parlamento.gub.uy/documentosyleyes/leyes/ley/17655,https://www.impo.com.uy/bases/leyes/17655-2003,"PASO DE LOS TOROS (TACUAREMBO). ANIVERSARIO FUNDACION (100). FERIADO.  DECLARACION.",19092,0,0
2003-06-11,17654,https://parlamento.gub.uy/documentosyleyes/leyes/ley/17654,https://www.impo.com.uy/bases/leyes/17654-2003,"OPERACIONES PAZ. EJERCICIO PLANIFICACION 2003 BUENOS AIRES (ARGENTINA).  INTEGRANTES EJERCITO Y BOMBERO. SALIDA PAIS. AUTORIZACION.",21872,0,0
2003-06-11,17653,https://parlamento.gub.uy/documentosyleyes/leyes/ley/17653,https://www.impo.com.uy/bases/leyes/17653-2003,"SUAREZ, Joaquin. ESCUELA CAPILLA FARRUCO (DURAZNO). DENOMINACION.",15179,0,0
2003-06-11,17652,https://parlamento.gub.uy/documentosyleyes/leyes/ley/17652,https://www.impo.com.uy/bases/leyes/17652-2003,"ESPAÑA. ESCUELA 201 (MONTEVIDEO). DENOMINACION.",20507,0,0
2003-06-04,17651,https://parlamento.gub.uy/documentosyleyes/leyes/ley/17651,https://www.impo.com.uy/bases/leyes/17651-2003,"SERVICIO TRANSPORTE TERRESTRE PASAJEROS. IVA. APLICACION.",21128,1,5
2003-06-03,17650,https://parlamento.gub.uy/documentosyleyes/leyes/ley/17650,https://www.impo.com.uy/bases/leyes/17650-2003,"TRABAJADOR EXILIADO O PRESO POLITICO. COMPUTO JUBILATORIO. COMISION ESPECIAL  ESTUDIO. PLAZO. PRORROGA.",21493,2,1
2003-06-03,17649,https://parlamento.gub.uy/documentosyleyes/leyes/ley/17649,https://www.impo.com.uy/bases/leyes/17649-2003,"INDICE MEDIO DE SALARIOS. CALCULO. REGIMEN.",20306,1,0
2003-05-22,17648,https://parlamento.gub.uy/documentosyleyes/leyes/ley/17648,https://www.impo.com.uy/bases/leyes/17648-2003,"GUARDIA FIACCHINI, Manuel Raúl. PENSION GRACIABLE. OTORGAMIENTO.",18012,0,0
2003-05-20,17647,https://parlamento.gub.uy/documentosyleyes/leyes/ley/17647,https://www.impo.com.uy/bases/leyes/17647-2003,"KORCZAK, Janusz. ESCUELA N° 360 MONTEVIDEO (DPTO.). DENOMINACION.",18277,0,0
2003-05-20,17646,https://parlamento.gub.uy/documentosyleyes/leyes/ley/17646,https://www.impo.com.uy/bases/leyes/17646-2003,"WALLEMBERG, Raoul. LICEO (MONTEVIDEO). DENOMINACION.",16919,0,0
2003-05-20,17645,https://parlamento.gub.uy/documentosyleyes/leyes/ley/17645,https://www.impo.com.uy/bases/leyes/17645-2003,"LEGUIZAMO, Irineo. ESCUELA PASO DEL POTRERO (SALTO). DENOMINACION.",15473,0,0
2003-05-20,17644,https://parlamento.gub.uy/documentosyleyes/leyes/ley/17644,https://www.impo.com.uy/bases/leyes/17644-2003,"GUYUNUSA. ESCUELA RURAL CANELONES (DPTO.). DENOMINACION.",16658,0,0
2003-05-20,17643,https://parlamento.gub.uy/documentosyleyes/leyes/ley/17643,https://www.impo.com.uy/bases/leyes/17643-2003,"REPUBLICA BOLIVARIANA DE VENEZUELA. ESCUELAS MONTEVIDEO Y RIVERA (DPTOS.).  DENOMINACION.",17788,2,0
2003-05-20,17642,https://parlamento.gub.uy/documentosyleyes/leyes/ley/17642,https://www.impo.com.uy/bases/leyes/17642-2003,"DE LOS SANTOS, Francisco. ESCUELA RURAL N° 49 ROCHA (DPTO.). DENOMINACION.",17852,0,0
2003-05-20,17641,https://parlamento.gub.uy/documentosyleyes/leyes/ley/17641,https://www.impo.com.uy/bases/leyes/17641-2003,"BUCHELI, Rosendo. ESCUELA SARANDI DEL YI (DURAZNO). DENOMINACION.",15257,0,0
2003-05-20,17640,https://parlamento.gub.uy/documentosyleyes/leyes/ley/17640,https://www.impo.com.uy/bases/leyes/17640-2003,"FEDERACION RUSA. ESCUELA 361 BARRIO ITUZAINGO (MONTEVIDEO). DENOMINACION.",18530,0,0
2003-05-20,17639,https://parlamento.gub.uy/documentosyleyes/leyes/ley/17639,https://www.impo.com.uy/bases/leyes/17639-2003,"BATLLE Y ORDOÑEZ, José. ESCUELA DURAZNO (DPTO.). DENOMINACION.",15178,0,0
2003-05-20,17638,https://parlamento.gub.uy/documentosyleyes/leyes/ley/17638,https://www.impo.com.uy/bases/leyes/17638-2003,"PUCURULL ISLAS, Ramiro. DURAZNO (DPTO.). DENOMINACION.",15258,0,0
2003-05-20,17637,https://parlamento.gub.uy/documentosyleyes/leyes/ley/17637,https://www.impo.com.uy/bases/leyes/17637-2003,"LICEO PUERTO LA CHARQUEADA. TREINTA Y TRES (DPTO.). DENOMINACION.",15176,0,0
2003-05-20,17636,https://parlamento.gub.uy/documentosyleyes/leyes/ley/17636,https://www.impo.com.uy/bases/leyes/17636-2003,"PORTONES DE CARRASCO. ESCUELA N° 283 MONTEVIDEO. DENOMINACION.",15567,0,0
2003-05-20,17635,https://parlamento.gub.uy/documentosyleyes/leyes/ley/17635,https://www.impo.com.uy/bases/leyes/17635-2003,"CAYOTA, Víctor. LICEO N° 60 MONTEVIDEO (DPTO.). DENOMINACION.",18077,0,0
2003-05-20,17634,https://parlamento.gub.uy/documentosyleyes/leyes/ley/17634,https://www.impo.com.uy/bases/leyes/17634-2003,"VIERA, Feliciano. ESCUELA SALTO (DPTO.). DENOMINACION.",15472,0,0
2003-05-20,17633,https://parlamento.gub.uy/documentosyleyes/leyes/ley/17633,https://www.impo.com.uy/bases/leyes/17633-2003,"REPUBLICA CHECA. ESCUELA CANELONES (DPTO.). DENOMINACION.",16294,0,0
2003-05-08,17632,https://parlamento.gub.uy/documentosyleyes/leyes/ley/17632,https://www.impo.com.uy/bases/leyes/17632-2003,"LACAZE (COLONIA). FUNDACION. ANIVERSARIO (50). FERIADO. DECLARACION.",21613,0,0
2003-05-07,17631,https://parlamento.gub.uy/documentosyleyes/leyes/ley/17631,https://www.impo.com.uy/bases/leyes/17631-2003,"TURISMO INTERNO HISTORICO CULTURAL. FOMENTO.",14375,4,0
2003-04-29,17630,https://parlamento.gub.uy/documentosyleyes/leyes/ley/17630,https://www.impo.com.uy/bases/leyes/17630-2003,"SEMANA INTEGRACION (IV). DESFILE CIVICO-MILITAR. INTEGRANTES EJERCITO BRASIL.  INGRESO PAIS. AUTORIZACION.",21432,0,0
2003-04-11,17629,https://parlamento.gub.uy/documentosyleyes/leyes/ley/17629,https://www.impo.com.uy/bases/leyes/17629-2003,"MERCOSUR. PROTOCOLO OLIVOS. APROBACION.",19238,0,0
2003-04-10,17628,https://parlamento.gub.uy/documentosyleyes/leyes/ley/17628,https://www.impo.com.uy/bases/leyes/17628-2003,"SOSA AQUINO, Eustaquio. PENSION GRACIABLE. OTORGAMIENTO.",20365,0,0
2003-03-28,17627,https://parlamento.gub.uy/documentosyleyes/leyes/ley/17627,https://www.impo.com.uy/bases/leyes/17627-2003,"EL SALVADOR-URUGUAY. PROMOCION Y PROTECCION INVERSIONES. CONVENIO.  APROBACION.",19636,0,0
2003-03-28,17626,https://parlamento.gub.uy/documentosyleyes/leyes/ley/17626,https://www.impo.com.uy/bases/leyes/17626-2003,"CARGOS ELECTIVOS Y FUNCIONARIOS PUBLICOS. REMUNERACIONES. AJUSTE. REGIMEN.",21328,0,0
2003-03-26,17625,https://parlamento.gub.uy/documentosyleyes/leyes/ley/17625,https://www.impo.com.uy/bases/leyes/17625-2003,"HAEDO, Eduardo Víctor. ESCUELA N° 65 MERCEDES-SORIANO. DENOMINACION.",16992,0,0
2003-03-26,17624,https://parlamento.gub.uy/documentosyleyes/leyes/ley/17624,https://www.impo.com.uy/bases/leyes/17624-2003,"LOCKHART, WASHINGTON. CENTRO CICLO BASICO TECNOLOGICO (MERCEDES-SORIANO).  DENOMINACION.",18301,0,0
2003-03-26,17623,https://parlamento.gub.uy/documentosyleyes/leyes/ley/17623,https://www.impo.com.uy/bases/leyes/17623-2003,"TITULARES DEPOSITOS COOPERATIVA CAYCU. DISPOSICIONES LEY 17.523. INCLUSION.",21476,1,0
2003-03-26,17622,https://parlamento.gub.uy/documentosyleyes/leyes/ley/17622,https://www.impo.com.uy/bases/leyes/17622-2003,"FRANCIA-URUGUAY. ASISTENCIA JUDICIAL MATERIA PENAL. CONVENIO. APROBACION.",14411,0,0
2003-03-24,17621,https://parlamento.gub.uy/documentosyleyes/leyes/ley/17621,https://www.impo.com.uy/bases/leyes/17621-2003,"MUSSITELLI, Bruno. PENSION GRACIABLE. OTORGAMIENTO.",20783,0,0
2003-02-17,17620,https://parlamento.gub.uy/documentosyleyes/leyes/ley/17620,https://www.impo.com.uy/bases/leyes/17620-2003,"DOCENTES ANEP DESTITUIDOS. DERECHOS JUBILATORIOS. RECONOCIMIENTO.",11562,2,2
2003-01-10,17619,https://parlamento.gub.uy/documentosyleyes/leyes/ley/17619,https://www.impo.com.uy/bases/leyes/17619-2003,"CABRERA, Angel. PENSION GRACIABLE. OTORGAMIENTO.",20782,0,0
2003-01-10,17618,https://parlamento.gub.uy/documentosyleyes/leyes/ley/17618,https://www.impo.com.uy/bases/leyes/17618-2003,"ACUERDO GENERAL COMERCIO DE SERVICIOS. QUINTO PROTOCOLO ANEXO. APROBACION.",15763,1,0
2003-01-10,17617,https://parlamento.gub.uy/documentosyleyes/leyes/ley/17617,https://www.impo.com.uy/bases/leyes/17617-2003,"UNIDAD APOYO AEROMEDICO FUERZA AEREA. OPERACIONES  PAZ ONU ETIOPIA Y ERITREA. PARTICIPACION.  AUTORIZACION.",21212,0,0
2003-01-10,17616,https://parlamento.gub.uy/documentosyleyes/leyes/ley/17616,https://www.impo.com.uy/bases/leyes/17616-2003,"DERECHOS AUTOR. REGIMEN. MODIFICACION.",19913,3,7
2002-12-30,17615,https://parlamento.gub.uy/documentosyleyes/leyes/ley/17615,https://www.impo.com.uy/bases/leyes/17615-2002,"GASOIL. REDUCCION IMESI. IVA TASA MINIMA. IMPLANTACION.",20755,1,1
2002-12-29,17614,https://parlamento.gub.uy/documentosyleyes/leyes/ley/17614,https://www.impo.com.uy/bases/leyes/17614-2002,"FUNCIONARIOS EX ANSE REDISTRIBUIDOS. INCORPORACION ORGANISMO DESTINO.  EFECTIVIDAD.",19355,2,0
2002-12-27,17613,https://parlamento.gub.uy/documentosyleyes/leyes/ley/17613,https://www.impo.com.uy/bases/leyes/17613-2002,"INTERMEDIACION FINANCIERA Y LIQUIDACION BANCOS SUSPENDIDOS. REGIMEN.",20952,14,20
2002-12-27,17612,https://parlamento.gub.uy/documentosyleyes/leyes/ley/17612,https://www.impo.com.uy/bases/leyes/17612-2002,"BARCO ARMADA ROU CAPITAN MIRANDA. VISITA PUERTO BUENOS AIRES LANZAMIENTO  TEMPORADA TURISTICA. SALIDA PAIS. AUTORIZACION.",20951,0,0
2002-12-26,17611,https://parlamento.gub.uy/documentosyleyes/leyes/ley/17611,https://www.impo.com.uy/bases/leyes/17611-2002,"CAMPAÑA ANTARTICA 2002 - 2003. OPERACION ANTARKOS XIX. BARCO ROU VANGUARDIA.  SALIDA PAIS. AUTORIZACION.",20921,0,0
2002-12-24,17610,https://parlamento.gub.uy/documentosyleyes/leyes/ley/17610,https://www.impo.com.uy/bases/leyes/17610-2002,"CONGO. OPERACION PAZ ONU. EFECTIVOS MILITARES. AMPLIACION.",20920,2,0
2002-12-17,17609,https://parlamento.gub.uy/documentosyleyes/leyes/ley/17609,https://www.impo.com.uy/bases/leyes/17609-2002,"APORTES PATRONALES INTENDENCIA MONTEVIDEO. CONTRIBUCION GOBIERNO NACIONAL.  TRANSFERENCIA DIRECTA MEF A BPS.",19557,1,0
2002-12-16,17608,https://parlamento.gub.uy/documentosyleyes/leyes/ley/17608,https://www.impo.com.uy/bases/leyes/17608-2002,"CONFERENCIA CONSTITUCION SECRETARIA COOPERACION IBEROAMERICANA (SECIB).  CONVENIO. PROTOCOLO. APROBACION.",18926,0,0
2002-12-16,17607,https://parlamento.gub.uy/documentosyleyes/leyes/ley/17607,https://www.impo.com.uy/bases/leyes/17607-2002,"LIMA, Víctor Rolando. ESCUELA 11 SALADERO (SALTO). DENOMINACION.",19518,0,0
2002-12-16,17606,https://parlamento.gub.uy/documentosyleyes/leyes/ley/17606,https://www.impo.com.uy/bases/leyes/17606-2002,"GARCIA LOPEZ, Manuel. ESCUELA SAN JOSE DE MAYO (SAN JOSE). DENOMINACION.",15535,0,0
2002-12-16,17605,https://parlamento.gub.uy/documentosyleyes/leyes/ley/17605,https://www.impo.com.uy/bases/leyes/17605-2002,"LUISI, Paulina. SALA 17 EDIFICIO ANEXO PALACIO LEGISLATIVO. DENOMINACION.",18342,0,0
2002-12-16,17604,https://parlamento.gub.uy/documentosyleyes/leyes/ley/17604,https://www.impo.com.uy/bases/leyes/17604-2002,"RAMOS, Dardo Manuel. INSTITUTO FORMACION DOCENTE TACUAREMBO (DPTO).  DENOMINACION.",17188,0,0
2002-12-16,17603,https://parlamento.gub.uy/documentosyleyes/leyes/ley/17603,https://www.impo.com.uy/bases/leyes/17603-2002,"LEYENDA PATRIA. ESCUELA 18 MINAS (LAVALLEJA). DENOMINACION.",17358,0,0
2002-12-16,17602,https://parlamento.gub.uy/documentosyleyes/leyes/ley/17602,https://www.impo.com.uy/bases/leyes/17602-2002,"IRIBARREN, Ismael. CENTRO DIURNO TRINIDAD (FLORES). DENIMINACION.",19090,0,0
2002-12-16,17601,https://parlamento.gub.uy/documentosyleyes/leyes/ley/17601,https://www.impo.com.uy/bases/leyes/17601-2002,"GOÑI, Jesús Cipriano. HOGAR ANCIANO TRINIDAD (FLORES). DENOMINACION.",19091,0,0
2002-12-16,17600,https://parlamento.gub.uy/documentosyleyes/leyes/ley/17600,https://www.impo.com.uy/bases/leyes/17600-2002,"ESTATUTOS ORGANIZACION MUNDIAL TURISMO Y REGLAS FINANCIACION ANEXAS.  ENMIENDAS. APROBACION.",16072,0,0
2002-12-16,17599,https://parlamento.gub.uy/documentosyleyes/leyes/ley/17599,https://www.impo.com.uy/bases/leyes/17599-2002,"TREINTA Y TRES Y VERGARA (TREINTA Y TRES). ANIVERSARIO FUNDACION. FERIADO.  DECLARACION.",19717,0,0
2002-12-13,17598,https://parlamento.gub.uy/documentosyleyes/leyes/ley/17598,https://www.impo.com.uy/bases/leyes/17598-2002,"UNIDAD REGULADORA SERVICIOS ENERGIA Y AGUA (URSEA). CREACION.",18254,14,9
2002-12-13,17597,https://parlamento.gub.uy/documentosyleyes/leyes/ley/17597,https://www.impo.com.uy/bases/leyes/17597-2002,"MEDICOS FAMILIA. ACUMULACION CARGOS. PROHIBICION. MODIFICACION.",14166,3,0
2002-12-13,17596,https://parlamento.gub.uy/documentosyleyes/leyes/ley/17596,https://www.impo.com.uy/bases/leyes/17596-2002,"BANCO HIPOTECARIO. CARTA ORGANICA. MODIFICACION.",20534,10,4
2002-12-10,17595,https://parlamento.gub.uy/documentosyleyes/leyes/ley/17595,https://www.impo.com.uy/bases/leyes/17595-2002,"IMPUESTO ESPECIFICO INTERNO SERVICIOS SALUD (IMESSA). AUMENTO. IVA INTERESES  PRESTAMOS VIVIENDA. EXONERACION.",20778,2,1
2002-12-09,17594,https://parlamento.gub.uy/documentosyleyes/leyes/ley/17594,https://www.impo.com.uy/bases/leyes/17594-2002,"TRABAJADOR EMPRESA FUNSA TITAN. SEGURO DESOCUPACION. PRORROGA.",20836,1,1
2002-11-29,17593,https://parlamento.gub.uy/documentosyleyes/leyes/ley/17593,https://www.impo.com.uy/bases/leyes/17593-2002,"PLAGUICIDAS Y QUIMICOS PELIGROSOS. COMERCIO INTERNACIONAL. PROCEDIMIENTO.  CONVENIO. APROBACION.",19635,0,0
2002-11-29,17592,https://parlamento.gub.uy/documentosyleyes/leyes/ley/17592,https://www.impo.com.uy/bases/leyes/17592-2002,"COLOMBIA-URUGUAY. COOPERACION TURISTICA. ACUERDO COMPLEMENTARIO. APROBACION.",14413,0,0
2002-11-29,17591,https://parlamento.gub.uy/documentosyleyes/leyes/ley/17591,https://www.impo.com.uy/bases/leyes/17591-2002,"BULGARIA-URUGUAY. COOPERACION ANTARTICA. CONVENIO. APROBACION.",17359,0,0
2002-11-29,17590,https://parlamento.gub.uy/documentosyleyes/leyes/ley/17590,https://www.impo.com.uy/bases/leyes/17590-2002,"SUSTANCIAS NOCIVAS Y POTENCIALMENTE PELIGROSAS. CONTAMINACION. PROTOCOLO  2000. APROBACION.",15973,2,1
2002-11-29,17589,https://parlamento.gub.uy/documentosyleyes/leyes/ley/17589,https://www.impo.com.uy/bases/leyes/17589-2002,"NUEVA ZELANDA-URUGUAY. PROGRAMA VACACIONES Y TRABAJO EVENTUAL. CONVENIO.  APROBACION.",19143,0,0
2002-11-29,17588,https://parlamento.gub.uy/documentosyleyes/leyes/ley/17588,https://www.impo.com.uy/bases/leyes/17588-2002,"SEGURIDAD NUCLEAR. CONVENCION. APROBACION.",14194,0,0
2002-11-19,17587,https://parlamento.gub.uy/documentosyleyes/leyes/ley/17587,https://www.impo.com.uy/bases/leyes/17587-2002,"JUANICO (CANELONES). VILLA. DECLARATORIA.",18457,0,0
2002-11-18,17586,https://parlamento.gub.uy/documentosyleyes/leyes/ley/17586,https://www.impo.com.uy/bases/leyes/17586-2002,"CONVENCION CONTRA TOMA REHENES (INTERNACIONAL). APROBACION.",12214,0,0
2002-11-14,17585,https://parlamento.gub.uy/documentosyleyes/leyes/ley/17585,https://www.impo.com.uy/bases/leyes/17585-2002,"PERSONAL SUPERIOR Y SUBALTERNO JUSTICIA MILITAR. ASCENSO. CONCURSO OPOSICION  Y MERITOS. REGLAMENTACION.",18042,0,0
2002-11-14,17584,https://parlamento.gub.uy/documentosyleyes/leyes/ley/17584,https://www.impo.com.uy/bases/leyes/17584-2002,"OIT-URUGUAY. CONVENIO 167 SEGURIDAD Y SALUD EN LA CONSTRUCCION. APROBACION.",14408,0,0
2002-11-12,17583,https://parlamento.gub.uy/documentosyleyes/leyes/ley/17583,https://www.impo.com.uy/bases/leyes/17583-2002,"HUNGRIA-URUGUAY. SANIDAD ANIMAL. CONVENIO. APROBACION.",16840,0,0
2002-11-02,17582,https://parlamento.gub.uy/documentosyleyes/leyes/ley/17582,https://www.impo.com.uy/bases/leyes/17582-2002,"FONDO FINANCIAMIENTO ACTIVIDAD LECHERA (FFAL). CREACION.",20566,2,3
2002-11-02,17581,https://parlamento.gub.uy/documentosyleyes/leyes/ley/17581,https://www.impo.com.uy/bases/leyes/17581-2002,"PROGRAMAS FOMENTO EMPRESAS MIEM. CREACION.",18256,0,1
2002-11-02,17580,https://parlamento.gub.uy/documentosyleyes/leyes/ley/17580,https://www.impo.com.uy/bases/leyes/17580-2002,"EMPRESAS ALQUILER AUTOMOVILES SIN CHOFER. APLICACION IMESI. MODIFICACION.",18251,0,0
2002-10-29,17579,https://parlamento.gub.uy/documentosyleyes/leyes/ley/17579,https://www.impo.com.uy/bases/leyes/17579-2002,"PERSONAL SUBALTERNO TECNICO PROFESIONAL, ADMINISTRATIVO Y ESPECIALIZADO  EJERCITO NACIONAL. RETIRO OBLIGATORIO. EDAD. MODIFICACION.",18941,1,0
2002-10-29,17578,https://parlamento.gub.uy/documentosyleyes/leyes/ley/17578,https://www.impo.com.uy/bases/leyes/17578-2002,"PERSONAL ESCALAFON K MINISTERIO DEFENSA. RETIRO OBLIGATORIO. EDAD.  MODIFICACION.",17815,0,0
2002-10-29,17577,https://parlamento.gub.uy/documentosyleyes/leyes/ley/17577,https://www.impo.com.uy/bases/leyes/17577-2002,"AFTOSA. CONTROL Y ERRADICACION. INFRACCIONES. MULTAS.",18437,2,0
2002-10-29,17576,https://parlamento.gub.uy/documentosyleyes/leyes/ley/17576,https://www.impo.com.uy/bases/leyes/17576-2002,"GONZALEZ VALLEJO, Juan Balbín. ESCUELA 176 MONTEVIDEO (DPTO.). DENOMINACION.",18895,0,0
2002-10-29,17575,https://parlamento.gub.uy/documentosyleyes/leyes/ley/17575,https://www.impo.com.uy/bases/leyes/17575-2002,"GOMEZ DE OLIVERA, María Olga. PENSION GRACIABLE. OTORGAMIENTO.",12691,0,0
2002-10-29,17574,https://parlamento.gub.uy/documentosyleyes/leyes/ley/17574,https://www.impo.com.uy/bases/leyes/17574-2002,"MERCOSUR. PROTOCOLO COOPERATIVO Y ASISTENCIA CIVIL. LABORAL Y ADMINISTRATIVA.  ACUERDO COMPLEMENTARIO. APROBACION.",16071,0,0
2002-10-22,17573,https://parlamento.gub.uy/documentosyleyes/leyes/ley/17573,https://www.impo.com.uy/bases/leyes/17573-2002,"AUSTRALIA-URUGUAY. PROMOCION Y PROTECCION. INVERSIONES. CONVENIO. APROBACION.",18984,0,0
2002-10-22,17572,https://parlamento.gub.uy/documentosyleyes/leyes/ley/17572,https://www.impo.com.uy/bases/leyes/17572-2002,"CLAVEL, Oscar. PLAZA DEPORTES CARDONA (SORIANO). DENOMINACION.",15442,0,0
2002-10-22,17571,https://parlamento.gub.uy/documentosyleyes/leyes/ley/17571,https://www.impo.com.uy/bases/leyes/17571-2002,"PRADA ROUSSE, Abner. ESCUELA N° 17 COLONIA ITALIA (SAN JOSE). DENOMINACION.",15757,0,0
2002-10-22,17570,https://parlamento.gub.uy/documentosyleyes/leyes/ley/17570,https://www.impo.com.uy/bases/leyes/17570-2002,"MACIEL, Ariel. PENSION GRACIABLE. OTORGAMIENTO.",18776,0,0
2002-10-22,17569,https://parlamento.gub.uy/documentosyleyes/leyes/ley/17569,https://www.impo.com.uy/bases/leyes/17569-2002,"USURA. DELITO. LEGISLACION. MODIFICACION.",3674,1,1
2002-10-21,17568,https://parlamento.gub.uy/documentosyleyes/leyes/ley/17568,https://www.impo.com.uy/bases/leyes/17568-2002,"DIA PLEBISCITO 1980 (30 NOVIEMBRE). CONMEMORACION CIVICA. DECLARACION.",15912,0,0
2002-10-20,17567,https://parlamento.gub.uy/documentosyleyes/leyes/ley/17567,https://www.impo.com.uy/bases/leyes/17567-2002,"COMBUSTIBLE BIODIESEL. PRODUCCION. INTERES NACIONAL. DECLARACION.",18078,0,0
2002-10-08,17565,https://parlamento.gub.uy/documentosyleyes/leyes/ley/17565,https://www.impo.com.uy/bases/leyes/17565-2002,"PARTERA INTERNA. INCLUSION PERSONAL GUARDIA INSTITUCIONES ATENCION  OBSTETRICA. OBLIGATORIEDAD.",14381,0,0
2002-10-08,17564,https://parlamento.gub.uy/documentosyleyes/leyes/ley/17564,https://www.impo.com.uy/bases/leyes/17564-2002,"GALARZA, Celia Mercedes. ESCUELA CARLOS REYLES (DURAZNO). DENOMINACION.",15181,0,0
2002-10-08,17563,https://parlamento.gub.uy/documentosyleyes/leyes/ley/17563,https://www.impo.com.uy/bases/leyes/17563-2002,"REPUBLICA DE ITALIA. ESCUELA SALTO (SALTO). DENOMINACION.",16657,0,0
2002-10-08,17562,https://parlamento.gub.uy/documentosyleyes/leyes/ley/17562,https://www.impo.com.uy/bases/leyes/17562-2002,"MOOR, Roland. JARDIN INFANTES PEÑAROL MONTEVIDEO (DPTO). DENOMINACION.",15177,0,0
2002-10-08,17561,https://parlamento.gub.uy/documentosyleyes/leyes/ley/17561,https://www.impo.com.uy/bases/leyes/17561-2002,"AMBROSONI APA, Pedro Oscar. ESCUELA 56 SALTO (DPTO). DENOMINACION.",19516,0,1
2002-10-01,17566,https://parlamento.gub.uy/documentosyleyes/leyes/ley/17566,https://www.impo.com.uy/bases/leyes/17566-2002,"INSTITUTO INTERNACIONAL PARA DEMOCRACIA Y ASISTENCIA ELECTORAL CONSTITUCION.  APROBACION.",18258,0,0
2002-09-27,17560,https://parlamento.gub.uy/documentosyleyes/leyes/ley/17560,https://www.impo.com.uy/bases/leyes/17560-2002,"OPERACION UNITAS XLIII (2002). REALIZACION. AUTORIZACION.",20274,0,0
2002-09-27,17559,https://parlamento.gub.uy/documentosyleyes/leyes/ley/17559,https://www.impo.com.uy/bases/leyes/17559-2002,"MENOR. VENTA, PROSTITUCION Y PORNOGRAFIA. PROTOCOLO CONVENCION DERECHOS NIÑO.  APROBACION.",18463,0,2
2002-09-25,17558,https://parlamento.gub.uy/documentosyleyes/leyes/ley/17558,https://www.impo.com.uy/bases/leyes/17558-2002,"LEGISLADORES. REMUNERACION. IMPUESTO ADICIONAL. CREACION.",20362,1,1
2002-09-19,17557,https://parlamento.gub.uy/documentosyleyes/leyes/ley/17557,https://www.impo.com.uy/bases/leyes/17557-2002,"DIA PROTECCION BALLENA FRANCA AUSTRAL (NACIONAL). DECLARACION.",18284,0,0
2002-09-18,17556,https://parlamento.gub.uy/documentosyleyes/leyes/ley/17556,https://www.impo.com.uy/bases/leyes/17556-2002,"RENDICION CUENTAS 2001. APROBACION.",19912,46,32
2002-09-18,17555,https://parlamento.gub.uy/documentosyleyes/leyes/ley/17555,https://www.impo.com.uy/bases/leyes/17555-2002,"REACTIVACION ECONOMICA. INSTRUMENTACION.",19981,28,15
2002-09-12,17554,https://parlamento.gub.uy/documentosyleyes/leyes/ley/17554,https://www.impo.com.uy/bases/leyes/17554-2002,"ARTESANIA. DESARROLLO Y PROMOCION. REGULACION.",15328,1,0
2002-09-11,17553,https://parlamento.gub.uy/documentosyleyes/leyes/ley/17553,https://www.impo.com.uy/bases/leyes/17553-2002,"TRABAJADOR EMPRESAS HISUD S.A. Y FIBRATEX S.A. SEGURO DESOCUPACION. PRORROGA.",20261,1,0
2002-09-03,17552,https://parlamento.gub.uy/documentosyleyes/leyes/ley/17552,https://www.impo.com.uy/bases/leyes/17552-2002,"ORGANIZACION MUNDIAL COMERCIO. CENTRO ASESORIA LEGAL. CONVENIO. APROBACION.",18465,0,0
2002-08-23,17551,https://parlamento.gub.uy/documentosyleyes/leyes/ley/17551,https://www.impo.com.uy/bases/leyes/17551-2002,"INMUEBLES BALNEARIO LA PALOMA (ROCHA). EXPROPIACION. UTILIDAD PUBLICA.  DECLARACION.",14801,0,0
2002-08-23,17550,https://parlamento.gub.uy/documentosyleyes/leyes/ley/17550,https://www.impo.com.uy/bases/leyes/17550-2002,"PASIVIDADES BPS. COBRO. MODALIDAD. OPCION.",15273,0,1
2002-08-22,17549,https://parlamento.gub.uy/documentosyleyes/leyes/ley/17549,https://www.impo.com.uy/bases/leyes/17549-2002,"SOCIEDADES ASISTENCIA MEDICA AFILIACION SOCIOS. IMTERMEDIACION LUCRATIVA.  PENALIZACION.",17533,2,1
2002-08-22,17548,https://parlamento.gub.uy/documentosyleyes/leyes/ley/17548,https://www.impo.com.uy/bases/leyes/17548-2002,"INSTITUCIONES GREMIALES ASISTENCIA MEDICA COLECTIVAS. FUNCIONAMIENTO.  REGULACION.",19690,1,1
2002-08-22,17547,https://parlamento.gub.uy/documentosyleyes/leyes/ley/17547,https://www.impo.com.uy/bases/leyes/17547-2002,"PARQUE INDUSTRIAL. CREACION. REGIMEN.",14380,1,3
2002-08-22,17546,https://parlamento.gub.uy/documentosyleyes/leyes/ley/17546,https://www.impo.com.uy/bases/leyes/17546-2002,"CONGO. OPERACION PAZ ONU. COMPAÑIA PATRULLA FLUVIAL. SALIDA PAIS.  AUTORIZACION.",19936,0,0
2002-08-22,17545,https://parlamento.gub.uy/documentosyleyes/leyes/ley/17545,https://www.impo.com.uy/bases/leyes/17545-2002,"AZUCAR. IMESI. MODIFICACION.",18468,1,0
2002-08-22,17544,https://parlamento.gub.uy/documentosyleyes/leyes/ley/17544,https://www.impo.com.uy/bases/leyes/17544-2002,"ARTIGAS (ARTIGAS). ANIVERSARIO FUNDACION (150). FERIADO. DECLARACION.",17907,0,0
2002-08-22,17543,https://parlamento.gub.uy/documentosyleyes/leyes/ley/17543,https://www.impo.com.uy/bases/leyes/17543-2002,"PRODUCTOR RURAL DAMNIFICADO FENOMENOS CLIMATICOS. ASISTENCIA FINANCIERA NO  REINTEGRABLE. DETERMINACION.",20024,1,0
2002-08-21,17542,https://parlamento.gub.uy/documentosyleyes/leyes/ley/17542,https://www.impo.com.uy/bases/leyes/17542-2002,"CHEQUES BANCOS SUSPENDIDOS. PAGO. REGIMEN.",20201,2,0
2002-08-21,17541,https://parlamento.gub.uy/documentosyleyes/leyes/ley/17541,https://www.impo.com.uy/bases/leyes/17541-2002,"ANDRESITO. LICEO 2 TACUAREMBO (DPTO). DENOMINACION.",15899,0,0
2002-08-21,17540,https://parlamento.gub.uy/documentosyleyes/leyes/ley/17540,https://www.impo.com.uy/bases/leyes/17540-2002,"ACOSTA ESTAPE, Anibal. LICEO RIO BRANCO (CERRO LARGO). DENOMINACION.",17889,0,0
2002-08-21,17539,https://parlamento.gub.uy/documentosyleyes/leyes/ley/17539,https://www.impo.com.uy/bases/leyes/17539-2002,"FERNANDEZ CRESPO, Daniel. ESCUELA SAN JOSE DE MAYO (SAN JOSE). DENOMINACION.",15534,0,0
2002-08-21,17538,https://parlamento.gub.uy/documentosyleyes/leyes/ley/17538,https://www.impo.com.uy/bases/leyes/17538-2002,"SALGUERO DELA HANTY, Dardo. ESCUELA SAN JOSE DE MAYO (SAN JOSE).  DENOMINACION.",15536,0,0
2002-08-21,17537,https://parlamento.gub.uy/documentosyleyes/leyes/ley/17537,https://www.impo.com.uy/bases/leyes/17537-2002,"RUGGIA, Guillermo L. INSTITUTO FORMACION DOCENTE FRAY BENTOS (RIO NEGRO).  DENOMINACION.",16232,0,0
2002-08-21,17536,https://parlamento.gub.uy/documentosyleyes/leyes/ley/17536,https://www.impo.com.uy/bases/leyes/17536-2002,"DIA CANTOR NACIONAL (24 JUNIO). DECLARACION,",17305,0,0
2002-08-21,17535,https://parlamento.gub.uy/documentosyleyes/leyes/ley/17535,https://www.impo.com.uy/bases/leyes/17535-2002,"INCAPACIDAD Y CURATELA. CODIGO CIVIL. MODIFICACION.",18657,1,0
2002-08-19,17534,https://parlamento.gub.uy/documentosyleyes/leyes/ley/17534,https://www.impo.com.uy/bases/leyes/17534-2002,"ITALIA. ESCUELA 323 (MONTEVIDEO). DENOMINACION.",19328,0,0
2002-08-09,17533,https://parlamento.gub.uy/documentosyleyes/leyes/ley/17533,https://www.impo.com.uy/bases/leyes/17533-2002,"SENTENCIAS EXTRANJERAS. COMPETENCIA INTERNACIONAL. CONVENCION INTERAMERICANA.  APROBACION.",13973,0,0
2002-08-09,17532,https://parlamento.gub.uy/documentosyleyes/leyes/ley/17532,https://www.impo.com.uy/bases/leyes/17532-2002,"GRUPO ACCION FINANCIERA SUDAMERICANA CONTRA LAVADO ACTIVOS (GAFISUD).  MEMORANDO. APROBACION.",16177,0,0
2002-08-09,17531,https://parlamento.gub.uy/documentosyleyes/leyes/ley/17531,https://www.impo.com.uy/bases/leyes/17531-2002,"MERCOSUR. PROMOCION Y PROTECCION INVERSIONES ESTADOS NO PARTE. PROTOCOLO.  APROBACION.",8151,0,0
2002-08-09,17530,https://parlamento.gub.uy/documentosyleyes/leyes/ley/17530,https://www.impo.com.uy/bases/leyes/17530-2002,"MALASIA-URUGUAY. COMERCIO. CONVENIO. APROBACION.",8537,0,0
2002-08-09,17529,https://parlamento.gub.uy/documentosyleyes/leyes/ley/17529,https://www.impo.com.uy/bases/leyes/17529-2002,"URUGUAY-CORPORACION ANDINA FOMENTO (CAF**). REPRESENTACION EN URUGUAY.  CONVENIO. APROBACION.",19811,0,0
2002-08-09,17528,https://parlamento.gub.uy/documentosyleyes/leyes/ley/17528,https://www.impo.com.uy/bases/leyes/17528-2002,"UNION POSTAL UNIVERSAL (UPU). PROTOCOLOS ADICIONALES, REGLAMENTO GENERAL Y  RESOLUCIONES CONGRESOS. APROBACION.",8007,0,0
2002-08-09,17527,https://parlamento.gub.uy/documentosyleyes/leyes/ley/17527,https://www.impo.com.uy/bases/leyes/17527-2002,"AUSTRALIA-URUGUAY. EXTRADICION. CONVENIO. APROBACION.",4221,0,0
2002-08-09,17526,https://parlamento.gub.uy/documentosyleyes/leyes/ley/17526,https://www.impo.com.uy/bases/leyes/17526-2002,"ECUADOR-URUGUAY. ASISTENCIA JURIDICA ASUNTOS PENALES. CONVENIO. APROBACION.",10340,0,0
2002-08-05,17525,https://parlamento.gub.uy/documentosyleyes/leyes/ley/17525,https://www.impo.com.uy/bases/leyes/17525-2002,"TRABAJADOR EXILIADO O PRESO POLITICO. COMPUTO JUBILATORIO. PRESENTACION  REQUISITOS. PLAZO. PRORROGA.",19564,1,1
2002-08-05,17524,https://parlamento.gub.uy/documentosyleyes/leyes/ley/17524,https://www.impo.com.uy/bases/leyes/17524-2002,"ANTEL. TELEFONIA CELULAR. VENTA ACCIONES. DEROGACION.",19598,1,0
2002-08-04,17523,https://parlamento.gub.uy/documentosyleyes/leyes/ley/17523,https://www.impo.com.uy/bases/leyes/17523-2002,"FONDO ESTABILIDAD SISTEMA BANCARIO. CREACION.",20151,5,10
2002-07-30,17522,https://parlamento.gub.uy/documentosyleyes/leyes/ley/17522,https://www.impo.com.uy/bases/leyes/17522-2002,"ARTIGAS, José. EDIFICIO ANEXO PODER LEGISLATIVO. DENOMINACION.",14939,0,0
2002-07-30,17521,https://parlamento.gub.uy/documentosyleyes/leyes/ley/17521,https://www.impo.com.uy/bases/leyes/17521-2002,"RETA, Adela. COMPLEJO SALAS ESPECTACULOS SODRE (MONTEVIDEO). DENOMINACION.",19001,0,0
2002-07-19,17520,https://parlamento.gub.uy/documentosyleyes/leyes/ley/17520,https://www.impo.com.uy/bases/leyes/17520-2002,"SEÑAL TELEVISION. INTERCEPCION CLANDESTINA. PENALIZACION.",18449,0,0
2002-07-17,17519,https://parlamento.gub.uy/documentosyleyes/leyes/ley/17519,https://www.impo.com.uy/bases/leyes/17519-2002,"SEGURO SOCIAL ENFERMEDAD. APORTE PATRONAL. REBAJA.",17962,3,0
2002-07-16,17518,https://parlamento.gub.uy/documentosyleyes/leyes/ley/17518,https://www.impo.com.uy/bases/leyes/17518-2002,"ESTACIONES DE SERVICIO Y GARAGES. DESCANSO SEMANAL. REGIMEN. DEROGACION.",18298,1,0
2002-07-11,17517,https://parlamento.gub.uy/documentosyleyes/leyes/ley/17517,https://www.impo.com.uy/bases/leyes/17517-2002,"ANTENAS RADIOAFICIONADOS EDIFICIOS PROPIEDAD PRIVADA. INSTALACION. DERECHO.",12139,1,0
2002-07-10,17516,https://parlamento.gub.uy/documentosyleyes/leyes/ley/17516,https://www.impo.com.uy/bases/leyes/17516-2002,"CONSTITUCION (SALTO). FUNDACION. ANIVERSARIO (150). FERIADO. DECLARACION.",19206,0,0
2002-07-04,17515,https://parlamento.gub.uy/documentosyleyes/leyes/ley/17515,https://www.impo.com.uy/bases/leyes/17515-2002,"PROSTITUCION. EJERCICIO. REGULACION.",13493,2,0
2002-07-02,17514,https://parlamento.gub.uy/documentosyleyes/leyes/ley/17514,https://www.impo.com.uy/bases/leyes/17514-2002,"VIOLENCIA DOMESTICA. ATENCION, DETECCION Y PREVENCION. NORMAS.",11907,0,9
2002-06-30,17513,https://parlamento.gub.uy/documentosyleyes/leyes/ley/17513,https://www.impo.com.uy/bases/leyes/17513-2002,"BANCO HIPOTECARIO. CAPITALIZACION. CONVENIO BANCO CENTRAL.",19638,2,1
2002-06-27,17512,https://parlamento.gub.uy/documentosyleyes/leyes/ley/17512,https://www.impo.com.uy/bases/leyes/17512-2002,"CONVENCION INTERAMERICANA RECEPCION PRUEBAS EN EL EXTRANJERO. PROTOCOLO  ADICIONAL. APROBACION.",13972,0,0
2002-06-27,17511,https://parlamento.gub.uy/documentosyleyes/leyes/ley/17511,https://www.impo.com.uy/bases/leyes/17511-2002,"RUMANIA-URUGUAY. COOPERACION SANITARIO-VETERINARIA. CONVENIO. APROBACION.",11571,0,0
2002-06-27,17510,https://parlamento.gub.uy/documentosyleyes/leyes/ley/17510,https://www.impo.com.uy/bases/leyes/17510-2002,"CORTE PENAL INTERNACIONAL. ESTATUTO ROMA. APROBACION.",19466,0,2
2002-06-20,17509,https://parlamento.gub.uy/documentosyleyes/leyes/ley/17509,https://www.impo.com.uy/bases/leyes/17509-2002,"LICITACION PUBLICA INTERIOR PAIS. PUBLICACION PRENSA LOCAL. DETERMINACION.",17526,1,2
2002-06-20,17508,https://parlamento.gub.uy/documentosyleyes/leyes/ley/17508,https://www.impo.com.uy/bases/leyes/17508-2002,"CONTRIBUCION INMOBILIARIA RURAL. EXONERACION. REQUISITOS. INTERPRETACION.",17853,1,0
2002-06-20,17507,https://parlamento.gub.uy/documentosyleyes/leyes/ley/17507,https://www.impo.com.uy/bases/leyes/17507-2002,"ORGANIZACION MARITIMA INTERNACIONAL (OMI). CONVENIO CONSTITUTIVO. ENMIENDAS.  APROBACION.",16409,0,0
2002-06-18,17506,https://parlamento.gub.uy/documentosyleyes/leyes/ley/17506,https://www.impo.com.uy/bases/leyes/17506-2002,"CODIGO PROCESO PENAL. VIGENCIA. SUSPENSION. COMISION REFORMA. CREACION.",19155,2,0
2002-06-18,17505,https://parlamento.gub.uy/documentosyleyes/leyes/ley/17505,https://www.impo.com.uy/bases/leyes/17505-2002,"DEUDOR. BIENES MUEBLES Y UTILES CASA-HABITACION. INEMBARGABILIDAD.",17221,1,0
2002-06-18,17504,https://parlamento.gub.uy/documentosyleyes/leyes/ley/17504,https://www.impo.com.uy/bases/leyes/17504-2002,"VIDA HUMANA MAR. SEGURIDAD. PROTOCOLO. APROBACION.",16408,0,0
2002-05-30,17503,https://parlamento.gub.uy/documentosyleyes/leyes/ley/17503,https://www.impo.com.uy/bases/leyes/17503-2002,"FLORES, FRUTAS Y HORTALIZAS. IVA. APLICACION. FONDO RECONSTRUCCION Y FOMENTO  GRANJA. CREACION.",19039,1,11
2002-05-29,17502,https://parlamento.gub.uy/documentosyleyes/leyes/ley/17502,https://www.impo.com.uy/bases/leyes/17502-2002,"IMPUESTOS. REGIMEN. MODIFICACION (2002).",19561,7,2
2002-05-27,17501,https://parlamento.gub.uy/documentosyleyes/leyes/ley/17501,https://www.impo.com.uy/bases/leyes/17501-2002,"MEXICO-URUGUAY. PROMOCION Y PROTECCION INVERSIONES. CONVENIO. APROBACION.",15761,0,0
2002-05-27,17500,https://parlamento.gub.uy/documentosyleyes/leyes/ley/17500,https://www.impo.com.uy/bases/leyes/17500-2002,"PERSONAL MILITAR FUERZA AEREA. CONCURRENCIA ACTOS CONMEMORATIVOS ANIVERSARIO  (50) COLEGIO MILITAR DE AVIACION (BOLIVIA). AUTORIZACION.",19401,0,0
2002-05-27,17499,https://parlamento.gub.uy/documentosyleyes/leyes/ley/17499,https://www.impo.com.uy/bases/leyes/17499-2002,"MERCOSUR. EXTRADICION. CONVENIO. APROBACION.",14419,0,0
2002-05-27,17498,https://parlamento.gub.uy/documentosyleyes/leyes/ley/17498,https://www.impo.com.uy/bases/leyes/17498-2002,"MERCOSUR-BOLIVIA-CHILE. EXTRADICION. CONVENIO. APROBACION.",14418,0,0
2002-05-24,17497,https://parlamento.gub.uy/documentosyleyes/leyes/ley/17497,https://www.impo.com.uy/bases/leyes/17497-2002,"LOCALES INSTITUCIONES DEPORTIVAS O CULTURALES. ACCESO Y DESPLAZAMIENTO  DISCAPACITADOS. FACILITACION. OBLIGATORIEDAD.",16375,0,0
2002-05-24,17496,https://parlamento.gub.uy/documentosyleyes/leyes/ley/17496,https://www.impo.com.uy/bases/leyes/17496-2002,"DEVITTA, María Carmen. PENSION GRACIABLE. OTORGAMIENTO.",18460,0,0
2002-05-24,17495,https://parlamento.gub.uy/documentosyleyes/leyes/ley/17495,https://www.impo.com.uy/bases/leyes/17495-2002,"ADULTO MAYOR, EMBARAZADA Y MENOR. LANZAMIENTOS CASA HABITACION MESES  INVIERNO. SUSPENSION.",16856,1,0
2002-05-22,17494,https://parlamento.gub.uy/documentosyleyes/leyes/ley/17494,https://www.impo.com.uy/bases/leyes/17494-2002,"PIRIEVEIS, Luis M. REPRESA ARROYO CHINGOLO (PAYSANDU). DENOMINACION.",17243,0,0
2002-05-22,17493,https://parlamento.gub.uy/documentosyleyes/leyes/ley/17493,https://www.impo.com.uy/bases/leyes/17493-2002,"MOROSOLI, Juan José. JARDIN INFANTES 202 LAS PIEDRAS (CANELONES).  DENOMINACION.",17353,0,0
2002-05-22,17492,https://parlamento.gub.uy/documentosyleyes/leyes/ley/17492,https://www.impo.com.uy/bases/leyes/17492-2002,"GRILLO, Homero. ESCUELA 16 ROSARIO (LAVALLEJA). DENOMINACION.",18297,0,0
2002-05-22,17491,https://parlamento.gub.uy/documentosyleyes/leyes/ley/17491,https://www.impo.com.uy/bases/leyes/17491-2002,"RODRIGUEZ de DE OLARTE, Haydee Blanca. ESCUELA DISCAPACITADOS INTELECTUALES  FLORES (DPTO.). DENOMINACION.",16523,0,0
2002-05-22,17490,https://parlamento.gub.uy/documentosyleyes/leyes/ley/17490,https://www.impo.com.uy/bases/leyes/17490-2002,"VIDAL Y FUENTES, Alfredo. ESCUELA 72 TIEMPO COMPLETO MINAS (LAVALLEJA).  DENOMINACION.",17354,0,0
2002-05-22,17489,https://parlamento.gub.uy/documentosyleyes/leyes/ley/17489,https://www.impo.com.uy/bases/leyes/17489-2002,"LIBERTAD. LICEO LIBERTAD (SAN JOSE). DENOMINACION.",17352,0,0
2002-05-22,17488,https://parlamento.gub.uy/documentosyleyes/leyes/ley/17488,https://www.impo.com.uy/bases/leyes/17488-2002,"FROEBEL, Federico. JARDIN INFANTES 112 JOSE PEDRO VARELA (LAVALLEJA).  DENOMINACION.",18064,0,0
2002-05-22,17487,https://parlamento.gub.uy/documentosyleyes/leyes/ley/17487,https://www.impo.com.uy/bases/leyes/17487-2002,"DE SAINT-EXUPERY, Antoine. ESCUELA RURAL 94 SANTA LUCIA (LAVALLEJA).  DENOMINACION.",17355,0,0
2002-05-22,17486,https://parlamento.gub.uy/documentosyleyes/leyes/ley/17486,https://www.impo.com.uy/bases/leyes/17486-2002,"MICAELA GUYUNUSA. JARDIN INFANTES 306 (MONTEVIDEO). DENOMINACION.",17757,0,0
2002-05-22,17485,https://parlamento.gub.uy/documentosyleyes/leyes/ley/17485,https://www.impo.com.uy/bases/leyes/17485-2002,"PERICO. JARDIN INFANTES 119 MINAS (LAVALLEJA). DENOMINACION.",18063,0,0
2002-05-22,17484,https://parlamento.gub.uy/documentosyleyes/leyes/ley/17484,https://www.impo.com.uy/bases/leyes/17484-2002,"CONGO. OPERACION PAZ ONU. EFECTIVOS MILITARES. AMPLIACION.",19258,1,1
2002-05-22,17483,https://parlamento.gub.uy/documentosyleyes/leyes/ley/17483,https://www.impo.com.uy/bases/leyes/17483-2002,"MENOR. PARTICIPACION CONFLICTOS ARMADOS. PROTOCOLO CONVENCION DERECHOS NIÑO.  APROBACION.",18464,0,0
2002-05-22,17482,https://parlamento.gub.uy/documentosyleyes/leyes/ley/17482,https://www.impo.com.uy/bases/leyes/17482-2002,"BERRO, Bernardo Prudencio. LICEO 48 MONTEVIDEO (DPTO.). DENOMINACION.",18065,0,0
2002-05-22,17481,https://parlamento.gub.uy/documentosyleyes/leyes/ley/17481,https://www.impo.com.uy/bases/leyes/17481-2002,"GUARNERIO, Blanca. ESCUELA 62 PARAJE ETCHEVARRIA (CANELONES). DENOMINACION.",17159,0,0
2002-05-22,17480,https://parlamento.gub.uy/documentosyleyes/leyes/ley/17480,https://www.impo.com.uy/bases/leyes/17480-2002,"COSSIO, Valentín. ESCUELA RURAL PARAJE CERROS DE AMARO (TREINTA Y TRES).  DENOMINACION.",14215,0,0
2002-05-22,17479,https://parlamento.gub.uy/documentosyleyes/leyes/ley/17479,https://www.impo.com.uy/bases/leyes/17479-2002,"GONZALEZ SIMOIS, Gonzalo. JARDIN INFANTES VILLA SOLIS (LAVALLEJA).  DENOMINACION.",17356,0,0
2002-05-22,17478,https://parlamento.gub.uy/documentosyleyes/leyes/ley/17478,https://www.impo.com.uy/bases/leyes/17478-2002,"BARRIOS TASSANO, Luis. LICEO 2 SAN CARLOS (MALDONADO). DENOMINACION.",18597,0,0
2002-05-22,17477,https://parlamento.gub.uy/documentosyleyes/leyes/ley/17477,https://www.impo.com.uy/bases/leyes/17477-2002,"SUIZA. ESCUELA RURAL 45 PUNTAS CAMPANERO (LAVALLEJA). DENOMINACION.",17357,0,0
2002-05-16,17476,https://parlamento.gub.uy/documentosyleyes/leyes/ley/17476,https://www.impo.com.uy/bases/leyes/17476-2002,"ANDRADE RODRIGUEZ, Celestina. PENSION GRACIABLE. OTORGAMIENTO.",18455,0,0
2002-05-16,17475,https://parlamento.gub.uy/documentosyleyes/leyes/ley/17475,https://www.impo.com.uy/bases/leyes/17475-2002,"CEDULA DE IDENTIDAD RECIEN NACIDOS. PLAZO OBTENCION. EXTENSION.",17755,1,0
2002-05-14,17474,https://parlamento.gub.uy/documentosyleyes/leyes/ley/17474,https://www.impo.com.uy/bases/leyes/17474-2002,"EMBARAZO MULTIPLE. ASIGNACION FAMILIAR Y ATENCION PEDIATRICA DOMICILIARIA.  REGIMEN.",17753,1,4
2002-05-09,17473,https://parlamento.gub.uy/documentosyleyes/leyes/ley/17473,https://www.impo.com.uy/bases/leyes/17473-2002,"REGISTRO PROPIEDAD ESTATAL OBRAS ARTISTAS PLASTICOS (GENERAL). CREACION.",16073,0,0
2002-04-29,17472,https://parlamento.gub.uy/documentosyleyes/leyes/ley/17472,https://www.impo.com.uy/bases/leyes/17472-2002,"TRABAJADOR EMPRESA INDUSTRIAL PANDO S.A. SEGURO DESOCUPACION. EXTENSION.",19228,1,0
2002-04-29,17471,https://parlamento.gub.uy/documentosyleyes/leyes/ley/17471,https://www.impo.com.uy/bases/leyes/17471-2002,"PRESTAMOS EN EFECTIVO. DEUDA. REAJUSTE E INTERESES. REGIMEN.",18279,1,1
2002-04-26,17470,https://parlamento.gub.uy/documentosyleyes/leyes/ley/17470,https://www.impo.com.uy/bases/leyes/17470-2002,"FERREIRA ALDUNATE, Wilson. RUTA 108. DENOMINACION.",16714,0,0
2002-04-17,17469,https://parlamento.gub.uy/documentosyleyes/leyes/ley/17469,https://www.impo.com.uy/bases/leyes/17469-2002,"ALBANIA-URUGUAY. COOPERACION CULTURAL. CONVENIO. APROBACION.",14752,0,0
2002-04-17,17468,https://parlamento.gub.uy/documentosyleyes/leyes/ley/17468,https://www.impo.com.uy/bases/leyes/17468-2002,"OFICIALES SUPERIORES MDN Y MINISTERIO INTERIOR. GUIA POSESION ARMAS.  RENOVACION. PAGO. EXONERACION.",16872,0,0
2002-04-17,17467,https://parlamento.gub.uy/documentosyleyes/leyes/ley/17467,https://www.impo.com.uy/bases/leyes/17467-2002,"REGISTRO CLUBES DEPORTIVOS. INSCRIPCION. PLAZO. PRORROGA.",17579,1,0
2002-04-16,17466,https://parlamento.gub.uy/documentosyleyes/leyes/ley/17466,https://www.impo.com.uy/bases/leyes/17466-2002,"TACUAREMBO (DPTO). ANIVERSARIO (165) FUNDACION. DECLARACION DIA DE  TACUAREMBO.",16953,0,0
2002-04-16,17465,https://parlamento.gub.uy/documentosyleyes/leyes/ley/17465,https://www.impo.com.uy/bases/leyes/17465-2002,"MACHIN, Francisco de Assis. ESCUELA RURAL CANELONES (DPTO). DENOMINACION.",15172,0,0
2002-04-16,17464,https://parlamento.gub.uy/documentosyleyes/leyes/ley/17464,https://www.impo.com.uy/bases/leyes/17464-2002,"NIGHTINGALE, Florence. ESCUELA LAVALLEJA (DPTO). DENOMINACION.",16521,0,0
2002-04-09,17463,https://parlamento.gub.uy/documentosyleyes/leyes/ley/17463,https://www.impo.com.uy/bases/leyes/17463-2002,"DE ARZADUM, Carmelo. ESCUELA PUEBLO FERNANDEZ (SALTO). DENOMINACION.",15467,0,0
2002-04-09,17462,https://parlamento.gub.uy/documentosyleyes/leyes/ley/17462,https://www.impo.com.uy/bases/leyes/17462-2002,"TORRES GARCIA, Joaquín. ESCUELA MARISCALA (LAVALLEJA). DENOMINACION.",16172,0,0
2002-04-09,17461,https://parlamento.gub.uy/documentosyleyes/leyes/ley/17461,https://www.impo.com.uy/bases/leyes/17461-2002,"RODRIGUEZ FABREGAT, Enrique. ESCUELA SAN JOSE DE MAYO (SAN JOSE).  DENOMINACION.",15532,0,0
2002-04-09,17460,https://parlamento.gub.uy/documentosyleyes/leyes/ley/17460,https://www.impo.com.uy/bases/leyes/17460-2002,"BATLLE Y ORDOÑEZ, José. ESCUELA SALTO (DPTO.). DENOMINACION.",15468,0,0
2002-03-12,17459,https://parlamento.gub.uy/documentosyleyes/leyes/ley/17459,https://www.impo.com.uy/bases/leyes/17459-2002,"HIERRO GAMBARDELLA, Luis. LICEO 55 (MONTEVIDEO). DENOMINACION.",16880,0,0
2002-03-08,17458,https://parlamento.gub.uy/documentosyleyes/leyes/ley/17458,https://www.impo.com.uy/bases/leyes/17458-2002,"TASA PROMOCION Y CONTROL VITIVINICOLA. MODIFICACION.",18779,3,1
2002-03-07,17457,https://parlamento.gub.uy/documentosyleyes/leyes/ley/17457,https://www.impo.com.uy/bases/leyes/17457-2002,"CRISCIO SOLER, Iris Renée. PENSION GRACIABLE. OTORGAMIENTO.",12908,0,0
2002-03-06,17456,https://parlamento.gub.uy/documentosyleyes/leyes/ley/17456,https://www.impo.com.uy/bases/leyes/17456-2002,"EJERCITO EE.UU. INTEGRANTES. INGRESO PAIS. AUTORIZACION.",18629,0,0
2002-03-06,17455,https://parlamento.gub.uy/documentosyleyes/leyes/ley/17455,https://www.impo.com.uy/bases/leyes/17455-2002,"OPERACION ATLASUR V. BARCO ROU MONTEVIDEO. SALIDA PAIS. AUTORIZACION.",18869,0,0
2002-03-05,17454,https://parlamento.gub.uy/documentosyleyes/leyes/ley/17454,https://www.impo.com.uy/bases/leyes/17454-2002,"REPUBLICA DEL PERU. ESCUELA 142 TIEMPO COMPLETO (MONTEVIDEO). DENOMINACION.",17189,0,0
2002-02-28,17453,https://parlamento.gub.uy/documentosyleyes/leyes/ley/17453,https://www.impo.com.uy/bases/leyes/17453-2002,"IMPUESTOS. REGIMEN. MODIFICACION (2002).",18877,14,11
2002-01-10,17452,https://parlamento.gub.uy/documentosyleyes/leyes/ley/17452,https://www.impo.com.uy/bases/leyes/17452-2002,"AÑO EDUCACION VIAL 2002. INTERES NACIONAL. DECLARACION.",15256,0,0
2002-01-10,17451,https://parlamento.gub.uy/documentosyleyes/leyes/ley/17451,https://www.impo.com.uy/bases/leyes/17451-2002,"FONDO SOLIDARIDAD UNIVERSITARIO. ORGANISMO PARAESTATAL. CARACTER.  OTORGAMIENTO.",18281,2,2
2002-01-04,17450,https://parlamento.gub.uy/documentosyleyes/leyes/ley/17450,https://www.impo.com.uy/bases/leyes/17450-2002,"PARMA ALFARO, José Luis. PENSION GRACIALBE. OTORGAMIENTO.",17659,0,0
2002-01-04,17449,https://parlamento.gub.uy/documentosyleyes/leyes/ley/17449,https://www.impo.com.uy/bases/leyes/17449-2002,"TRABAJADOR EXILIADO O PRESO POLITICO. COMPUTO JUBILATORIO. REGIMEN.",17242,2,5
2002-01-04,17448,https://parlamento.gub.uy/documentosyleyes/leyes/ley/17448,https://www.impo.com.uy/bases/leyes/17448-2002,"ANCAP. PETROLEO CRUDO. MONOPOLIO. DEROGACION.",18389,2,0
2002-01-03,17447,https://parlamento.gub.uy/documentosyleyes/leyes/ley/17447,https://www.impo.com.uy/bases/leyes/17447-2002,"GOBIERNOS DEPARTAMENTALES INTERIOR. PARTIDA EXTRAORDINARIA. PAGO.",18316,0,0
2001-12-31,17446,https://parlamento.gub.uy/documentosyleyes/leyes/ley/17446,https://www.impo.com.uy/bases/leyes/17446-2001,"PANAMA-URUGUAY. PROMOCION Y PROTECCION RECIPROCA INVERSIONES. CONVENIO.  APROBACION.",11166,0,0
2001-12-31,17445,https://parlamento.gub.uy/documentosyleyes/leyes/ley/17445,https://www.impo.com.uy/bases/leyes/17445-2001,"SEGURIDAD SOCIAL. REGIMEN. MODIFICACION.",17856,4,1
2001-12-28,17444,https://parlamento.gub.uy/documentosyleyes/leyes/ley/17444,https://www.impo.com.uy/bases/leyes/17444-2001,"POLICIA. RETIRO OBLIGATORIO. EDAD. MODIFICACION.",17621,1,0
2001-12-28,17443,https://parlamento.gub.uy/documentosyleyes/leyes/ley/17443,https://www.impo.com.uy/bases/leyes/17443-2001,"ANTEL. ADMISION CAPITALES PRIVADOS O VENTA ACCIONES TELEFONIA CELULAR  TERRESTRE. AUTORIZACION. REQUISITO.",16924,1,0
2001-12-28,17442,https://parlamento.gub.uy/documentosyleyes/leyes/ley/17442,https://www.impo.com.uy/bases/leyes/17442-2001,"ARREGUI, Mario. RUTA NACIONAL Nº 23 TRAMO TRINIDAD-ISMAEL CORTINAS.  DENOMINACION.",17023,0,0
2001-12-28,17441,https://parlamento.gub.uy/documentosyleyes/leyes/ley/17441,https://www.impo.com.uy/bases/leyes/17441-2001,"VENEZUELA-URUGUAY. PROMOCION Y PROTECCION INVERSIONES. CONVENIO. APROBACION.",10807,0,0
2001-12-28,17440,https://parlamento.gub.uy/documentosyleyes/leyes/ley/17440,https://www.impo.com.uy/bases/leyes/17440-2001,"MALASIA-URUGUAY. PROMOCION Y PROTECCION INVERSIONES. CONVENIO. APROBACION.",4571,0,0
2001-12-28,17439,https://parlamento.gub.uy/documentosyleyes/leyes/ley/17439,https://www.impo.com.uy/bases/leyes/17439-2001,"COLOMBIA-URUGUAY. SEGURIDAD SOCIAL. CONVENIO. APROBACION.",10317,0,0
2001-12-21,17438,https://parlamento.gub.uy/documentosyleyes/leyes/ley/17438,https://www.impo.com.uy/bases/leyes/17438-2001,"PRODUCTOR LECHERO AFECTADO FIEBRE AFTOSA. INDEMNIZACION.",17818,1,0
2001-12-20,17437,https://parlamento.gub.uy/documentosyleyes/leyes/ley/17437,https://www.impo.com.uy/bases/leyes/17437-2001,"CAJA NOTARIAL. JUBILACIONES Y PENSIONES. REGIMEN. MODIFICACION.",17127,5,12
2001-12-17,17436,https://parlamento.gub.uy/documentosyleyes/leyes/ley/17436,https://www.impo.com.uy/bases/leyes/17436-2001,"MICROEMPRESAS. IRIC Y APORTE PATRONAL BPS. REGIMEN. MODIFICACION.",18253,2,1
2001-12-17,17435,https://parlamento.gub.uy/documentosyleyes/leyes/ley/17435,https://www.impo.com.uy/bases/leyes/17435-2001,"PERU-URUGUAY. COOPERACION CIENTIFICA, TECNOLOGICA Y LOGISTICA MATERIA  ANTARTICA. CONVENIO. APROBACION.",10647,0,0
2001-12-14,17434,https://parlamento.gub.uy/documentosyleyes/leyes/ley/17434,https://www.impo.com.uy/bases/leyes/17434-2001,"CONGO. OPERACION PAZ ONU. EFECTIVOS MILITARES. AMPLIACION.",18289,1,0
2001-12-14,17433,https://parlamento.gub.uy/documentosyleyes/leyes/ley/17433,https://www.impo.com.uy/bases/leyes/17433-2001,"EMPRESAS. CERTIFICACION CALIDAD. IRIC. DEDUCCION. RENTA NETA. FIJACION.",18252,0,0
2001-12-13,17432,https://parlamento.gub.uy/documentosyleyes/leyes/ley/17432,https://www.impo.com.uy/bases/leyes/17432-2001,"HERNANDEZ BARRETO, Olga. PENSION GRACIABLE. OTORGAMIENTO.",16864,0,0
2001-12-13,17431,https://parlamento.gub.uy/documentosyleyes/leyes/ley/17431,https://www.impo.com.uy/bases/leyes/17431-2001,"GANDOS CARAVIA, Rosario. PENSION GRACIABLE. OTORGAMIENTO.",17549,0,0
2001-12-13,17430,https://parlamento.gub.uy/documentosyleyes/leyes/ley/17430,https://www.impo.com.uy/bases/leyes/17430-2001,"INMUEBLE BHU FRAY BENTOS (RIO NEGRO). ENAJENACION INTENDENCIA RIO NEGRO.  AUTORIZACION.",17995,0,0
2001-12-12,17429,https://parlamento.gub.uy/documentosyleyes/leyes/ley/17429,https://www.impo.com.uy/bases/leyes/17429-2001,"CURI, Ruben Simón. CENTRO AUXILIAR SALUD PUBLICA PASO DE LOS TOROS  (TACUAREMBO). DENOMINACION.",17859,0,0
2001-12-11,17428,https://parlamento.gub.uy/documentosyleyes/leyes/ley/17428,https://www.impo.com.uy/bases/leyes/17428-2001,"RIVERA, Fructuoso. ESCUELA 64 VILLA MILITAR (MALDONADO). DENOMINACION.",17190,0,0
2001-12-07,17427,https://parlamento.gub.uy/documentosyleyes/leyes/ley/17427,https://www.impo.com.uy/bases/leyes/17427-2001,"CORPORACION ANDINA FOMENTO (CAF). URUGUAY. INCORPORACION.",17814,0,1
2001-11-29,17426,https://parlamento.gub.uy/documentosyleyes/leyes/ley/17426,https://www.impo.com.uy/bases/leyes/17426-2001,"CONGO. OPERACION PAZ ONU. ENVIO INTEGRANTES ARMADA NACIONAL. AMPLIACION.  AUTORIZACION.",17569,1,0
2001-11-29,17425,https://parlamento.gub.uy/documentosyleyes/leyes/ley/17425,https://www.impo.com.uy/bases/leyes/17425-2001,"BARCO ARMADA OCEANOGRAFICO ROU OYARVIDE. SALIDA PAIS. AUTORIZACION.",18288,0,0
2001-11-29,17424,https://parlamento.gub.uy/documentosyleyes/leyes/ley/17424,https://www.impo.com.uy/bases/leyes/17424-2001,"BARCOS ARMADA ROU COLONIA Y ROU RIO NEGRO. SALIDA PAIS. AUTORIZACION.",18304,0,0
2001-11-29,17423,https://parlamento.gub.uy/documentosyleyes/leyes/ley/17423,https://www.impo.com.uy/bases/leyes/17423-2001,"BARCOS ARMADA ROU COMANDANTE PEDRO CAMPBELL, ROU FORTUNA Y ROU 15 DE  NOVIEMBRE. SALIDA PAIS. AUTORIZACION.",18303,0,0
2001-11-29,17422,https://parlamento.gub.uy/documentosyleyes/leyes/ley/17422,https://www.impo.com.uy/bases/leyes/17422-2001,"EXODO DEL PUEBLO ORIENTAL. GRUPO ARTILLERIA N° 2. DENOMINACION.",17816,0,0
2001-11-22,17421,https://parlamento.gub.uy/documentosyleyes/leyes/ley/17421,https://www.impo.com.uy/bases/leyes/17421-2001,"CAMPEONATO SUDAMERICANO CLUBES CAMPEONES INTERIOR-URUGUAY 2001 (PRIMERO).  INTERES NACIONAL. DECLARACION.",18080,0,0
2001-11-21,17420,https://parlamento.gub.uy/documentosyleyes/leyes/ley/17420,https://www.impo.com.uy/bases/leyes/17420-2001,"BARCO ARMADA ROU CAPITAN MIRANDA. VISITA PUERTO BUENOS AIRES LANZAMIENTO  TEMPORADA TURISTICA. AUTORIZACION.",18291,0,0
2001-11-21,17419,https://parlamento.gub.uy/documentosyleyes/leyes/ley/17419,https://www.impo.com.uy/bases/leyes/17419-2001,"CAMPAÑA ANTARTICA 2002. BARCO ARMADA ROU VANGUARDIA. SALIDA PAIS.  AUTORIZACION.",17817,0,0
2001-11-20,17418,https://parlamento.gub.uy/documentosyleyes/leyes/ley/17418,https://www.impo.com.uy/bases/leyes/17418-2001,"INAME. CONTRATOS FUNCIONARIOS ZAFRALES. PRORROGA. AUTORIZACION.",16897,0,0
2001-11-20,17417,https://parlamento.gub.uy/documentosyleyes/leyes/ley/17417,https://www.impo.com.uy/bases/leyes/17417-2001,"AMORIN CAL, Raúl. CENTRO SALUD PUBLICA FLORIDA (DPTO.). DENOMINACION.",17153,0,0
2001-11-20,17416,https://parlamento.gub.uy/documentosyleyes/leyes/ley/17416,https://www.impo.com.uy/bases/leyes/17416-2001,"PRESTAMOS BROU. TOPES. DETERMINACION.",17750,2,1
2001-11-13,17415,https://parlamento.gub.uy/documentosyleyes/leyes/ley/17415,https://www.impo.com.uy/bases/leyes/17415-2001,"OBRAS PLASTICAS ARTISTAS NACIONALES VIVOS. SALIDA PAIS. AUTORIZACION.",17231,1,0
2001-11-08,17414,https://parlamento.gub.uy/documentosyleyes/leyes/ley/17414,https://www.impo.com.uy/bases/leyes/17414-2001,"FERIADOS. REGIMEN. MODIFICACION.",14257,1,1
2001-11-02,17413,https://parlamento.gub.uy/documentosyleyes/leyes/ley/17413,https://www.impo.com.uy/bases/leyes/17413-2001,"PUEBLO SEQUEIRA (ARTIGAS). ELEVACION CATEGORIA Y DENOMINACION.",8160,0,0
2001-11-01,17412,https://parlamento.gub.uy/documentosyleyes/leyes/ley/17412,https://www.impo.com.uy/bases/leyes/17412-2001,"EMPRESAS PUBLICAS. IMPUESTO VENTA MONEDA EXTRANJERA (ICOME) Y CONTRIBUCIONES  SEGURIDAD SOCIAL. REDUCCION.",17531,2,0
2001-10-29,17411,https://parlamento.gub.uy/documentosyleyes/leyes/ley/17411,https://www.impo.com.uy/bases/leyes/17411-2001,"OPERACION UNITAS XLII (2001). REALIZACION. AUTORIZACION.",17568,0,0
2001-10-29,17410,https://parlamento.gub.uy/documentosyleyes/leyes/ley/17410,https://www.impo.com.uy/bases/leyes/17410-2001,"ATENTADOS TERRORISTAS CON BOMBAS. REPRESION. CONVENIO. APROBACION.",11859,0,0
2001-10-26,17409,https://parlamento.gub.uy/documentosyleyes/leyes/ley/17409,https://www.impo.com.uy/bases/leyes/17409-2001,"ESPINOLA Francisco. TRAMO RUTA NACIONAL 23. DENOMINACION.",17321,0,0
2001-10-26,17408,https://parlamento.gub.uy/documentosyleyes/leyes/ley/17408,https://www.impo.com.uy/bases/leyes/17408-2001,"CONTRIBUCION INMOBILIARIA RURAL ARTIGAS (DPTO). REDUCCION ADICIONAL EJERCICIO  2001.",17822,2,0
2001-10-26,17407,https://parlamento.gub.uy/documentosyleyes/leyes/ley/17407,https://www.impo.com.uy/bases/leyes/17407-2001,"SEMANA MORTALIDAD INFANTIL (NACIONAL). DECLARACION.",15183,0,0
2001-10-23,17406,https://parlamento.gub.uy/documentosyleyes/leyes/ley/17406,https://www.impo.com.uy/bases/leyes/17406-2001,"DIA DONACION Y TRANSPLANTE ORGANOS Y TEJIDOS (NACIONAL). DECLARACION.",15379,0,0
2001-10-23,17405,https://parlamento.gub.uy/documentosyleyes/leyes/ley/17405,https://www.impo.com.uy/bases/leyes/17405-2001,"CONGO. OPERACION PAZ ONU. EFECTIVOS MILITARES. AMPLIACION.",18027,2,0
2001-10-17,17404,https://parlamento.gub.uy/documentosyleyes/leyes/ley/17404,https://www.impo.com.uy/bases/leyes/17404-2001,"RIGOLI, José A. ESCUELA TECNICA AERONAUTICA. DENOMINACION.",17570,0,0
2001-10-16,17403,https://parlamento.gub.uy/documentosyleyes/leyes/ley/17403,https://www.impo.com.uy/bases/leyes/17403-2001,"RENDICION CUENTAS 2000. APROBACION.",17215,0,0
2001-10-12,17402,https://parlamento.gub.uy/documentosyleyes/leyes/ley/17402,https://www.impo.com.uy/bases/leyes/17402-2001,"BARCOS ARMADA ROU ARTIGAS Y ROU MONTEVIDEO. SALIDA PAIS. AUTORIZACION.",17341,0,0
2001-10-11,17401,https://parlamento.gub.uy/documentosyleyes/leyes/ley/17401,https://www.impo.com.uy/bases/leyes/17401-2001,"SAUCE (CANELONES). SESQUICENTENARIO FUNDACION. FERIADO. DECLARACION.",17364,0,0
2001-10-10,17400,https://parlamento.gub.uy/documentosyleyes/leyes/ley/17400,https://www.impo.com.uy/bases/leyes/17400-2001,"SEMANA LUCHA CONTRA REUMATISMO. DECLARACION.",12565,0,0
2001-09-17,17399,https://parlamento.gub.uy/documentosyleyes/leyes/ley/17399,https://www.impo.com.uy/bases/leyes/17399-2001,"VIVIENDA NUEVA. COMPRA. IVA. EXONERACION.",17057,1,0
2001-09-12,17398,https://parlamento.gub.uy/documentosyleyes/leyes/ley/17398,https://www.impo.com.uy/bases/leyes/17398-2001,"REGIMIENTOS CABALLERIA MECANIZADOS 3 Y 7. CONCURRENCIA ACTOS CONMEMORATIVOS  INDEPENDENCIA BRASIL. AUTORIZACION.",17230,0,0
2001-09-12,17397,https://parlamento.gub.uy/documentosyleyes/leyes/ley/17397,https://www.impo.com.uy/bases/leyes/17397-2001,"LANZA, Aquiles. ESCUELA CAPACITACION FUNCIONARIOS PUBLICOS. DENOMINACION.",16667,0,1
2001-09-11,17396,https://parlamento.gub.uy/documentosyleyes/leyes/ley/17396,https://www.impo.com.uy/bases/leyes/17396-2001,"ARAMENDIA, Pedro. ESCUELA LAVALLEJA (DPTO). DENOMINACION.",16292,0,0
2001-09-11,17395,https://parlamento.gub.uy/documentosyleyes/leyes/ley/17395,https://www.impo.com.uy/bases/leyes/17395-2001,"NUÑEZ, Carlos. ESCUELA PLAYA PASCUAL (SAN JOSE). DENOMINACION.",12040,0,0
2001-09-11,17394,https://parlamento.gub.uy/documentosyleyes/leyes/ley/17394,https://www.impo.com.uy/bases/leyes/17394-2001,"ORIBE, Manuel. ESCUELA MINAS (LAVALLEJA). DENOMINACION.",14141,0,0
2001-09-11,17393,https://parlamento.gub.uy/documentosyleyes/leyes/ley/17393,https://www.impo.com.uy/bases/leyes/17393-2001,"BELTRAME, Enrique. ESCUELA 92 TRANQUERAS (RIVERA). DENOMINACION.",16360,0,0
2001-09-11,17392,https://parlamento.gub.uy/documentosyleyes/leyes/ley/17392,https://www.impo.com.uy/bases/leyes/17392-2001,"SCARABELLI ALBERTI, Virgilio Eduardo. LICEO MONTEVIDEO (DPTO). DENOMINACION.",16411,0,0
2001-09-11,17391,https://parlamento.gub.uy/documentosyleyes/leyes/ley/17391,https://www.impo.com.uy/bases/leyes/17391-2001,"BROCQUA, Alfonso. ESCUELA 266 DE MUSICA (CANELONES). DENOMINACION.",16359,0,0
2001-09-11,17390,https://parlamento.gub.uy/documentosyleyes/leyes/ley/17390,https://www.impo.com.uy/bases/leyes/17390-2001,"KING, Martín Luther. ESCUELA 178 (MONTEVIDEO). DENOMINACION.",9818,0,0
2001-09-11,17389,https://parlamento.gub.uy/documentosyleyes/leyes/ley/17389,https://www.impo.com.uy/bases/leyes/17389-2001,"OLEODUCTOS Y POLIDUCTOS ANCAP. TENDIDOS Y MANTENIMIENTOS. NORMAS. FIJACION.",14749,0,0
2001-09-11,17388,https://parlamento.gub.uy/documentosyleyes/leyes/ley/17388,https://www.impo.com.uy/bases/leyes/17388-2001,"BRASIL-URUGUAY. CONSTRUCCION PUENTE YAGUARON-RIO BRANCO Y RESTAURACION PUENTE  BARON DE MANA. CONVENIO. APROBACION.",16070,0,0
2001-08-23,17387,https://parlamento.gub.uy/documentosyleyes/leyes/ley/17387,https://www.impo.com.uy/bases/leyes/17387-2001,"OPERACION CEIBO 2001. INTEGRANTES EJERCITO ARGENTINO. INGRESO PAIS.  AUTORIZACION.",16558,0,0
2001-08-23,17386,https://parlamento.gub.uy/documentosyleyes/leyes/ley/17386,https://www.impo.com.uy/bases/leyes/17386-2001,"PARTO. PRESENCIA ACOMPAÑANTE. DERECHO.",15206,0,0
2001-08-23,17385,https://parlamento.gub.uy/documentosyleyes/leyes/ley/17385,https://www.impo.com.uy/bases/leyes/17385-2001,"CONTRIBUCION INMOBILIARIA RURAL. EXONERACION. DECLARACION JURADA. PLAZO.  PRORROGA.",17317,1,0
2001-08-21,17384,https://parlamento.gub.uy/documentosyleyes/leyes/ley/17384,https://www.impo.com.uy/bases/leyes/17384-2001,"RODRIGUEZ, Washington. PENSION GRACIABLE. OTORGAMIENTO.",16712,0,0
2001-08-21,17383,https://parlamento.gub.uy/documentosyleyes/leyes/ley/17383,https://www.impo.com.uy/bases/leyes/17383-2001,"OPERACION CABAÑAS 2001. INTEGRANTES EJERCITO NACIONAL. SALIDA PAIS.  AUTORIZACION.",17471,0,0
2001-08-14,17382,https://parlamento.gub.uy/documentosyleyes/leyes/ley/17382,https://www.impo.com.uy/bases/leyes/17382-2001,"PARAGUAY-URUGUAY. ASISTENCIA JUDICIAL INTERNACIONAL. CONVENIO. APROBACION.",10316,0,0
2001-08-14,17381,https://parlamento.gub.uy/documentosyleyes/leyes/ley/17381,https://www.impo.com.uy/bases/leyes/17381-2001,"CENTRO INTERNACIONAL ESTUDIOS CONSERVACION Y RESTAURACION BIENES CULTURALES  (ICCROM). ESTATUTO. APROBACION.",8394,0,0
2001-08-02,17380,https://parlamento.gub.uy/documentosyleyes/leyes/ley/17380,https://www.impo.com.uy/bases/leyes/17380-2001,"PERSONAL MILITAR EJERCITO. VISITA BRIGADA CABALLERIA MECANIZADA (BRASIL).  SALIDA PAIS. AUTORIZACION.",17287,0,0
2001-07-26,17379,https://parlamento.gub.uy/documentosyleyes/leyes/ley/17379,https://www.impo.com.uy/bases/leyes/17379-2001,"FONDO RECONVERSION SECTOR AZUCARERO. CREACION.",16118,1,4
2001-07-25,17378,https://parlamento.gub.uy/documentosyleyes/leyes/ley/17378,https://www.impo.com.uy/bases/leyes/17378-2001,"LENGUA SEÑAS URUGUAYA. USO Y RECONOCIMIENTO. GENERALIZACION.",12087,1,2
2001-07-24,17377,https://parlamento.gub.uy/documentosyleyes/leyes/ley/17377,https://www.impo.com.uy/bases/leyes/17377-2001,"CENTRO FORMACION INTEGRACION (CEFIR). ACTA CONSTITUTIVA. APROBACION.",16552,0,0
2001-07-24,17376,https://parlamento.gub.uy/documentosyleyes/leyes/ley/17376,https://www.impo.com.uy/bases/leyes/17376-2001,"BARCOS ARMADA ROU ARTIGAS Y ROU MONTEVIDEO. SALIDA PAIS. AUTORIZACION.",17054,0,0
2001-07-19,17375,https://parlamento.gub.uy/documentosyleyes/leyes/ley/17375,https://www.impo.com.uy/bases/leyes/17375-2001,"SANTIN, Justina. ESCUELA 29 PUNTAS DE MACIEL (FLORIDA). DENOMINACION.",14718,0,0
2001-07-17,17374,https://parlamento.gub.uy/documentosyleyes/leyes/ley/17374,https://www.impo.com.uy/bases/leyes/17374-2001,"BAHAMAS-URUGUAY. COOPERACION ECONOMICA, CIENTIFICO TECNICA Y CULTURAL.  CONVENIO. APROBACION.",12229,0,0
2001-07-11,17373,https://parlamento.gub.uy/documentosyleyes/leyes/ley/17373,https://www.impo.com.uy/bases/leyes/17373-2001,"ZITARROSA, Alfredo. ESCUELA MONTEVIDEO (DPTO.). DENOMINACION.",14664,0,0
2001-07-11,17372,https://parlamento.gub.uy/documentosyleyes/leyes/ley/17372,https://www.impo.com.uy/bases/leyes/17372-2001,"VILLA CHIAPPARA. ESCUELA 53 SAN CARLOS (MALDONADO). DENOMINACION.",15760,0,0
2001-07-11,17371,https://parlamento.gub.uy/documentosyleyes/leyes/ley/17371,https://www.impo.com.uy/bases/leyes/17371-2001,"JASO ANCHORENA, Carlos María. ESCUELA POLANCO (LAVALLEJA). DENOMINACION.",10095,0,0
2001-07-11,17370,https://parlamento.gub.uy/documentosyleyes/leyes/ley/17370,https://www.impo.com.uy/bases/leyes/17370-2001,"ISLAS CANARIAS. ESCUELA RURAL 138 PUNTAS DE VEJIGAS (CANELONES).  DENOMINACION.",15441,0,0
2001-07-11,17369,https://parlamento.gub.uy/documentosyleyes/leyes/ley/17369,https://www.impo.com.uy/bases/leyes/17369-2001,"ARTIGAS, José Gervasio. SESQUICENTENARIO FALLECIMIENTO. MONEDAS  CONMEMORATIVAS. ACUÑACION BANCO CENTRAL. AUTORIZACION.",15444,1,0
2001-07-10,17368,https://parlamento.gub.uy/documentosyleyes/leyes/ley/17368,https://www.impo.com.uy/bases/leyes/17368-2001,"CHALAR, Santiago. ESCUELA MUSICA MINAS (LAVALLEJA). DENOMINACION.",14799,0,0
2001-07-10,17367,https://parlamento.gub.uy/documentosyleyes/leyes/ley/17367,https://www.impo.com.uy/bases/leyes/17367-2001,"SANGUINETTI PONCE DE LEON, Felipe José. ESCUELA ARROYO MALO (FLORES).  DENOMINACION.",14142,0,0
2001-07-10,17366,https://parlamento.gub.uy/documentosyleyes/leyes/ley/17366,https://www.impo.com.uy/bases/leyes/17366-2001,"REPUBLICA ARGENTINA. ESCUELA 119 (CERRO LARGO). DENOMINACION.",12024,0,0
2001-07-10,17365,https://parlamento.gub.uy/documentosyleyes/leyes/ley/17365,https://www.impo.com.uy/bases/leyes/17365-2001,"MICHELINI, Zelmar. ESCUELA 113 MONTEVIDEO. DENOMINACION.",14206,0,0
2001-07-06,17364,https://parlamento.gub.uy/documentosyleyes/leyes/ley/17364,https://www.impo.com.uy/bases/leyes/17364-2001,"PICUM, Adolfo. POLICLINICA LA PALOMA (DURAZNO). DENOMINACION.",15260,0,0
2001-07-04,17363,https://parlamento.gub.uy/documentosyleyes/leyes/ley/17363,https://www.impo.com.uy/bases/leyes/17363-2001,"ESTABLE, Clemente. ESCUELA MONTEVIDEO (DPTO.). DENOMINACION.",15300,0,0
2001-06-26,17362,https://parlamento.gub.uy/documentosyleyes/leyes/ley/17362,https://www.impo.com.uy/bases/leyes/17362-2001,"LIBANO-URUGUAY. COOPERACION CULTURAL. CONVENIO. APROBACION.",13933,0,0
2001-06-25,17361,https://parlamento.gub.uy/documentosyleyes/leyes/ley/17361,https://www.impo.com.uy/bases/leyes/17361-2001,"PRODUCTOR RURAL ARTIGAS (DPTO.). COMPENSACION FONDO PERMANENTE INDEMNIZACION.",16548,1,0
2001-06-25,17360,https://parlamento.gub.uy/documentosyleyes/leyes/ley/17360,https://www.impo.com.uy/bases/leyes/17360-2001,"CONGO. OPERACION PAZ ONU. ENVIO INTEGRANTES ARMADA NACIONAL. AUTORIZACION.",16565,0,0
2001-06-22,17359,https://parlamento.gub.uy/documentosyleyes/leyes/ley/17359,https://www.impo.com.uy/bases/leyes/17359-2001,"INMUEBLES ESTADO GUAYUVIRA (ARTIGAS). USUFRUCTO. OTORGAMIENTO.",14147,0,0
2001-06-22,17358,https://parlamento.gub.uy/documentosyleyes/leyes/ley/17358,https://www.impo.com.uy/bases/leyes/17358-2001,"OFICIALES GENERALES Y SUPERIORES RETIRADOS FUERZAS ARMADAS. ASCENSO GRADO  INMEDIATO SUPERIOR.",13739,1,0
2001-06-22,17357,https://parlamento.gub.uy/documentosyleyes/leyes/ley/17357,https://www.impo.com.uy/bases/leyes/17357-2001,"PLATAFORMA CONTINENTAL. TRAZA BORDE EXTERIOR. INTERES NACIONAL. DECLARACION.",14435,1,1
2001-06-22,17356,https://parlamento.gub.uy/documentosyleyes/leyes/ley/17356,https://www.impo.com.uy/bases/leyes/17356-2001,"VENEZUELA-URUGUAY. ASISTENCIA JURIDICA ASUNTOS PENALES. CONVENIO. APROBACION.",10342,0,0
2001-06-21,17355,https://parlamento.gub.uy/documentosyleyes/leyes/ley/17355,https://www.impo.com.uy/bases/leyes/17355-2001,"FUERZAS UNIDAS 2001 (QUITO-ECUADOR). ENVIO INTEGRANTES EJERCITO NACIONAL.  AUTORIZACION.",16570,0,0
2001-06-15,17354,https://parlamento.gub.uy/documentosyleyes/leyes/ley/17354,https://www.impo.com.uy/bases/leyes/17354-2001,"ESPAÑA-URUGUAY. PREVENCION CONSUMO Y TRAFICO ILICITO DROGAS. CONVENIO.  APROBACION.",14414,0,0
2001-06-15,17353,https://parlamento.gub.uy/documentosyleyes/leyes/ley/17353,https://www.impo.com.uy/bases/leyes/17353-2001,"PORTUGAL-URUGUAY. PREVENCION CONSUMO Y TRAFICO ILICITO DROGAS. CONVENIO.  APROBACION.",14412,0,0
2001-06-15,17352,https://parlamento.gub.uy/documentosyleyes/leyes/ley/17352,https://www.impo.com.uy/bases/leyes/17352-2001,"COLOMBIA-URUGUAY. TRAFICO DE DROGAS. LUCHA. COOPERACION. CONVENIO.  APROBACION.",14195,0,0
2001-06-15,17351,https://parlamento.gub.uy/documentosyleyes/leyes/ley/17351,https://www.impo.com.uy/bases/leyes/17351-2001,"BULGARIA-URUGUAY. COOPERACION ECONOMICA. CONVENIO. APROBACION.",14190,0,0
2001-06-15,17350,https://parlamento.gub.uy/documentosyleyes/leyes/ley/17350,https://www.impo.com.uy/bases/leyes/17350-2001,"ARGENTINA-URUGUAY. COPRODUCCION CINEMATOGRAFICA. CONVENIO. APROBACION.",13980,0,0
2001-06-15,17349,https://parlamento.gub.uy/documentosyleyes/leyes/ley/17349,https://www.impo.com.uy/bases/leyes/17349-2001,"APATRIDIA. REDUCCION. CONVENIO. APROBACION.",14416,0,0
2001-06-13,17348,https://parlamento.gub.uy/documentosyleyes/leyes/ley/17348,https://www.impo.com.uy/bases/leyes/17348-2001,"ENSAYOS NUCLEARES. PROHIBICION. CONVENIO. APROBACION.",14409,0,0
2001-06-13,17347,https://parlamento.gub.uy/documentosyleyes/leyes/ley/17347,https://www.impo.com.uy/bases/leyes/17347-2001,"CRIMENES GUERRA Y LESA HUMANIDAD. CONVENIO. APROBACION.",12696,0,0
2001-06-06,17346,https://parlamento.gub.uy/documentosyleyes/leyes/ley/17346,https://www.impo.com.uy/bases/leyes/17346-2001,"TRABAJADOR POLIMEROS URUGUAYOS S.A. SEGURO DESOCUPACION. PRORROGA.",16629,1,0
2001-05-31,17345,https://parlamento.gub.uy/documentosyleyes/leyes/ley/17345,https://www.impo.com.uy/bases/leyes/17345-2001,"IMPUESTO CONTRIBUCION FINANCIAMIENTO SEGURIDAD SOCIAL (COFIS). CREACION.",16779,6,5
2001-05-25,17344,https://parlamento.gub.uy/documentosyleyes/leyes/ley/17344,https://www.impo.com.uy/bases/leyes/17344-2001,"DIRECCION REGISTROS (GENERAL). FUNCIONARIO CONTRATADO. PRESUPUESTACION.  OPCION.",15928,0,0
2001-05-25,17343,https://parlamento.gub.uy/documentosyleyes/leyes/ley/17343,https://www.impo.com.uy/bases/leyes/17343-2001,"BLANQUEO CAPITALES. DELITO. TIPIFICACION.",16501,1,1
2001-05-25,17342,https://parlamento.gub.uy/documentosyleyes/leyes/ley/17342,https://www.impo.com.uy/bases/leyes/17342-2001,"ARMAS CONVENCIONALES. ADQUISICION. TRANSPARENCIA. CONVENCION INTERAMERICANA.  APROBACION.",14103,0,0
2001-05-25,17341,https://parlamento.gub.uy/documentosyleyes/leyes/ley/17341,https://www.impo.com.uy/bases/leyes/17341-2001,"NAVEGACION MARITIMA. SEGURIDAD. REPRESION ACTOS ILICITOS. PROTOCOLO.  APROBACION.",14196,0,0
2001-05-24,17340,https://parlamento.gub.uy/documentosyleyes/leyes/ley/17340,https://www.impo.com.uy/bases/leyes/17340-2001,"GALLOZA, Ruben. PENSION GRACIABLE. OTORGAMIENTO.",13052,0,0
2001-05-24,17339,https://parlamento.gub.uy/documentosyleyes/leyes/ley/17339,https://www.impo.com.uy/bases/leyes/17339-2001,"LORIENTE, Horacio E. PENSION GRACIABLE. OTORGAMIENTO.",13054,0,0
2001-05-18,17338,https://parlamento.gub.uy/documentosyleyes/leyes/ley/17338,https://www.impo.com.uy/bases/leyes/17338-2001,"MUJER. DISCRIMINACION. ELIMINACION. CONVENIO. APROBACION.",15227,0,0
2001-05-18,17337,https://parlamento.gub.uy/documentosyleyes/leyes/ley/17337,https://www.impo.com.uy/bases/leyes/17337-2001,"DIA SAN CONO. FERIADO TURISTICO FLORIDA (DPTO). DECLARACION.",14645,0,0
2001-05-17,17336,https://parlamento.gub.uy/documentosyleyes/leyes/ley/17336,https://www.impo.com.uy/bases/leyes/17336-2001,"CANADA-URUGUAY. ASISTENCIA PENAL. CONVENIO. APROBACION.",8539,0,0
2001-05-17,17335,https://parlamento.gub.uy/documentosyleyes/leyes/ley/17335,https://www.impo.com.uy/bases/leyes/17335-2001,"MENORES. RESTITUCION INTERNACIONAL. CONVENCION INTERAMERICANA. APROBACION.",13977,0,1
2001-05-17,17334,https://parlamento.gub.uy/documentosyleyes/leyes/ley/17334,https://www.impo.com.uy/bases/leyes/17334-2001,"OBLIGACIONES ALIMENTARIAS. CONVENCION INTERAMERICANA. APROBACION.",13978,0,0
2001-05-17,17333,https://parlamento.gub.uy/documentosyleyes/leyes/ley/17333,https://www.impo.com.uy/bases/leyes/17333-2001,"EFECTIVOS EJERCITO ESTADOS UNIDOS AMERICA. INGRESO PAIS. AUTORIZACION.",16176,0,0
2001-05-17,17332,https://parlamento.gub.uy/documentosyleyes/leyes/ley/17332,https://www.impo.com.uy/bases/leyes/17332-2001,"BARCO ARMADA ROU CAPITAN MIRANDA. SALIDA PAIS. AUTORIZACION.",16175,0,0
2001-05-09,17331,https://parlamento.gub.uy/documentosyleyes/leyes/ley/17331,https://www.impo.com.uy/bases/leyes/17331-2001,"CANADA-URUGUAY. SEGURIDAD SOCIAL. CONVENIO. APROBACION.",14104,0,0
2001-05-09,17330,https://parlamento.gub.uy/documentosyleyes/leyes/ley/17330,https://www.impo.com.uy/bases/leyes/17330-2001,"DISCAPACITADO. DISCRIMINACION. ELIMINACION. CONVENCION INTERAMERICANA.  APROBACION.",13982,0,0
2001-05-09,17329,https://parlamento.gub.uy/documentosyleyes/leyes/ley/17329,https://www.impo.com.uy/bases/leyes/17329-2001,"EXPLOSIVOS PLASTICOS. MARCACION. CONVENIO. APROBACION.",12215,0,0
2001-05-04,17328,https://parlamento.gub.uy/documentosyleyes/leyes/ley/17328,https://www.impo.com.uy/bases/leyes/17328-2001,"ELECCIONES DIRECTORIO BPS MARZO 2001. PASIVOS. MULTA OMISION VOTO.  EXONERACION.",16436,1,0
2001-05-04,17327,https://parlamento.gub.uy/documentosyleyes/leyes/ley/17327,https://www.impo.com.uy/bases/leyes/17327-2001,"MINAS. EMPLEO, ALMACENAMIENTO, PRODUCCION, TRANSFERENCIA Y DESTRUCCION.  CONVENIO. APROBACION.",11152,0,0
2001-05-04,17326,https://parlamento.gub.uy/documentosyleyes/leyes/ley/17326,https://www.impo.com.uy/bases/leyes/17326-2001,"ISRAEL-URUGUAY. COOPERACION TURISMO. CONVENIO. APROBACION.",8538,0,0
2001-05-04,17325,https://parlamento.gub.uy/documentosyleyes/leyes/ley/17325,https://www.impo.com.uy/bases/leyes/17325-2001,"TRABAJADOR NIBO PLAST S.A. SEGURO DESOCUPACION. PRORROGA.",16357,1,0
2001-04-27,17324,https://parlamento.gub.uy/documentosyleyes/leyes/ley/17324,https://www.impo.com.uy/bases/leyes/17324-2001,"REPUBLICA DE ITALIA. ESCUELA 121 DISCAPACITADOS INTELECTUALES (MELO - CERRO  LARGO). DENOMINACION.",14639,0,0
2001-04-27,17323,https://parlamento.gub.uy/documentosyleyes/leyes/ley/17323,https://www.impo.com.uy/bases/leyes/17323-2001,"MOROSOLI, Juan José. ESCUELA 72 FRAY BENTOS (RIO NEGRO). DENOMINACION.",14642,0,0
2001-04-27,17322,https://parlamento.gub.uy/documentosyleyes/leyes/ley/17322,https://www.impo.com.uy/bases/leyes/17322-2001,"ISRAEL. ESCUELA JARDIN ASISTENCIAL MELO (CERRO LARGO). DENOMINACION.",14346,0,0
2001-04-27,17321,https://parlamento.gub.uy/documentosyleyes/leyes/ley/17321,https://www.impo.com.uy/bases/leyes/17321-2001,"BONILLA, Ignacio J. ESCUELA RURAL TREINTA Y TRES (DPTO.). DENOMINACION.",12542,0,0
2001-04-27,17320,https://parlamento.gub.uy/documentosyleyes/leyes/ley/17320,https://www.impo.com.uy/bases/leyes/17320-2001,"CABRERA ESPINOLA, Rosa. ESCUELA RURAL 51 PUNTAS VILLASBOAS (DURAZNO).  DENOMINACION.",14643,0,0
2001-04-27,17319,https://parlamento.gub.uy/documentosyleyes/leyes/ley/17319,https://www.impo.com.uy/bases/leyes/17319-2001,"GANDHI, Mahatma. ESCUELA YOUNG (RIO NEGRO). DENOMINACION.",14751,0,0
2001-04-27,17318,https://parlamento.gub.uy/documentosyleyes/leyes/ley/17318,https://www.impo.com.uy/bases/leyes/17318-2001,"IRIGARAY, Carlos Alberto. ESCUELA MUSICA CARMELO (COLONIA).DENOMINACION.",14750,0,0
2001-04-27,17317,https://parlamento.gub.uy/documentosyleyes/leyes/ley/17317,https://www.impo.com.uy/bases/leyes/17317-2001,"LAMARQUE PONS, Juares. ESCUELA MUSICA SALTO (DPTO.).DENOMINACION.",12041,0,0
2001-04-20,17316,https://parlamento.gub.uy/documentosyleyes/leyes/ley/17316,https://www.impo.com.uy/bases/leyes/17316-2001,"UNION LATINA (ARTICULO XIII). CONVENIO CONSTITUTIVO. ENMIENDA. APROBACION.",13932,0,0
2001-04-20,17315,https://parlamento.gub.uy/documentosyleyes/leyes/ley/17315,https://www.impo.com.uy/bases/leyes/17315-2001,"NICARAGUA-URUGUAY. COOPERACION TURISTICA. CONVENIO. APROBACION.",11442,0,0
2001-04-09,17314,https://parlamento.gub.uy/documentosyleyes/leyes/ley/17314,https://www.impo.com.uy/bases/leyes/17314-2001,"PROTECCION FITOSANITARIA. CONVENCION INTERNACIONAL. TEXTO REVISADO.  APROBACION.",10722,0,0
2001-04-09,17313,https://parlamento.gub.uy/documentosyleyes/leyes/ley/17313,https://www.impo.com.uy/bases/leyes/17313-2001,"TRIPULANTES ROU VALIENTE FALLECIDOS ACTO SERVICIO. GRADO MILITAR HONORARIO.  OTORGAMIENTO.",15387,0,0
2001-04-09,17312,https://parlamento.gub.uy/documentosyleyes/leyes/ley/17312,https://www.impo.com.uy/bases/leyes/17312-2001,"MARRUECOS-URUGUAY. COMERCIO. CONVENIO. APROBACION.",14175,0,0
2001-04-05,17311,https://parlamento.gub.uy/documentosyleyes/leyes/ley/17311,https://www.impo.com.uy/bases/leyes/17311-2001,"FAENA Y ENAJENACION CARNE BOVINA ARTIGAS (DPTO). IVA. EXONERACION.",16458,0,0
2001-04-05,17310,https://parlamento.gub.uy/documentosyleyes/leyes/ley/17310,https://www.impo.com.uy/bases/leyes/17310-2001,"ARTIGAS, José Gervasio. MAUSOLEO. FRASES A ESCULPIR. SELECCION.",14650,0,0
2001-03-30,17309,https://parlamento.gub.uy/documentosyleyes/leyes/ley/17309,https://www.impo.com.uy/bases/leyes/17309-2001,"IMPUESTO ESPECIFICO SERVICIOS SALUD. CREACION.",16297,1,0
2001-03-28,17308,https://parlamento.gub.uy/documentosyleyes/leyes/ley/17308,https://www.impo.com.uy/bases/leyes/17308-2001,"VILARIÑO ROMANI, Numen. PENSION GRACIABLE. OTORGAMIENTO.",15510,0,0
2001-03-28,17307,https://parlamento.gub.uy/documentosyleyes/leyes/ley/17307,https://www.impo.com.uy/bases/leyes/17307-2001,"PIÑEYRO ROMERO, Arturo Víctor. PENSION GRACIABLE. OTORGAMIENTO.",12907,0,0
2001-03-28,17306,https://parlamento.gub.uy/documentosyleyes/leyes/ley/17306,https://www.impo.com.uy/bases/leyes/17306-2001,"FERREIRA ALDUNATE, Wilson. EXPLANADA MUNICIPAL MONTEVIDEO. MONUMENTO.  ERECCION.",14571,0,0
2001-03-28,17305,https://parlamento.gub.uy/documentosyleyes/leyes/ley/17305,https://www.impo.com.uy/bases/leyes/17305-2001,"CONTRIBUCION INMOBILIARIA RURAL E IMPUESTO PATRIMONIO ARTIGAS (DPTO).  EJERCICIO 2001. REBAJA.",16179,2,1
2001-03-22,17304,https://parlamento.gub.uy/documentosyleyes/leyes/ley/17304,https://www.impo.com.uy/bases/leyes/17304-2001,"ESCLAVITUD. CONVENCIONES Y PROTOCOLO. ADHESION. APROBACION.",1420,0,1
2001-03-22,17303,https://parlamento.gub.uy/documentosyleyes/leyes/ley/17303,https://www.impo.com.uy/bases/leyes/17303-2001,"CHINA POPULAR-URUGUAY. COOPERACION CUARENTENA VEGETAL. MEMORANDUM  ENTENDIMIENTO. APROBACION.",3370,0,0
2001-03-22,17302,https://parlamento.gub.uy/documentosyleyes/leyes/ley/17302,https://www.impo.com.uy/bases/leyes/17302-2001,"PORTUGAL-URUGUAY. COOPERACION TURISTICA. CONVENIO. APROBACION.",11150,0,0
2001-03-22,17301,https://parlamento.gub.uy/documentosyleyes/leyes/ley/17301,https://www.impo.com.uy/bases/leyes/17301-2001,"IGLESIA PURA Y LIMPIA INMACULADA CONCEPCION. RECONSTRUCCION. INTERES  NACIONAL. DECLARACION.",13686,0,0
2001-03-22,17300,https://parlamento.gub.uy/documentosyleyes/leyes/ley/17300,https://www.impo.com.uy/bases/leyes/17300-2001,"OEA. FABRICACION Y TRAFICO ILICITO ARMAS FUEGO, MUNICIONES, EXPLOSIVOS Y  OTROS MATERIALES. CONVENCION INTERAMERICANA. APROBACION.",10319,0,1
2001-03-16,17299,https://parlamento.gub.uy/documentosyleyes/leyes/ley/17299,https://www.impo.com.uy/bases/leyes/17299-2001,"CONGO. OPERACION PAZ CONGO. FUERZAS ARMADAS. PARTICIPACION. AUTORIZACION.",16125,0,5
2001-03-15,17298,https://parlamento.gub.uy/documentosyleyes/leyes/ley/17298,https://www.impo.com.uy/bases/leyes/17298-2001,"OIT-URUGUAY. CONVENIO 182 TRABAJO INFATIL. APROBACION.",14417,0,0
2001-02-23,17297,https://parlamento.gub.uy/documentosyleyes/leyes/ley/17297,https://www.impo.com.uy/bases/leyes/17297-2001,"ESPAÑA-URUGUAY. CONVENIO TRANSPORTE AEREO COMERCIAL. ENMIENDA. APROBACION.",11151,0,0
2001-02-21,17296,https://parlamento.gub.uy/documentosyleyes/leyes/ley/17296,https://www.impo.com.uy/bases/leyes/17296-2001,"PRESUPUESTO NACIONAL 2000 - 2004. APROBACION.",14851,125,68
2001-01-31,17295,https://parlamento.gub.uy/documentosyleyes/leyes/ley/17295,https://www.impo.com.uy/bases/leyes/17295-2001,"SIDRA Y SUBPRODUCTOS MANZANA. PRODUCCION.  COMERCIALIZACION. REGIMEN.",13987,5,2
2001-01-31,17294,https://parlamento.gub.uy/documentosyleyes/leyes/ley/17294,https://www.impo.com.uy/bases/leyes/17294-2001,"BPS. DIRECTORIO. REPRESENTANTES AFILIADOS  ACTIVOS, PASIVOS Y CONTRIBUYENTES. ELECCION.",15144,1,0
2001-01-29,17293,https://parlamento.gub.uy/documentosyleyes/leyes/ley/17293,https://www.impo.com.uy/bases/leyes/17293-2001,"TRABAJADOR EMPRESA MAX S.A. SEGURO DESOCUPACION. EXTENSION PLAZO.",15900,1,0
2001-01-25,17292,https://parlamento.gub.uy/documentosyleyes/leyes/ley/17292,https://www.impo.com.uy/bases/leyes/17292-2001,"ADMINISTRACION PUBLICA Y EMPLEO. FOMENTO Y  MEJORAS.",15482,22,19
2000-12-29,17291,https://parlamento.gub.uy/documentosyleyes/leyes/ley/17291,https://www.impo.com.uy/bases/leyes/17291-2000,"CODIGO PROCESO PENAL. ENTRADA EN VIGENCIA. PRORROGA.",14858,1,0
2000-12-29,17290,https://parlamento.gub.uy/documentosyleyes/leyes/ley/17290,https://www.impo.com.uy/bases/leyes/17290-2000,"IGLESIA SAN CARLOS BORROMEO (MALDONADO). ACTOS CONMEMORATIVOS BICENTENARIO  INAGURACION. INTERES NACIONAL. DECLARACION.",15758,0,0
2000-12-29,17289,https://parlamento.gub.uy/documentosyleyes/leyes/ley/17289,https://www.impo.com.uy/bases/leyes/17289-2000,"BELEN (SALTO). BICENTENARIO FUNDACION. FERIADO. DECLARACION.",15020,0,0
2000-12-29,17288,https://parlamento.gub.uy/documentosyleyes/leyes/ley/17288,https://www.impo.com.uy/bases/leyes/17288-2000,"TRABAJADOR SUDAMTEX S.A. SEGURO DESOCUPACION. PRORROGA.",15765,1,0
2000-12-22,17287,https://parlamento.gub.uy/documentosyleyes/leyes/ley/17287,https://www.impo.com.uy/bases/leyes/17287-2000,"PRODUCTOR RURAL DAMNIFICADO BROTE AFTOSA ARTIGAS (DPTO). INDEMNIZACION.",15800,1,0
2000-12-22,17286,https://parlamento.gub.uy/documentosyleyes/leyes/ley/17286,https://www.impo.com.uy/bases/leyes/17286-2000,"FAENA Y ENAJENACION CARNE BOVINA ARTIGAS (DPTO). EXONERACION.",15801,0,0
2000-12-15,17285,https://parlamento.gub.uy/documentosyleyes/leyes/ley/17285,https://www.impo.com.uy/bases/leyes/17285-2000,"RUSIA-URUGUAY. COOPERACION CULTURAL Y CIENTIFICA. CONVENIO. APROBACION.",9659,0,0
2000-11-28,17284,https://parlamento.gub.uy/documentosyleyes/leyes/ley/17284,https://www.impo.com.uy/bases/leyes/17284-2000,"ARTIGAS, José Gervasio. SESQUICENTENARIO FALLECIMIENTO. MONEDAS  CONMEMORATIVAS. ACUÑACION BANCO CENTRAL. AUTORIZACION.",14546,1,0
2000-11-28,17283,https://parlamento.gub.uy/documentosyleyes/leyes/ley/17283,https://www.impo.com.uy/bases/leyes/17283-2000,"MEDIO AMBIENTE. PROTECCION.",13690,10,9
2000-11-28,17282,https://parlamento.gub.uy/documentosyleyes/leyes/ley/17282,https://www.impo.com.uy/bases/leyes/17282-2000,"SARANDI DEL YI (DURAZNO). ANIVERSARIO FUNDACION (125). FERIADO. DECLARACION.",14111,0,0
2000-11-27,17281,https://parlamento.gub.uy/documentosyleyes/leyes/ley/17281,https://www.impo.com.uy/bases/leyes/17281-2000,"REINO DE MALASIA ESCUELA 141 MONTEVIDEO. DENOMINACION. MODIFICACION.",13751,1,0
2000-11-27,17280,https://parlamento.gub.uy/documentosyleyes/leyes/ley/17280,https://www.impo.com.uy/bases/leyes/17280-2000,"CAMPAÑA ANTARTICA 2001. BARCO ARMADA ROU VANGUARDIA. SALIDA PAIS.  AUTORIZACION.",14169,0,0
2000-11-23,17279,https://parlamento.gub.uy/documentosyleyes/leyes/ley/17279,https://www.impo.com.uy/bases/leyes/17279-2000,"CAMBIO CLIMATICO. CONVENCION ONU. PROTOCOLO KYOTO. APROBACION.",11833,0,1
2000-11-17,17278,https://parlamento.gub.uy/documentosyleyes/leyes/ley/17278,https://www.impo.com.uy/bases/leyes/17278-2000,"OPERACION SARSUB III. BARCO ARMADA ROU VANGUARDIA. SALIDA PAIS. AUTORIZACION.",14170,0,0
2000-11-17,17277,https://parlamento.gub.uy/documentosyleyes/leyes/ley/17277,https://www.impo.com.uy/bases/leyes/17277-2000,"OSE. COMETIDOS. AMPLIACION.",14712,1,0
2000-11-04,17276,https://parlamento.gub.uy/documentosyleyes/leyes/ley/17276,https://www.impo.com.uy/bases/leyes/17276-2000,"TRABAJADOR METZEN Y SENA S.A. SEGURO DESOCUPACION. PRORROGA.",15223,1,0
2000-11-04,17275,https://parlamento.gub.uy/documentosyleyes/leyes/ley/17275,https://www.impo.com.uy/bases/leyes/17275-2000,"MALAGUEZ, Carlos Justino. ESCUELA PICADA GAMBETA (SAN JOSE). DENOMINACION.",6232,0,0
2000-10-27,17274,https://parlamento.gub.uy/documentosyleyes/leyes/ley/17274,https://www.impo.com.uy/bases/leyes/17274-2000,"PANAMA-URUGUAY. COOPERACION TECNICA Y CIENTIFICA. CONVENIO. APROBACION.",13981,0,0
2000-10-27,17273,https://parlamento.gub.uy/documentosyleyes/leyes/ley/17273,https://www.impo.com.uy/bases/leyes/17273-2000,"TUNEZ-URUGUAY. CONVENIO SANITARIO VETERINARIO. APROBACION.",14105,0,0
2000-10-24,17272,https://parlamento.gub.uy/documentosyleyes/leyes/ley/17272,https://www.impo.com.uy/bases/leyes/17272-2000,"LIBERTAD POR GRACIA. LEY 15.737. MODIFICACION.",14108,1,0
2000-10-19,17271,https://parlamento.gub.uy/documentosyleyes/leyes/ley/17271,https://www.impo.com.uy/bases/leyes/17271-2000,"DOLORES (SORIANO). BICENTENARIO FUNDACION. FERIADO. DECLARACION.",14214,0,0
2000-10-19,17270,https://parlamento.gub.uy/documentosyleyes/leyes/ley/17270,https://www.impo.com.uy/bases/leyes/17270-2000,"REPUBLICA CHECA-URUGUAY. PROMOCION Y PROTECCION INVERSIONES. CONVENIO.  APROBACION.",8534,0,0
2000-09-28,17269,https://parlamento.gub.uy/documentosyleyes/leyes/ley/17269,https://www.impo.com.uy/bases/leyes/17269-2000,"RENDICION CUENTAS 1999. APROBACION.",14374,0,2
2000-09-25,17268,https://parlamento.gub.uy/documentosyleyes/leyes/ley/17268,https://www.impo.com.uy/bases/leyes/17268-2000,"EL SALVADOR-URUGUAY. COOPERACION TURISTICA. CONVENIO. APROBACION.",13986,0,0
2000-09-25,17267,https://parlamento.gub.uy/documentosyleyes/leyes/ley/17267,https://www.impo.com.uy/bases/leyes/17267-2000,"BARCOS ARMADA ROU ARTIGAS Y 15 DE NOVIEMBRE. SALIDA PAIS. AUTORIZACION.",14168,0,0
2000-09-22,17266,https://parlamento.gub.uy/documentosyleyes/leyes/ley/17266,https://www.impo.com.uy/bases/leyes/17266-2000,"DISCAPACITADO. TRABAJO. PASIVIDAD. COMPATIBILIDAD.",14902,1,2
2000-09-21,17265,https://parlamento.gub.uy/documentosyleyes/leyes/ley/17265,https://www.impo.com.uy/bases/leyes/17265-2000,"BATALLON INFANTERIA MECANIZADO 12. CONCURRENCIA CHUY (BRASIL). AUTORIZACION.",14855,0,0
2000-09-21,17264,https://parlamento.gub.uy/documentosyleyes/leyes/ley/17264,https://www.impo.com.uy/bases/leyes/17264-2000,"OPERACION UNITAS XLI (2000). REALIZACION. AUTORIZACION.",14171,0,0
2000-09-20,17263,https://parlamento.gub.uy/documentosyleyes/leyes/ley/17263,https://www.impo.com.uy/bases/leyes/17263-2000,"COMISION ASESORA PROMOCIONES. FALTAS Y SEGURIDAD INDUSTRIAL. ELECCION  DELEGADOS. MODIFICACION.",8010,1,1
2000-09-20,17262,https://parlamento.gub.uy/documentosyleyes/leyes/ley/17262,https://www.impo.com.uy/bases/leyes/17262-2000,"ARTIGAS, José Gervasio. FERIADO SESQUICENTENARIO FALLECIMIENTO. DECLARACION.",14848,0,0
2000-09-19,17261,https://parlamento.gub.uy/documentosyleyes/leyes/ley/17261,https://www.impo.com.uy/bases/leyes/17261-2000,"CHILE-URUGUAY. COOPERACION TECNICA Y CIENTIFICA. CONVENIO. APROBACION.",1707,0,0
2000-09-19,17260,https://parlamento.gub.uy/documentosyleyes/leyes/ley/17260,https://www.impo.com.uy/bases/leyes/17260-2000,"ARGENTINA-URUGUAY. COOPERACION EDUCATIVA. CONVENIO. APROBACION.",10381,0,0
2000-09-19,17259,https://parlamento.gub.uy/documentosyleyes/leyes/ley/17259,https://www.impo.com.uy/bases/leyes/17259-2000,"ARGENTINA-URUGUAY. COOPERACION CULTURAL. CONVENIO. APROBACION.",10380,0,0
2000-09-19,17258,https://parlamento.gub.uy/documentosyleyes/leyes/ley/17258,https://www.impo.com.uy/bases/leyes/17258-2000,"INSTITUTO TECNICO FORENSE. PERITOS Y FUNCIONARIOS TECNICOS. INCOMPATIBILIDAD  CARGO.",13508,2,2
2000-09-15,17257,https://parlamento.gub.uy/documentosyleyes/leyes/ley/17257,https://www.impo.com.uy/bases/leyes/17257-2000,"FUNCIONARIOS INSTITUTO ALIMENTACION (NACIONAL). REDISTRIBUIDOS. REMUNERACION.  ACTUALIZACION.",14732,1,0
2000-09-14,17256,https://parlamento.gub.uy/documentosyleyes/leyes/ley/17256,https://www.impo.com.uy/bases/leyes/17256-2000,"CHARRUAS VAIMACA PERU, SENAQUE, GUYUNUSA Y TACUABE. RESTOS. REPATRIACION.",7606,0,0
2000-08-30,17255,https://parlamento.gub.uy/documentosyleyes/leyes/ley/17255,https://www.impo.com.uy/bases/leyes/17255-2000,"REGIMIENTO CABALLERIA 7. CONCURRENCIA ACTOS CONMEMORATIVOS INDEPENDENCIA  BRASIL. AUTORIZACION.",14318,0,0
2000-08-30,17254,https://parlamento.gub.uy/documentosyleyes/leyes/ley/17254,https://www.impo.com.uy/bases/leyes/17254-2000,"COMANDO GENERAL ARMADA. SUBPREFECTURA CHUY. CONCURRENCIA ACTOS CONMEMORATIVOS  INDEPENDENCIA BRASIL. SALIDA PAIS. AUTORIZACION.",14317,0,0
2000-08-24,17253,https://parlamento.gub.uy/documentosyleyes/leyes/ley/17253,https://www.impo.com.uy/bases/leyes/17253-2000,"FUERZA AEREA ESTADOS UNIDOS. CUERPO RESCATE. INGRESO PAIS. AUTORIZACION.",14779,0,0
2000-08-16,17252,https://parlamento.gub.uy/documentosyleyes/leyes/ley/17252,https://www.impo.com.uy/bases/leyes/17252-2000,"ESCUELA MILITAR. INTEGRANTES. CONCURRENCIA ACTOS CONMEMORATIVOS FALLECIMIENTO  Gral. SAN MARTIN (BUENOS AIRES-ARGENTINA). AUTORIZACION.",14778,0,0
2000-08-15,17251,https://parlamento.gub.uy/documentosyleyes/leyes/ley/17251,https://www.impo.com.uy/bases/leyes/17251-2000,"IPUCHE, Juanita. ESCUELA RURAL 39 LA CALERA (TREINTA Y TRES). DENOMINACION.",13641,0,0
2000-08-11,17250,https://parlamento.gub.uy/documentosyleyes/leyes/ley/17250,https://www.impo.com.uy/bases/leyes/17250-2000,"CONSUMIDOR. DERECHOS. REGULACION. MODIFICACION.",13206,1,19
2000-08-10,17249,https://parlamento.gub.uy/documentosyleyes/leyes/ley/17249,https://www.impo.com.uy/bases/leyes/17249-2000,"GOBIERNOS DEPARTAMENTALES DEUDORES BPS. REFINANCIACION DEUDA. REGIMEN PAGO.",14656,0,1
2000-08-04,17248,https://parlamento.gub.uy/documentosyleyes/leyes/ley/17248,https://www.impo.com.uy/bases/leyes/17248-2000,"LEIS RICCETTO, Héctor. JARDIN INFANTES MINAS (LAVALLEJA). DENOMINACION.",14397,0,0
2000-07-19,17247,https://parlamento.gub.uy/documentosyleyes/leyes/ley/17247,https://www.impo.com.uy/bases/leyes/17247-2000,"MEXICO-URUGUAY. COMPLEMENTACION ECONOMICA. PROTOCOLO ADICIONAL ACUERDO  COMPLEMENTARIO. APROBACION.",13901,0,0
2000-07-07,17246,https://parlamento.gub.uy/documentosyleyes/leyes/ley/17246,https://www.impo.com.uy/bases/leyes/17246-2000,"OPERACION CEIBO 2000. INTEGRANTES EJERCITO NACIONAL. SALIDA PAIS.  AUTORIZACION.",14156,0,0
2000-07-05,17245,https://parlamento.gub.uy/documentosyleyes/leyes/ley/17245,https://www.impo.com.uy/bases/leyes/17245-2000,"OPERACION FASES MAR ARMADA ARGENTINA. BARCOS ROU ARTIGAS Y ROU 25 DE AGOSTO.  SALIDA PAIS. AUTORIZACION.",14167,0,0
2000-06-30,17244,https://parlamento.gub.uy/documentosyleyes/leyes/ley/17244,https://www.impo.com.uy/bases/leyes/17244-2000,"REFERENDUM. RECURSO. MODIFICACION.",13915,1,1
2000-06-29,17243,https://parlamento.gub.uy/documentosyleyes/leyes/ley/17243,https://www.impo.com.uy/bases/leyes/17243-2000,"SERVICIOS PUBLICOS Y PRIVADOS, SEGURIDAD PUBLICA Y ACTIVIDADES PRODUCTIVAS.  MEJORAS.",13774,26,25
2000-06-20,17242,https://parlamento.gub.uy/documentosyleyes/leyes/ley/17242,https://www.impo.com.uy/bases/leyes/17242-2000,"PAPANICOLAU Y MAMOGRAFIA. FUNCIONARIA PUBLICA Y TRABAJADORA. DIA LICENCIA  ESPECIAL. OTORGAMIENTO.",13483,0,1
2000-05-29,17241,https://parlamento.gub.uy/documentosyleyes/leyes/ley/17241,https://www.impo.com.uy/bases/leyes/17241-2000,"BONOS TESORO. EMISION Y CIRCULANTE. AUMENTO.",13904,2,0
2000-05-24,17240,https://parlamento.gub.uy/documentosyleyes/leyes/ley/17240,https://www.impo.com.uy/bases/leyes/17240-2000,"DUNANT, Henry. ESCUELA MONTEVIDEO (DPTO.). DENOMINACION.",12543,0,0
2000-05-09,17239,https://parlamento.gub.uy/documentosyleyes/leyes/ley/17239,https://www.impo.com.uy/bases/leyes/17239-2000,"LEY ELECCIONES. MODIFICACION.",13912,2,1
2000-04-14,17238,https://parlamento.gub.uy/documentosyleyes/leyes/ley/17238,https://www.impo.com.uy/bases/leyes/17238-2000,"DIA NACIONAL SOLIDARIDAD PASO DE LOS TOROS (TACUAREMBO)- 17 ABRIL. DECLARACION.",13675,0,0
2000-04-14,17237,https://parlamento.gub.uy/documentosyleyes/leyes/ley/17237,https://www.impo.com.uy/bases/leyes/17237-2000,"ELECCIONES DEPARTAMENTALES 2000. PARTIDOS POLITICOS. GASTOS. RECURSOS.",13635,1,0
2000-04-14,17236,https://parlamento.gub.uy/documentosyleyes/leyes/ley/17236,https://www.impo.com.uy/bases/leyes/17236-2000,"BARCO ARMADA ROU CAPITAN MIRANDA. SALIDA PAIS. AUTORIZACION.",13637,0,0
2000-03-22,17235,https://parlamento.gub.uy/documentosyleyes/leyes/ley/17235,https://www.impo.com.uy/bases/leyes/17235-2000,"OPERACION AGUAS CLARAS. BARCOS BARREMINAS ROU AUDAZ Y ROU VALIENTE. SALIDA  PAIS. AUTORIZACION.",13510,0,0
2000-02-22,17234,https://parlamento.gub.uy/documentosyleyes/leyes/ley/17234,https://www.impo.com.uy/bases/leyes/17234-2000,"AREAS NATURALES PROTEGIDAS. SISTEMA NACIONAL. CREACION.",1082,5,6
2000-02-18,17233,https://parlamento.gub.uy/documentosyleyes/leyes/ley/17233,https://www.impo.com.uy/bases/leyes/17233-2000,"ALVES, Aníbal. PENSION GRACIABLE. OTORGAMIENTO.",12905,0,0
2000-02-18,17232,https://parlamento.gub.uy/documentosyleyes/leyes/ley/17232,https://www.impo.com.uy/bases/leyes/17232-2000,"ARELLANO BORRAZAS, Alba. PENSION GRACIABLE. OTORGAMIENTO.",12906,0,0
2000-02-18,17231,https://parlamento.gub.uy/documentosyleyes/leyes/ley/17231,https://www.impo.com.uy/bases/leyes/17231-2000,"CAMOU, María Inés; GIACOSA, Sandra; GODOY, Alejandro; LAGO, Marlene; ODERA,  Mabel; SCHNEIDER, Laura. PENSION GRACIABLE. OTORGAMIENTO.",12953,0,0
2000-01-07,17230,https://parlamento.gub.uy/documentosyleyes/leyes/ley/17230,https://www.impo.com.uy/bases/leyes/17230-2000,"PASANTIAS LABORALES. FORMACION CURRICULAR ESTUDIANTES. REGIMEN.",2606,0,7
2000-01-07,17229,https://parlamento.gub.uy/documentosyleyes/leyes/ley/17229,https://www.impo.com.uy/bases/leyes/17229-2000,"INMUEBLES. REINSCRIPCION PROMESAS ENAJENACION A PLAZOS. CONDICIONES.",6306,1,0
2000-01-07,17228,https://parlamento.gub.uy/documentosyleyes/leyes/ley/17228,https://www.impo.com.uy/bases/leyes/17228-2000,"PRENDAS SIN DESPLAZAMIENTO SECTOR PRODUCTIVO COMERCIAL O INDUSTRIAL. REGIMEN.  MODIFICACION.",12746,3,5
2000-01-04,17227,https://parlamento.gub.uy/documentosyleyes/leyes/ley/17227,https://www.impo.com.uy/bases/leyes/17227-2000,"CODIGO PROCESO PENAL. VIGENCIA. PRORROGA.",13049,1,0
2000-01-03,17226,https://parlamento.gub.uy/documentosyleyes/leyes/ley/17226,https://www.impo.com.uy/bases/leyes/17226-2000,"CHILE-URUGUAY. EXTRADICION. CONVENIO. APROBACION.",6907,0,0
2000-01-03,17225,https://parlamento.gub.uy/documentosyleyes/leyes/ley/17225,https://www.impo.com.uy/bases/leyes/17225-2000,"ARGENTINA-URUGUAY. EXTRADICION. CONVENIO. APROBACION.",6906,0,0
2000-01-03,17224,https://parlamento.gub.uy/documentosyleyes/leyes/ley/17224,https://www.impo.com.uy/bases/leyes/17224-2000,"FRANCIA-URUGUAY. EXTRADICION. CONVENIO. APROBACION.",6902,0,0
2000-01-03,17223,https://parlamento.gub.uy/documentosyleyes/leyes/ley/17223,https://www.impo.com.uy/bases/leyes/17223-2000,"CAMPAÑA ANTARTICA 99/00. BARCO ARMADA ROU VANGUARDIA. SALIDA PAIS.  AUTORIZACION.",13046,0,0
2000-01-03,17222,https://parlamento.gub.uy/documentosyleyes/leyes/ley/17222,https://www.impo.com.uy/bases/leyes/17222-2000,"ORRICO ORIBE, Ruben Antonio. PENSION GRACIABLE. OTORGAMIENTO.",12579,0,0
1999-12-31,17221,https://parlamento.gub.uy/documentosyleyes/leyes/ley/17221,https://www.impo.com.uy/bases/leyes/17221-1999,"CODIGO PROCESO PENAL. MODIFICACION.",9419,1,1
1999-11-11,17220,https://parlamento.gub.uy/documentosyleyes/leyes/ley/17220,https://www.impo.com.uy/bases/leyes/17220-1999,"DESECHOS PELIGROSOS. INTRODUCCION PAIS. PROHIBICION.",688,0,2
1999-09-27,17219,https://parlamento.gub.uy/documentosyleyes/leyes/ley/17219,https://www.impo.com.uy/bases/leyes/17219-1999,"RODRIGUEZ RIVERO, Asencio Timoteo. PENSION GRACIABLE. OTORGAMIENTO.",12692,0,0
1999-09-27,17218,https://parlamento.gub.uy/documentosyleyes/leyes/ley/17218,https://www.impo.com.uy/bases/leyes/17218-1999,"SANCHEZ MATURRO, Florencio. PENSION GRACIABLE. OTORGAMIENTO.",12563,0,0
1999-09-24,17217,https://parlamento.gub.uy/documentosyleyes/leyes/ley/17217,https://www.impo.com.uy/bases/leyes/17217-1999,"VIVIENDA PASIVOS. ADJUDICACION. TOPE INGRESOS.  MODIFICACION.",9847,1,1
1999-09-24,17216,https://parlamento.gub.uy/documentosyleyes/leyes/ley/17216,https://www.impo.com.uy/bases/leyes/17216-1999,"DISCAPACITADO. CARGOS ADMINISTRACION PUBLICA.  OTORGAMIENTO. OBLIGATORIEDAD.",8802,2,2
1999-09-24,17215,https://parlamento.gub.uy/documentosyleyes/leyes/ley/17215,https://www.impo.com.uy/bases/leyes/17215-1999,"TRABAJADORA EMBARAZADA ACTIVIDAD PRIVADA O  PUBLICA. TAREAS. PROTECCION.",1643,1,0
1999-09-24,17214,https://parlamento.gub.uy/documentosyleyes/leyes/ley/17214,https://www.impo.com.uy/bases/leyes/17214-1999,"RENDICION CUENTAS 1998. APROBACION.",12590,0,0
1999-09-24,17213,https://parlamento.gub.uy/documentosyleyes/leyes/ley/17213,https://www.impo.com.uy/bases/leyes/17213-1999,"CONTABILIDAD Y ADMINISTRACION FINANCIERA (TOCAF)  NORMAS. MODIFICACION.",12795,4,4
1999-09-24,17212,https://parlamento.gub.uy/documentosyleyes/leyes/ley/17212,https://www.impo.com.uy/bases/leyes/17212-1999,"CAPA OZONO. PROTECCION. PROTOCOLO MONTREAL.  ENMIENDA. APROBACION.",11866,0,0
1999-09-24,17211,https://parlamento.gub.uy/documentosyleyes/leyes/ley/17211,https://www.impo.com.uy/bases/leyes/17211-1999,"SUECIA-URUGUAY. PROMOCION Y PROTECCION INVERSIONES. CONVENIO. APROBACION.",9488,0,0
1999-09-24,17210,https://parlamento.gub.uy/documentosyleyes/leyes/ley/17210,https://www.impo.com.uy/bases/leyes/17210-1999,"PORTUGAL-URUGUAY. PROMOCION Y PROTECCION INVERSIONES. CONVENIO. APROBACION.",9492,0,0
1999-09-24,17209,https://parlamento.gub.uy/documentosyleyes/leyes/ley/17209,https://www.impo.com.uy/bases/leyes/17209-1999,"INVERSIONES. ARREGLOS DIFERENCIAS ENTRE ESTADOS Y  NACIONALES OTROS ESTADOS. CONVENIO. APROBACION",9493,0,0
1999-09-24,17208,https://parlamento.gub.uy/documentosyleyes/leyes/ley/17208,https://www.impo.com.uy/bases/leyes/17208-1999,"PARAGUAY-URUGUAY. RESTITUCION AUTOMOVILES. CONVENIO. APROBACION.",108,0,0
1999-09-24,17207,https://parlamento.gub.uy/documentosyleyes/leyes/ley/17207,https://www.impo.com.uy/bases/leyes/17207-1999,"MERCOSUR. SEGURIDAD SOCIAL. ACUERDO MULTILATERAL. APROBACION.",10114,0,0
1999-09-24,17206,https://parlamento.gub.uy/documentosyleyes/leyes/ley/17206,https://www.impo.com.uy/bases/leyes/17206-1999,"ISRAEL-URUGUAY. SEGURIDAD SOCIAL. CONVENIO. APROBACION.",10388,0,0
1999-09-24,17205,https://parlamento.gub.uy/documentosyleyes/leyes/ley/17205,https://www.impo.com.uy/bases/leyes/17205-1999,"INMUEBLES ESTADO. DESTINO ANEP. ENAJENACION.  AUTORIZACION.",12564,0,0
1999-09-24,17204,https://parlamento.gub.uy/documentosyleyes/leyes/ley/17204,https://www.impo.com.uy/bases/leyes/17204-1999,"CREDITOS LABORALES TRABAJADORES EMPRESAS  PESQUERAS EN LIQUIDACION JUDICIAL. PAGO.  CONDICIONES.",12992,0,0
1999-09-24,17203,https://parlamento.gub.uy/documentosyleyes/leyes/ley/17203,https://www.impo.com.uy/bases/leyes/17203-1999,"OPERACION SARSUB II. BARCO ARMADA ROU VANGUARDIA  SALIDA PAIS. AUTORIZACION.",12830,0,0
1999-09-24,17202,https://parlamento.gub.uy/documentosyleyes/leyes/ley/17202,https://www.impo.com.uy/bases/leyes/17202-1999,"SECURITIZACION ACTIVOS. NORMAS.",11916,4,9
1999-09-23,17201,https://parlamento.gub.uy/documentosyleyes/leyes/ley/17201,https://www.impo.com.uy/bases/leyes/17201-1999,"CHIHAN, AMADO y DEL GROSSI, Olga. PENSION  GRACIABLE. OTORGAMIENTO.",12178,0,0
1999-09-23,17200,https://parlamento.gub.uy/documentosyleyes/leyes/ley/17200,https://www.impo.com.uy/bases/leyes/17200-1999,"SIVER, Tania. PENSION GRACIABLE.OTORGAMIENTO.",12138,1,1
1999-09-23,17199,https://parlamento.gub.uy/documentosyleyes/leyes/ley/17199,https://www.impo.com.uy/bases/leyes/17199-1999,"FLEITAS, Luis Alberto. PENSION GRACIABLES.  OTORGAMIENTO.",12381,0,0
1999-09-22,17198,https://parlamento.gub.uy/documentosyleyes/leyes/ley/17198,https://www.impo.com.uy/bases/leyes/17198-1999,"ANDA. GARANTIA ALQUILER. DESALOJOS. REGIMEN.",10720,1,0
1999-09-22,17197,https://parlamento.gub.uy/documentosyleyes/leyes/ley/17197,https://www.impo.com.uy/bases/leyes/17197-1999,"ALMADA, Héctor. LICEO SAN JOSE (DPTO).  DENOMINACION.",11515,0,0
1999-09-22,17196,https://parlamento.gub.uy/documentosyleyes/leyes/ley/17196,https://www.impo.com.uy/bases/leyes/17196-1999,"HARRIS, Paul. ESCUELA DISCAPACITADOS  INTELECTUALES. MONTEVIDEO (DPTO). DENOMINACION.",8625,0,0
1999-09-22,17195,https://parlamento.gub.uy/documentosyleyes/leyes/ley/17195,https://www.impo.com.uy/bases/leyes/17195-1999,"SIMOES, Olinto María. ESCUELA RIVERA (DPTO).  DENOMINACION.",12042,0,0
1999-09-22,17194,https://parlamento.gub.uy/documentosyleyes/leyes/ley/17194,https://www.impo.com.uy/bases/leyes/17194-1999,"CAMPOS, Alfredo R. CUARTEL ARTILLERIA.  DENOMINACION.",10805,0,0
1999-09-22,17193,https://parlamento.gub.uy/documentosyleyes/leyes/ley/17193,https://www.impo.com.uy/bases/leyes/17193-1999,"OFICIALES SUPERIORES FUERZAS ARMADAS TAREAS  RIESGO. COMPUTO SERVICIOS. BONIFICACION.  INCLUSION.",12613,2,1
1999-09-22,17192,https://parlamento.gub.uy/documentosyleyes/leyes/ley/17192,https://www.impo.com.uy/bases/leyes/17192-1999,"GARZON, Eugenio. BRIGADA INFANTERIA Nº1.  DENOMINACION.",12749,0,0
1999-09-22,17191,https://parlamento.gub.uy/documentosyleyes/leyes/ley/17191,https://www.impo.com.uy/bases/leyes/17191-1999,"EMPRESAS TRANSPORTE TERRESTRE CARGA. BENEFICIOS  FISCALES.",12768,1,0
1999-09-22,17190,https://parlamento.gub.uy/documentosyleyes/leyes/ley/17190,https://www.impo.com.uy/bases/leyes/17190-1999,"VILLASBOAS, Miguel Angel. PENSION GRACIABLE.  OTORGAMIENTO.",10964,0,0
1999-09-20,17189,https://parlamento.gub.uy/documentosyleyes/leyes/ley/17189,https://www.impo.com.uy/bases/leyes/17189-1999,"CONSUMIDOR. DERECHOS. REGULACION.",11649,0,1
1999-09-20,17188,https://parlamento.gub.uy/documentosyleyes/leyes/ley/17188,https://www.impo.com.uy/bases/leyes/17188-1999,"ESTABLECIMIENTOS COMERCIALES. INSTALACION O  AMPLIACION. NORMAS.",10797,1,1
1999-09-20,17187,https://parlamento.gub.uy/documentosyleyes/leyes/ley/17187,https://www.impo.com.uy/bases/leyes/17187-1999,"GEBELIN BONNEL, Juan Carlos. PENSION GRACIABLE.  OTORGAMIENTO.",12289,0,0
1999-09-20,17186,https://parlamento.gub.uy/documentosyleyes/leyes/ley/17186,https://www.impo.com.uy/bases/leyes/17186-1999,"DIESTE,Eladio F. ESCUELA ARTIGAS (DPTO).  DENOMINACION.",12023,0,0
1999-09-20,17185,https://parlamento.gub.uy/documentosyleyes/leyes/ley/17185,https://www.impo.com.uy/bases/leyes/17185-1999,"LAVISTA, Prudencio Bernardo. ESCUELA SORIANO  (DPTO). DENOMINACION.",11966,0,0
1999-09-20,17184,https://parlamento.gub.uy/documentosyleyes/leyes/ley/17184,https://www.impo.com.uy/bases/leyes/17184-1999,"CORREA MEDEIROS, Sixto Silvino. ESCUELA RURAL  ROCHA (DPTO). DENOMINACION.",11243,0,0
1999-09-20,17183,https://parlamento.gub.uy/documentosyleyes/leyes/ley/17183,https://www.impo.com.uy/bases/leyes/17183-1999,"COLECTIVIDAD ITALIANA. ESCUELA PANDO (CANELONES).  DENOMINACION.",12189,0,0
1999-09-20,17182,https://parlamento.gub.uy/documentosyleyes/leyes/ley/17182,https://www.impo.com.uy/bases/leyes/17182-1999,"GARCIA, Serafín J. LICEO TREINTA Y TRES (DPTO).  DENOMINACION.",11235,0,0
1999-09-20,17181,https://parlamento.gub.uy/documentosyleyes/leyes/ley/17181,https://www.impo.com.uy/bases/leyes/17181-1999,"MEXICO. ESCUELA AGUAS CORRIENTES (CANELONES).  DENOMINACION.",11448,0,0
1999-09-20,17180,https://parlamento.gub.uy/documentosyleyes/leyes/ley/17180,https://www.impo.com.uy/bases/leyes/17180-1999,"PARAGUAY. ESCUELA MONTES (CANELONES).  DENOMINACION.",11563,0,0
1999-09-20,17179,https://parlamento.gub.uy/documentosyleyes/leyes/ley/17179,https://www.impo.com.uy/bases/leyes/17179-1999,"ARISMENDI CHIAPPINI, Edmunda Guillermina. ESCUELA  SORIANO (DPTO). DENOMINACION.",11967,0,0
1999-09-20,17178,https://parlamento.gub.uy/documentosyleyes/leyes/ley/17178,https://www.impo.com.uy/bases/leyes/17178-1999,"CANADA. ESCUELA RURAL CANELONES (DPTO).  DENOMINACION.",12360,0,0
1999-09-20,17177,https://parlamento.gub.uy/documentosyleyes/leyes/ley/17177,https://www.impo.com.uy/bases/leyes/17177-1999,"MARTINEZ DE TORRES, Nélida. JARDIN INFANTES LOS  CERRILLOS (CANELONES. DENOMINACION.",11651,0,0
1999-09-20,17176,https://parlamento.gub.uy/documentosyleyes/leyes/ley/17176,https://www.impo.com.uy/bases/leyes/17176-1999,"FERRARI DE RAMOS, Rosa. ESCUELA RURAL CANELONES  (DPTO). DENOMINACION.",11632,0,0
1999-09-20,17175,https://parlamento.gub.uy/documentosyleyes/leyes/ley/17175,https://www.impo.com.uy/bases/leyes/17175-1999,"IBIRAPITA. CENTRO PASANTIAS DIURNAS CANELONES  (DPTO). DENOMINACION.",11564,0,0
1999-09-20,17174,https://parlamento.gub.uy/documentosyleyes/leyes/ley/17174,https://www.impo.com.uy/bases/leyes/17174-1999,"ESPAÑA. ESCUELA MELO (CERRO LARGO). DENOMINACION.",7726,0,0
1999-09-20,17173,https://parlamento.gub.uy/documentosyleyes/leyes/ley/17173,https://www.impo.com.uy/bases/leyes/17173-1999,"CUESTA, Gerardo. ESCUELA DISCAPACITADOS  INTELECTUALES MONTEVIDEO (DPTO). DENOMINACION.",8345,0,0
1999-09-20,17172,https://parlamento.gub.uy/documentosyleyes/leyes/ley/17172,https://www.impo.com.uy/bases/leyes/17172-1999,"ARGENTINA.ESCUELA FLORIDA (DPTO). DENOMINACION.",12025,0,0
1999-09-20,17171,https://parlamento.gub.uy/documentosyleyes/leyes/ley/17171,https://www.impo.com.uy/bases/leyes/17171-1999,"BARCOS ARMADA ROU GENERAL ARTIGAS Y ROU 25  AGOSTO. VIAJES FIN DE CURSOS. SALIDA PAIS.  AUTORIZACION.",12781,0,0
1999-09-17,17170,https://parlamento.gub.uy/documentosyleyes/leyes/ley/17170,https://www.impo.com.uy/bases/leyes/17170-1999,"CAJA PROFESIONALES UNIVERSITARIOS. INCLUSION  OBLIGATORIA PROFESIONALES.",3360,0,0
1999-09-17,17169,https://parlamento.gub.uy/documentosyleyes/leyes/ley/17169,https://www.impo.com.uy/bases/leyes/17169-1999,"BATALLON FLORIDA E INFANTERIA MECANIZADO 12. CONCURRENCIA ACTOS  CONMEMORATIVOS INDEPENDENCIA BRASIL. AUTORIZACION.",12817,0,0
1999-09-15,17168,https://parlamento.gub.uy/documentosyleyes/leyes/ley/17168,https://www.impo.com.uy/bases/leyes/17168-1999,"GESTIDO, Oscar D. (GRAL. PILOTO AVIADOR MILITAR). AEROPUERTO INTERNACIONAL  RIVERA (DPTO.). DENOMINACION.",7227,0,0
1999-09-15,17167,https://parlamento.gub.uy/documentosyleyes/leyes/ley/17167,https://www.impo.com.uy/bases/leyes/17167-1999,"BONOS TESORO CUPON CERO. EMISION. AUTORIZACION PODER EJECUTIVO.",12747,1,0
1999-09-10,17166,https://parlamento.gub.uy/documentosyleyes/leyes/ley/17166,https://www.impo.com.uy/bases/leyes/17166-1999,"JUEGOS MEDIANTE SERVICIOS TELEFONICOS. ORGANIZACION Y EXPLOTACION. NORMAS.",11339,3,5
1999-09-03,17165,https://parlamento.gub.uy/documentosyleyes/leyes/ley/17165,https://www.impo.com.uy/bases/leyes/17165-1999,"DIRECCION BOMBEROS (NACIONAL). IMPUESTOS. RECAUDACION. MODIFICACION.",12591,2,0
1999-09-02,17164,https://parlamento.gub.uy/documentosyleyes/leyes/ley/17164,https://www.impo.com.uy/bases/leyes/17164-1999,"PATENTES INVENCION. MODELOS DE UTILIDAD Y DISEÑOS INDUSTRIALES. REGULACION.",9486,6,4
1999-09-01,17163,https://parlamento.gub.uy/documentosyleyes/leyes/ley/17163,https://www.impo.com.uy/bases/leyes/17163-1999,"FUNDACIONES. CONSTITUCION Y FUNCIONAMIENTO. REGLAMENTACION.",702,1,4
1999-08-27,17162,https://parlamento.gub.uy/documentosyleyes/leyes/ley/17162,https://www.impo.com.uy/bases/leyes/17162-1999,"OPERACION UNITAS XL (1999). REALIZACION. AUTORIZACION.",12462,0,0
1999-08-27,17161,https://parlamento.gub.uy/documentosyleyes/leyes/ley/17161,https://www.impo.com.uy/bases/leyes/17161-1999,"REGIMIENTO CABALLERIA Nº7. CONCURRENCIA ACTO CONMEMORATIVO INDEPENDENCIA  BRASIL. AUTORIZACION.",12733,0,0
1999-08-24,17160,https://parlamento.gub.uy/documentosyleyes/leyes/ley/17160,https://www.impo.com.uy/bases/leyes/17160-1999,"AGUAS DULCES (ROCHA). INTERES NACIONAL. DECLARACION.",6553,1,0
1999-08-24,17159,https://parlamento.gub.uy/documentosyleyes/leyes/ley/17159,https://www.impo.com.uy/bases/leyes/17159-1999,"DIA NACIONAL EDUCACION ESPECIAL - 18 NOVIEMBRE. DECLARACION.",12150,0,0
1999-08-20,17158,https://parlamento.gub.uy/documentosyleyes/leyes/ley/17158,https://www.impo.com.uy/bases/leyes/17158-1999,"ARGENTINA-URUGUAY. PUENTE RIO DE LA PLATA. CONSTRUCCION. CONVENIO.  APROBACION.",6863,0,1
1999-08-20,17157,https://parlamento.gub.uy/documentosyleyes/leyes/ley/17157,https://www.impo.com.uy/bases/leyes/17157-1999,"ELECCIONES NACIONALES 1999. PARTIDOS POLITICOS. GASTOS. RECURSOS.",12708,1,0
1999-08-20,17156,https://parlamento.gub.uy/documentosyleyes/leyes/ley/17156,https://www.impo.com.uy/bases/leyes/17156-1999,"IMUSIVI (IMPUESTO USO INFRAESTRUCTURA VIAL NACIONAL). CREACION.",11516,3,1
1999-08-17,17155,https://parlamento.gub.uy/documentosyleyes/leyes/ley/17155,https://www.impo.com.uy/bases/leyes/17155-1999,"TECNOLOGO MEDICO. REGIMEN. MODIFICACION.",11054,1,0
1999-08-17,17154,https://parlamento.gub.uy/documentosyleyes/leyes/ley/17154,https://www.impo.com.uy/bases/leyes/17154-1999,"SICOLOGO. PROFESION. REGLAMENTACION.",4301,0,0
1999-08-17,17153,https://parlamento.gub.uy/documentosyleyes/leyes/ley/17153,https://www.impo.com.uy/bases/leyes/17153-1999,"LUCIAN CANZANI, Héctor. ESCUELA CASTILLOS (ROCHA). DENOMINACION.",8726,0,0
1999-08-17,17152,https://parlamento.gub.uy/documentosyleyes/leyes/ley/17152,https://www.impo.com.uy/bases/leyes/17152-1999,"ERRECARTE, Ramón. ESCUELA RURAL COLONIA ESPAÑOLA (COLONIA). DENOMINACION.",11140,0,0
1999-08-17,17151,https://parlamento.gub.uy/documentosyleyes/leyes/ley/17151,https://www.impo.com.uy/bases/leyes/17151-1999,"BEBIDAS SIN ALCOHOL (AMARGOS O APERITIVOS). IMESI. INCLUSION.",11566,1,0
1999-08-16,17150,https://parlamento.gub.uy/documentosyleyes/leyes/ley/17150,https://www.impo.com.uy/bases/leyes/17150-1999,"SUAREZ DE CUTINELLA, Tula. ESCUELA RURAL PARAJE EL CAÑO (COLONIA).  DENOMINACION.",8626,0,0
1999-08-16,17149,https://parlamento.gub.uy/documentosyleyes/leyes/ley/17149,https://www.impo.com.uy/bases/leyes/17149-1999,"FERREIRA ALDUNATE, Wilson. LICEO RIVERA CHICO (RIVERA). DENOMINACION.",8334,0,0
1999-08-11,17148,https://parlamento.gub.uy/documentosyleyes/leyes/ley/17148,https://www.impo.com.uy/bases/leyes/17148-1999,"ENCUENTRO DE DOS MUNDOS. MONEDAS CONMEMORATIVAS. ACUÑACION BANCO CENTRAL.  AUTORIZACION.",11455,1,0
1999-08-11,17147,https://parlamento.gub.uy/documentosyleyes/leyes/ley/17147,https://www.impo.com.uy/bases/leyes/17147-1999,"MONEDAS CONMEMORATIVAS CAMBIO MILENIO. ACUÑACION BANCO CENTRAL. AUTORIZACION.",12410,1,0
1999-08-09,17146,https://parlamento.gub.uy/documentosyleyes/leyes/ley/17146,https://www.impo.com.uy/bases/leyes/17146-1999,"ORGANIZACION MUNDIAL PROPIEDAD INTELECTUAL (OMPI). CONVENIOS MULTILATERALES.  APROBACION.",10084,0,0
1999-08-09,17145,https://parlamento.gub.uy/documentosyleyes/leyes/ley/17145,https://www.impo.com.uy/bases/leyes/17145-1999,"MERCOSUR. ASISTENCIA JURIDICA PENAL MUTUA. PROTOCOLO. APROBACION.",9424,0,0
1999-08-09,17144,https://parlamento.gub.uy/documentosyleyes/leyes/ley/17144,https://www.impo.com.uy/bases/leyes/17144-1999,"CHILE-URUGUAY. SEGURIDAD SOCIAL. CONVENIO. APROBACION.",9138,0,0
1999-08-06,17143,https://parlamento.gub.uy/documentosyleyes/leyes/ley/17143,https://www.impo.com.uy/bases/leyes/17143-1999,"SECTOR RURAL. APORTACION SEGURIDAD SOCIAL. MODIFICACION.",12290,3,1
1999-07-23,17142,https://parlamento.gub.uy/documentosyleyes/leyes/ley/17142,https://www.impo.com.uy/bases/leyes/17142-1999,"ARROYOS Y AGUAS PLUVIALES. DOMINIO. NORMAS.",9420,3,1
1999-07-21,17141,https://parlamento.gub.uy/documentosyleyes/leyes/ley/17141,https://www.impo.com.uy/bases/leyes/17141-1999,"BUQUE ROU VANGUARDIA. OPERACION SALVEX VIII. SALIDA PAIS. AUTORIZACION.",12330,0,0
1999-07-16,17140,https://parlamento.gub.uy/documentosyleyes/leyes/ley/17140,https://www.impo.com.uy/bases/leyes/17140-1999,"OPERACION JUPITER VII. TRIPULACION Y ROU GENERAL ARTIGAS. SALIDA PAIS.  AUTORIZACION.",12220,0,0
1999-07-16,17139,https://parlamento.gub.uy/documentosyleyes/leyes/ley/17139,https://www.impo.com.uy/bases/leyes/17139-1999,"ASIGNACION FAMILIAR. EXTENSION A HOGARES MENORES RECURSOS.",9615,3,4
1999-07-16,17138,https://parlamento.gub.uy/documentosyleyes/leyes/ley/17138,https://www.impo.com.uy/bases/leyes/17138-1999,"ROSSELLO ZECHINI, Fausto Iseo. PENSION GRACIABLE. OTORGAMIENTO.",12179,0,0
1999-07-06,17137,https://parlamento.gub.uy/documentosyleyes/leyes/ley/17137,https://www.impo.com.uy/bases/leyes/17137-1999,"PARDINI, Alicia. JARDIN INFANTES (COLONIA). DENOMINACION.",9555,0,0
1999-07-06,17136,https://parlamento.gub.uy/documentosyleyes/leyes/ley/17136,https://www.impo.com.uy/bases/leyes/17136-1999,"ALVAREZ, Ramón Manuel. LICEO VILLA 25 DE AGOSTO (FLORIDA). DENOMINACION.",10172,0,0
1999-07-06,17135,https://parlamento.gub.uy/documentosyleyes/leyes/ley/17135,https://www.impo.com.uy/bases/leyes/17135-1999,"GALLINAL HEBER, Alberto. ESCUELA LA CASILLA (FLORES). DENOMINACION.",9993,0,0
1999-07-06,17134,https://parlamento.gub.uy/documentosyleyes/leyes/ley/17134,https://www.impo.com.uy/bases/leyes/17134-1999,"ROJAS, Julián. ESCUELA RURAL CANELONES. DENOMINACION.",7394,0,0
1999-07-06,17133,https://parlamento.gub.uy/documentosyleyes/leyes/ley/17133,https://www.impo.com.uy/bases/leyes/17133-1999,"DODERA, Angel. ESCUELA RURAL (CANELONES). DENOMINACION.",4302,0,0
1999-07-06,17132,https://parlamento.gub.uy/documentosyleyes/leyes/ley/17132,https://www.impo.com.uy/bases/leyes/17132-1999,"BARCOS ROU MONTEVIDEO Y ROU COMODORO COE. SALIDA PAIS. AUTORIZACION.",12411,0,0
1999-07-02,17131,https://parlamento.gub.uy/documentosyleyes/leyes/ley/17131,https://www.impo.com.uy/bases/leyes/17131-1999,"DE IBARBOUROU, Juana. ESCUELA OMBUES DE LAVALLE (COLONIA). DENOMINACION.",7406,0,0
1999-07-02,17130,https://parlamento.gub.uy/documentosyleyes/leyes/ley/17130,https://www.impo.com.uy/bases/leyes/17130-1999,"MEYER, Alberto. ESCUELA CAÑADA PARAGUAYA (SORIANO). DENOMINACION.",93916,0,0
1999-07-02,17129,https://parlamento.gub.uy/documentosyleyes/leyes/ley/17129,https://www.impo.com.uy/bases/leyes/17129-1999,"LINARES, Juan. ESCUELA RURAL COSTA DE PANDO (CANELONES). DENOMINACION.",399,0,0
1999-07-02,17128,https://parlamento.gub.uy/documentosyleyes/leyes/ley/17128,https://www.impo.com.uy/bases/leyes/17128-1999,"CONFRATERNIDAD URUGUAY-ARGENTINA. ESCUELA CANELONES (DPTO.). DENOMINACION.",8808,0,0
1999-07-02,17127,https://parlamento.gub.uy/documentosyleyes/leyes/ley/17127,https://www.impo.com.uy/bases/leyes/17127-1999,"CAPPI, Franklin. ESCUELA RURAL CANELONES (DPTO.). DENOMINACION.",7378,0,0
1999-07-02,17126,https://parlamento.gub.uy/documentosyleyes/leyes/ley/17126,https://www.impo.com.uy/bases/leyes/17126-1999,"HARRIS, Paul. ESCUELA RIVERA 144 (DPTO). DENOMINACION.",7404,0,0
1999-06-25,17125,https://parlamento.gub.uy/documentosyleyes/leyes/ley/17125,https://www.impo.com.uy/bases/leyes/17125-1999,"AGROPECUARIA. IMPUESTO AL PATRIMONIO. COMPUTO. MODIFICACION.",12291,0,0
1999-06-25,17124,https://parlamento.gub.uy/documentosyleyes/leyes/ley/17124,https://www.impo.com.uy/bases/leyes/17124-1999,"INMUEBLES RURALES. PROPIEDAD SOCIEDADES ANONIMAS O COMANDITARIAS POR  ACCIONES. PROHIBICION. DEROGACION.",6849,1,1
1999-06-21,17123,https://parlamento.gub.uy/documentosyleyes/leyes/ley/17123,https://www.impo.com.uy/bases/leyes/17123-1999,"SEGURO AGROPECUARIO. IVA. EXONERACION.",11332,0,0
1999-06-21,17122,https://parlamento.gub.uy/documentosyleyes/leyes/ley/17122,https://www.impo.com.uy/bases/leyes/17122-1999,"DIA INTEGRACION FUTBOL NACIONAL - 31 OCTUBRE. DECLARACION.",11492,0,0
1999-06-21,17121,https://parlamento.gub.uy/documentosyleyes/leyes/ley/17121,https://www.impo.com.uy/bases/leyes/17121-1999,"ASISTENCIA Y SALVAMENTO EMBARCACIONES. COMPETENCIA PREFECTURA NAVAL. CONTROL.",1262,3,0
1999-06-21,17120,https://parlamento.gub.uy/documentosyleyes/leyes/ley/17120,https://www.impo.com.uy/bases/leyes/17120-1999,"ECUADOR-URUGUAY. PREVENCION USO INDEBIDO Y REPRESION TRAFICO ILICITO DROGAS.  CONVENIO. APROBACION.",10683,0,0
1999-06-21,17119,https://parlamento.gub.uy/documentosyleyes/leyes/ley/17119,https://www.impo.com.uy/bases/leyes/17119-1999,"PERU-URUGUAY. USO INDEBIDO Y REPRESION TRAFICO ILICITO DROGAS. CONVENIO.  APROBACION.",10808,0,0
1999-06-21,17118,https://parlamento.gub.uy/documentosyleyes/leyes/ley/17118,https://www.impo.com.uy/bases/leyes/17118-1999,"BUQUES PESQUEROS ALTAMAR. MEDIDAS INTERNACIONALES CONSERVACION Y ORDENACION.  CONVENIO. APROBACION.",6931,0,0
1999-06-21,17117,https://parlamento.gub.uy/documentosyleyes/leyes/ley/17117,https://www.impo.com.uy/bases/leyes/17117-1999,"PANAMA-URUGUAY. USO INDEBIDO Y REPRESION TRAFICO ILICITO DROGAS. CONVENIO.  APROBACION.",10806,0,0
1999-06-21,17116,https://parlamento.gub.uy/documentosyleyes/leyes/ley/17116,https://www.impo.com.uy/bases/leyes/17116-1999,"MERCOSUR. INTEGRACION EDUCATIVA ESTUDIOS POST-GRADO. PROTOCOLO. APROBACION.",10041,0,0
1999-06-21,17115,https://parlamento.gub.uy/documentosyleyes/leyes/ley/17115,https://www.impo.com.uy/bases/leyes/17115-1999,"FONDO APICOLA (NACIONAL). CREACION. INTERES NACIONAL. DECLARACION.",8341,1,2
1999-06-16,17114,https://parlamento.gub.uy/documentosyleyes/leyes/ley/17114,https://www.impo.com.uy/bases/leyes/17114-1999,"ISRAEL-URUGUAY. MEDICINA VETERINARIA. COOPERACION. CONVENIO. APROBACION.",11168,0,0
1999-06-09,17113,https://parlamento.gub.uy/documentosyleyes/leyes/ley/17113,https://www.impo.com.uy/bases/leyes/17113-1999,"LEGISLACION ELECTORAL. MODIFICACION.",8695,9,4
1999-06-08,17112,https://parlamento.gub.uy/documentosyleyes/leyes/ley/17112,https://www.impo.com.uy/bases/leyes/17112-1999,"ESPAÑA-URUGUAY. SEGURIDAD SOCIAL. CONVENIO. APROBACION.",9587,0,0
1999-05-26,17111,https://parlamento.gub.uy/documentosyleyes/leyes/ley/17111,https://www.impo.com.uy/bases/leyes/17111-1999,"CORREA, Carlos. PENSION GRACIABLE. OTORGAMIENTO.",11846,0,0
1999-05-21,17110,https://parlamento.gub.uy/documentosyleyes/leyes/ley/17110,https://www.impo.com.uy/bases/leyes/17110-1999,"FRANCIA-URUGUAY. COOPERACION JUDICIAL MATERIA CIVIL Y COMERCIAL. APROBACION.",88957,0,0
1999-05-21,17109,https://parlamento.gub.uy/documentosyleyes/leyes/ley/17109,https://www.impo.com.uy/bases/leyes/17109-1999,"MENORES. SUSTRACCION INTERNACIONAL. CONVENCION. APROBACION.",3373,0,1
1999-05-21,17108,https://parlamento.gub.uy/documentosyleyes/leyes/ley/17108,https://www.impo.com.uy/bases/leyes/17108-1999,"FUNCIONARIO ONU. SEGURIDAD. CONVENIO. APROBACION.",9658,0,1
1999-05-21,17107,https://parlamento.gub.uy/documentosyleyes/leyes/ley/17107,https://www.impo.com.uy/bases/leyes/17107-1999,"TRABAJADORES MIGRATORIOS Y FAMILIARES. PROTECCION. CONVENIO. APROBACION.",9661,0,0
1999-05-21,17106,https://parlamento.gub.uy/documentosyleyes/leyes/ley/17106,https://www.impo.com.uy/bases/leyes/17106-1999,"PENSION VEJEZ O INVALIDEZ. BENEFICIARIO DISCAPACITADO SEVERO. COBRO.  MODIFICACION.",7774,1,0
1999-05-16,17105,https://parlamento.gub.uy/documentosyleyes/leyes/ley/17105,https://www.impo.com.uy/bases/leyes/17105-1999,"JAMAICA-URUGUAY. AMISTAD Y COOPERACION. CONVENIO. APROBACION.",10612,0,0
1999-05-16,17104,https://parlamento.gub.uy/documentosyleyes/leyes/ley/17104,https://www.impo.com.uy/bases/leyes/17104-1999,"ASISTENCIA CASOS DESASTRE CONTINENTE AMERICANO. CONVENCION INTERAMERICANA.  APROBACION.",10083,0,0
1999-05-16,17103,https://parlamento.gub.uy/documentosyleyes/leyes/ley/17103,https://www.impo.com.uy/bases/leyes/17103-1999,"COSTA RICA-URUGUAY. COOPERACION TECNICA Y CIENTIFICA. CONVENIO. APROBACION.",11441,0,0
1999-05-16,17102,https://parlamento.gub.uy/documentosyleyes/leyes/ley/17102,https://www.impo.com.uy/bases/leyes/17102-1999,"CANADA-URUGUAY. PROTECCION INVERSIONES. CONVENIO. APROBACION.",9421,0,0
1999-05-16,17101,https://parlamento.gub.uy/documentosyleyes/leyes/ley/17101,https://www.impo.com.uy/bases/leyes/17101-1999,"BARBADOS-URUGUAY. COOPERACION TURISTICA. CONVENIO. APROBACION.",10684,0,0
1999-05-16,17100,https://parlamento.gub.uy/documentosyleyes/leyes/ley/17100,https://www.impo.com.uy/bases/leyes/17100-1999,"UNION LATINA-URUGUAY. PRIVILEGIOS E INMUNIDADES OFICINA. CONVENIO.  APROBACION.",9588,0,0
1999-05-16,17099,https://parlamento.gub.uy/documentosyleyes/leyes/ley/17099,https://www.impo.com.uy/bases/leyes/17099-1999,"UNION POSTAL AMERICAS, ESPAÑA Y PORTUGAL (UPAEP). ACTAS, RECOMENDACIONES Y  RESOLUCIONES. APROBACION.",10843,0,0
1999-05-16,17098,https://parlamento.gub.uy/documentosyleyes/leyes/ley/17098,https://www.impo.com.uy/bases/leyes/17098-1999,"BARBADOS-URUGUAY. COOPERACION TECNICA Y CIENTIFICA. CONVENIO. APROBACION.",10989,0,0
1999-05-16,17097,https://parlamento.gub.uy/documentosyleyes/leyes/ley/17097,https://www.impo.com.uy/bases/leyes/17097-1999,"NICARAGUA-URUGUAY. COOPERACION E INTERCAMBIO CULTURAL. CONVENIO. APROBACION.",11440,0,0
1999-05-16,17096,https://parlamento.gub.uy/documentosyleyes/leyes/ley/17096,https://www.impo.com.uy/bases/leyes/17096-1999,"RECLUTAMIENTO, UTILIZACION, FINANCIACION Y ENTRENAMIENTO MERCENARIOS.  CONVENIO. APROBACION.",9589,0,0
1999-05-16,17095,https://parlamento.gub.uy/documentosyleyes/leyes/ley/17095,https://www.impo.com.uy/bases/leyes/17095-1999,"CONVENCION PROTECCION BIENES CULTURALES CASO CONFLICTO ARMADO. CONVENIO.  APROBACION.",80854,0,0
1999-05-16,17094,https://parlamento.gub.uy/documentosyleyes/leyes/ley/17094,https://www.impo.com.uy/bases/leyes/17094-1999,"BRASIL-URUGUAY. ESTATUTO JURIDICO FRONTERA. AJUSTE COMPLEMENTARIO. CONVENIO.  APROBACION.",8536,0,0
1999-05-16,17093,https://parlamento.gub.uy/documentosyleyes/leyes/ley/17093,https://www.impo.com.uy/bases/leyes/17093-1999,"ARGENTINA-BOLIVIA-BRASIL-CHILE-PARAGUAY-URUGUAY. SERVICIOS AEREOS. CONVENIO.  APROBACION.",11171,0,0
1999-05-16,17092,https://parlamento.gub.uy/documentosyleyes/leyes/ley/17092,https://www.impo.com.uy/bases/leyes/17092-1999,"MERCOSUR-BOLIVIA-CHILE. COMPROMISO DEMOCRATICO. PROTOCOLO USHUAIA.  APROBACION.",11173,0,0
1999-05-13,17091,https://parlamento.gub.uy/documentosyleyes/leyes/ley/17091,https://www.impo.com.uy/bases/leyes/17091-1999,"RUSIA-URUGUAY. TRANSPORTE AEREO. CONVENIO. APROBACION.",10144,0,0
1999-05-13,17090,https://parlamento.gub.uy/documentosyleyes/leyes/ley/17090,https://www.impo.com.uy/bases/leyes/17090-1999,"PANAMA-URUGUAY. SERVICIOS AEREOS. CONVENIO. APROBACION.",11164,0,0
1999-05-11,17089,https://parlamento.gub.uy/documentosyleyes/leyes/ley/17089,https://www.impo.com.uy/bases/leyes/17089-1999,"COSTA RICA-URUGUAY. COOPERACION TURISTICA. CONVENIO. APROBACION.",10318,0,0
1999-04-30,17088,https://parlamento.gub.uy/documentosyleyes/leyes/ley/17088,https://www.impo.com.uy/bases/leyes/17088-1999,"ORGANISMOS ESTADO. NORMAS FUNCIONARIOS Y FUNCIONAMIENTO. APROBACION.",10889,1,8
1999-04-28,17087,https://parlamento.gub.uy/documentosyleyes/leyes/ley/17087,https://www.impo.com.uy/bases/leyes/17087-1999,"LOPEZ, Wilmar. PENSION GRACIABLE. OTORGAMIENTO.",10653,0,0
1999-04-21,17086,https://parlamento.gub.uy/documentosyleyes/leyes/ley/17086,https://www.impo.com.uy/bases/leyes/17086-1999,"FONDO MONETARIO INTERNACIONAL. CUOTA URUGUAY. AUMENTO.",11507,0,0
1999-04-21,17085,https://parlamento.gub.uy/documentosyleyes/leyes/ley/17085,https://www.impo.com.uy/bases/leyes/17085-1999,"EJERCITO EE.UU.INTEGRANTES. INGRESO PAIS. AUTORIZACION.",11748,0,0
1999-04-21,17084,https://parlamento.gub.uy/documentosyleyes/leyes/ley/17084,https://www.impo.com.uy/bases/leyes/17084-1999,"OPERACION ATLASUR IV. BARCO ROU MONTEVIDEO. SALIDA PAIS. AUTORIZACION.",11983,0,0
1999-04-21,17083,https://parlamento.gub.uy/documentosyleyes/leyes/ley/17083,https://www.impo.com.uy/bases/leyes/17083-1999,"FUERZA AEREA EE.UU. GRUPO RESCATE 920. INGRESO PAIS. AUTORIZACION.",12012,0,0
1999-04-15,17082,https://parlamento.gub.uy/documentosyleyes/leyes/ley/17082,https://www.impo.com.uy/bases/leyes/17082-1999,"DERECHO DEL MAR. CONSERVACION Y ORDENACION PECES. ACUERDO. APROBACION.",6166,0,1
1999-04-12,17081,https://parlamento.gub.uy/documentosyleyes/leyes/ley/17081,https://www.impo.com.uy/bases/leyes/17081-1999,"BARCO ESCUELA ROU CAPITAN MIRANDA. VIAJE INSTRUCCION (XIX). AUTORIZACION.",11746,0,0
1999-03-24,17080,https://parlamento.gub.uy/documentosyleyes/leyes/ley/17080,https://www.impo.com.uy/bases/leyes/17080-1999,"ORGANOS DELIBERATIVOS NACIONALES. INTEGRACION. MODIFICACION.",11747,2,0
1999-01-03,17079,https://parlamento.gub.uy/documentosyleyes/leyes/ley/17079,https://www.impo.com.uy/bases/leyes/17079-1999,"CODIGO PROCESO PENAL. VIGENCIA. PRORROGA.",11994,0,0
1998-12-28,17078,https://parlamento.gub.uy/documentosyleyes/leyes/ley/17078,https://www.impo.com.uy/bases/leyes/17078-1998,"DE FLEITAS DE LACUESTA, Feliciana. ESCUELA VALENTINES (TREINTA Y TRES).  DENOMINACION.",10686,0,0
1998-12-28,17077,https://parlamento.gub.uy/documentosyleyes/leyes/ley/17077,https://www.impo.com.uy/bases/leyes/17077-1998,"VAZQUEZ, Gabina Ecilda. ESCUELA RURAL (CANELONES).DENOMINACION.",10123,0,0
1998-12-28,17076,https://parlamento.gub.uy/documentosyleyes/leyes/ley/17076,https://www.impo.com.uy/bases/leyes/17076-1998,"MOZZONE, Lorenzo. ESCUELA CANELONES (DPTO.). DENOMINACION.",10375,0,0
1998-12-28,17075,https://parlamento.gub.uy/documentosyleyes/leyes/ley/17075,https://www.impo.com.uy/bases/leyes/17075-1998,"REPUBLICA DEL PERU. ESCUELA CANELONES (DPTO.). DENOMINACION.",10691,0,0
1998-12-28,17074,https://parlamento.gub.uy/documentosyleyes/leyes/ley/17074,https://www.impo.com.uy/bases/leyes/17074-1998,"GRAN BRETAÑA. ESCUELA AGUAS CORRIENTES (CANELONES). DENOMINACION.",11077,0,0
1998-12-28,17073,https://parlamento.gub.uy/documentosyleyes/leyes/ley/17073,https://www.impo.com.uy/bases/leyes/17073-1998,"PIVEL DEVOTO, Juan E. CENTRO CAPACITACION Y PERFECCIONAMIENTO DOCENTE  MONTEVIDEO. DENOMINACION.",10331,0,0
1998-12-28,17072,https://parlamento.gub.uy/documentosyleyes/leyes/ley/17072,https://www.impo.com.uy/bases/leyes/17072-1998,"MUÑOZ, Juan José. ESCUELA MALDONADO (DPTO.). DENOMINACION.",7658,0,0
1998-12-28,17071,https://parlamento.gub.uy/documentosyleyes/leyes/ley/17071,https://www.impo.com.uy/bases/leyes/17071-1998,"ENTES AUTONOMOS Y SERVICIOS DESCENTRALIZADOS. DONACIONES. COMUNICACION A  ASAMBLEA GENERAL Y OPP.",7233,1,0
1998-12-28,17070,https://parlamento.gub.uy/documentosyleyes/leyes/ley/17070,https://www.impo.com.uy/bases/leyes/17070-1998,"PEREZ, Eusebio Francisco. ESCUELA RURAL (CANELONES). DENOMINACION.",82,0,0
1998-12-28,17069,https://parlamento.gub.uy/documentosyleyes/leyes/ley/17069,https://www.impo.com.uy/bases/leyes/17069-1998,"SOLARI DE SANTORO, Nilda Elena. ESCUELA RURAL (CANELONES). DENOMINACION.",9217,0,0
1998-12-28,17068,https://parlamento.gub.uy/documentosyleyes/leyes/ley/17068,https://www.impo.com.uy/bases/leyes/17068-1998,"ISNARDI, Margarita. JARDIN INFANTES RIVERA (DPTO.). DENOMINACION.",9429,0,0
1998-12-24,17067,https://parlamento.gub.uy/documentosyleyes/leyes/ley/17067,https://www.impo.com.uy/bases/leyes/17067-1998,"CARDOSO, José Pedro. LICEO (MONTEVIDEO). DENOMINACION.",10817,0,0
1998-12-24,17066,https://parlamento.gub.uy/documentosyleyes/leyes/ley/17066,https://www.impo.com.uy/bases/leyes/17066-1998,"HOGARES ANCIANOS. FUNCIONAMIENTO. NORMAS.",2167,0,4
1998-12-24,17065,https://parlamento.gub.uy/documentosyleyes/leyes/ley/17065,https://www.impo.com.uy/bases/leyes/17065-1998,"BELZA, Juan. LICEO SAN RAMON (CANELONES). DENOMINACION.",9173,0,0
1998-12-24,17064,https://parlamento.gub.uy/documentosyleyes/leyes/ley/17064,https://www.impo.com.uy/bases/leyes/17064-1998,"SILVESTRI, Rosa. INSTITUTO FORMACION DECENTE (SALTO). DENOMINACION.",6555,0,0
1998-12-24,17063,https://parlamento.gub.uy/documentosyleyes/leyes/ley/17063,https://www.impo.com.uy/bases/leyes/17063-1998,"PARTIDOS POLITICOS. ELECCIONES INTERNAS. REGLAMENTACION.",11374,1,2
1998-12-24,17062,https://parlamento.gub.uy/documentosyleyes/leyes/ley/17062,https://www.impo.com.uy/bases/leyes/17062-1998,"DEUDOR BANCO HIPOTECARIO. FACILIDADES PAGO. CONCESION.",6598,1,3
1998-12-24,17061,https://parlamento.gub.uy/documentosyleyes/leyes/ley/17061,https://www.impo.com.uy/bases/leyes/17061-1998,"FRIGORIFICO EFCSA. TRABAJADOR DESPEDIDO REGIMEN FACTO. INCLUSION LEY 15.783.",10255,1,2
1998-12-23,17060,https://parlamento.gub.uy/documentosyleyes/leyes/ley/17060,https://www.impo.com.uy/bases/leyes/17060-1998,"CORRUPCION. PREVENCION Y LUCHA. REGIMEN.",4876,1,32
1998-12-21,17059,https://parlamento.gub.uy/documentosyleyes/leyes/ley/17059,https://www.impo.com.uy/bases/leyes/17059-1998,"CHILE-URUGUAY. PROMOCION Y PROTECCION INVERSIONES. CONVENIO. APROBACION.",6202,0,0
1998-12-18,17058,https://parlamento.gub.uy/documentosyleyes/leyes/ley/17058,https://www.impo.com.uy/bases/leyes/17058-1998,"FUNCIONARIOS PLAN AGROPECUARIO, IMPO E INSTITUTO ABASTECIMIENTO NO ABSORBIDOS  ORGANISMOS PUBLICOS. DERECHOS. MANTENIMIENTO.",11512,0,0
1998-12-18,17057,https://parlamento.gub.uy/documentosyleyes/leyes/ley/17057,https://www.impo.com.uy/bases/leyes/17057-1998,"JEFES CUERPOS SERVICIOS EJERCITO CON RETIRO OBLIGATORIO. HABERES.  DETERMINACION.",10238,2,0
1998-12-17,17056,https://parlamento.gub.uy/documentosyleyes/leyes/ley/17056,https://www.impo.com.uy/bases/leyes/17056-1998,"PRIMER PABELLON NACIONAL. CONMEMORACION ANIVERSARIO (170). FERIADO  DEPARTAMENTO CANELONES. DECLARACION.",11453,0,0
1998-12-14,17055,https://parlamento.gub.uy/documentosyleyes/leyes/ley/17055,https://www.impo.com.uy/bases/leyes/17055-1998,"BRASIL-URUGUAY. CONVENIO APROVECHAMIENTO RECURSOS NATURALES Y DESARROLLO  CUENCA RIO CUAREIM. AJUSTE COMPLEMENTARIO. APROBACION.",8391,0,0
1998-12-14,17054,https://parlamento.gub.uy/documentosyleyes/leyes/ley/17054,https://www.impo.com.uy/bases/leyes/17054-1998,"SUECIA-URUGUAY. COOPERACION CIENTIFICA. CONVENIO. APROBACION.",496,0,0
1998-12-14,17053,https://parlamento.gub.uy/documentosyleyes/leyes/ley/17053,https://www.impo.com.uy/bases/leyes/17053-1998,"MERCOSUR-COMUNIDAD EUROPEA. MARCO INTERREGIONAL COOPERACION. CONVENIO.  APROBACION.",7693,0,0
1998-12-14,17052,https://parlamento.gub.uy/documentosyleyes/leyes/ley/17052,https://www.impo.com.uy/bases/leyes/17052-1998,"MERCOSUR. PROPIEDAD INTELECTUAL. PROTOCOLO ARMONIZACION NORMAS. APROBACION.",8167,0,0
1998-12-14,17051,https://parlamento.gub.uy/documentosyleyes/leyes/ley/17051,https://www.impo.com.uy/bases/leyes/17051-1998,"CONVENCION VIENA. RESPONSABILIDAD CIVIL POR DAÑOS NUCLEARES. PROTOCOLO  SOLUCION CONTROVERSIAS. APROBACION.",91200,0,0
1998-12-14,17050,https://parlamento.gub.uy/documentosyleyes/leyes/ley/17050,https://www.impo.com.uy/bases/leyes/17050-1998,"MERCOSUR. RESPONSABILIDAD CIVIL ACCIDENTES TRANSITO. PROTOCOLO SAN LUIS.  APROBACION.",8535,0,0
1998-12-14,17049,https://parlamento.gub.uy/documentosyleyes/leyes/ley/17049,https://www.impo.com.uy/bases/leyes/17049-1998,"CAMPAÑA ANTARTICA 98/99. BARCO ARMADA ROU VANGUARDIA. SALIDA PAIS.  AUTORIZACION.",11142,0,0
1998-12-14,17048,https://parlamento.gub.uy/documentosyleyes/leyes/ley/17048,https://www.impo.com.uy/bases/leyes/17048-1998,"PARAGUAY-URUGUAY. COOPERACION MATERIA SALUD. CONVENIO. APROBACION.",93248,0,0
1998-12-14,17047,https://parlamento.gub.uy/documentosyleyes/leyes/ley/17047,https://www.impo.com.uy/bases/leyes/17047-1998,"MERCOSUR. PROTOCOLO INTEGRACION CULTURAL. APROBACION.",8486,0,0
1998-12-14,17046,https://parlamento.gub.uy/documentosyleyes/leyes/ley/17046,https://www.impo.com.uy/bases/leyes/17046-1998,"AUDIOVISUALES Y OBJETOS EDUCATIVOS, CIENTIFICOS O CULTURALES. CIRCULACION  INTERNACIONAL E IMPORTACION. CONVENIOS Y PROTOCOLO ADICIONAL. APROBACION.",3333,0,0
1998-12-14,17045,https://parlamento.gub.uy/documentosyleyes/leyes/ley/17045,https://www.impo.com.uy/bases/leyes/17045-1998,"PUBLICIDAD ELECTORAL. REGIMEN. MODIFICACION.",9485,0,3
1998-11-25,17044,https://parlamento.gub.uy/documentosyleyes/leyes/ley/17044,https://www.impo.com.uy/bases/leyes/17044-1998,"FLORES DE BATALLA, Hilda.PENSION GRACIABLE.OTORGAMIENTO.",11454,0,0
1998-11-25,17043,https://parlamento.gub.uy/documentosyleyes/leyes/ley/17043,https://www.impo.com.uy/bases/leyes/17043-1998,"BARCOS ARMADA ROU MONTEVIDEO Y COMANDANTE PEDRO CAMPBELL VIAJE FIN DE  CURSOS.SALIDA PAIS.AUTORIZACION.",11494,0,0
1998-11-25,17042,https://parlamento.gub.uy/documentosyleyes/leyes/ley/17042,https://www.impo.com.uy/bases/leyes/17042-1998,"GAS Y SUPERGAS.SUMINISTRO.IMPUESTOS.MODIFICACION.",10389,0,0
1998-11-25,17041,https://parlamento.gub.uy/documentosyleyes/leyes/ley/17041,https://www.impo.com.uy/bases/leyes/17041-1998,"MERCOSUR. TITULOS UNIVERSITARIOS. PROTOCOLO ADMISION. APROBACION.",9422,0,0
1998-11-20,17040,https://parlamento.gub.uy/documentosyleyes/leyes/ley/17040,https://www.impo.com.uy/bases/leyes/17040-1998,"ENTES AUTONOMOS Y SERVICIOS DESCENTRALIZADOS.  PUBLICACION BALANCE. OBLIGATORIEDAD.",8327,1,2
1998-11-20,17039,https://parlamento.gub.uy/documentosyleyes/leyes/ley/17039,https://www.impo.com.uy/bases/leyes/17039-1998,"DIA VIVIENDA RURAL.DECLARACION.",7539,0,0
1998-11-20,17038,https://parlamento.gub.uy/documentosyleyes/leyes/ley/17038,https://www.impo.com.uy/bases/leyes/17038-1998,"LORENZO, José María.PENSION GRACIABLE.OTORGAMIENTO.",10783,0,0
1998-11-20,17037,https://parlamento.gub.uy/documentosyleyes/leyes/ley/17037,https://www.impo.com.uy/bases/leyes/17037-1998,"ETCHEGOYEN, José.PENSION GRACIABLE.OTORGAMIENTO.",10784,0,0
1998-11-20,17036,https://parlamento.gub.uy/documentosyleyes/leyes/ley/17036,https://www.impo.com.uy/bases/leyes/17036-1998,"FONDO TUTELA SOCIAL FUERZAS ARMADAS (ESPECIAL).BENEFICIARIOS.DETERMINACION.",3361,4,0
1998-11-20,17035,https://parlamento.gub.uy/documentosyleyes/leyes/ley/17035,https://www.impo.com.uy/bases/leyes/17035-1998,"MENOR. DERECHOS. ENMIENDA CONVENIO. APROBACION.",8008,0,0
1998-11-20,17034,https://parlamento.gub.uy/documentosyleyes/leyes/ley/17034,https://www.impo.com.uy/bases/leyes/17034-1998,"CUBA-URUGUAY. ASISTENCIA JURIDICA ASUNTOS PENALES. CONVENIO. APROBACION.",2497,0,0
1998-11-20,17033,https://parlamento.gub.uy/documentosyleyes/leyes/ley/17033,https://www.impo.com.uy/bases/leyes/17033-1998,"ESPACIO MARITIMO URUGUAYO.DETERMINACION Y REGULACION.",2577,0,1
1998-11-16,17032,https://parlamento.gub.uy/documentosyleyes/leyes/ley/17032,https://www.impo.com.uy/bases/leyes/17032-1998,"PAISES MERCOSUR.ESCUELA MONTEVIDEO (DPTO.).DENOMINACION.",9427,0,0
1998-11-16,17031,https://parlamento.gub.uy/documentosyleyes/leyes/ley/17031,https://www.impo.com.uy/bases/leyes/17031-1998,"AYÇAGUER CIGANDA de BONINO, Irma.ESCUELA RURAL ROCHA (DPTO.).DENOMINACION.",7683,0,0
1998-11-16,17030,https://parlamento.gub.uy/documentosyleyes/leyes/ley/17030,https://www.impo.com.uy/bases/leyes/17030-1998,"MALASIA.ESCUELA 141 MONTEVIDEO.DENOMINACION.",6362,0,1
1998-11-16,17029,https://parlamento.gub.uy/documentosyleyes/leyes/ley/17029,https://www.impo.com.uy/bases/leyes/17029-1998,"GANDHI, Mahatma.ESCUELA LAS PIEDRAS (CANELONES).DENOMINACION.",6615,0,0
1998-11-16,17028,https://parlamento.gub.uy/documentosyleyes/leyes/ley/17028,https://www.impo.com.uy/bases/leyes/17028-1998,"ESCUELA QUEMADA.ESCUELA (CANELONES).DENOMINACION.",4749,0,0
1998-11-16,17027,https://parlamento.gub.uy/documentosyleyes/leyes/ley/17027,https://www.impo.com.uy/bases/leyes/17027-1998,"RUSIA-URUGUAY. AMISTAD Y COOPERACION. CONVENIO. APROBACION.",9660,0,0
1998-11-16,17026,https://parlamento.gub.uy/documentosyleyes/leyes/ley/17026,https://www.impo.com.uy/bases/leyes/17026-1998,"DESERTIFICACION. CONVENCION ONU. APROBACION.",8291,0,0
1998-11-13,17025,https://parlamento.gub.uy/documentosyleyes/leyes/ley/17025,https://www.impo.com.uy/bases/leyes/17025-1998,"IMESI.SALTO,PAYSANDU Y TREINTA Y TRES (DPTOS.).TASA DIFERENCIAL.APLICACION.",10685,0,0
1998-11-10,17024,https://parlamento.gub.uy/documentosyleyes/leyes/ley/17024,https://www.impo.com.uy/bases/leyes/17024-1998,"TREINTA Y TRES ORIENTALES.BATALLON INFANTERIA Nº 10.DENOMINACION.",10564,0,0
1998-11-10,17023,https://parlamento.gub.uy/documentosyleyes/leyes/ley/17023,https://www.impo.com.uy/bases/leyes/17023-1998,"HOLANDA.ESCUELA CANELONES (DEPARTAMENTO).DENOMINACION.",6483,0,0
1998-11-09,17022,https://parlamento.gub.uy/documentosyleyes/leyes/ley/17022,https://www.impo.com.uy/bases/leyes/17022-1998,"REPUBLICA CHECA-URUGUAY. COMERCIO. CONVENIO. APROBACION.",8498,0,0
1998-11-09,17021,https://parlamento.gub.uy/documentosyleyes/leyes/ley/17021,https://www.impo.com.uy/bases/leyes/17021-1998,"CHEBATAROFF, Jorge.LICEO MONTEVIDEO.DENOMINACION.",9733,0,0
1998-10-28,17020,https://parlamento.gub.uy/documentosyleyes/leyes/ley/17020,https://www.impo.com.uy/bases/leyes/17020-1998,"ESPAÑA-URUGUAY. ASISTENCIA JURIDICA MUTUA ASUNTOS PENALES. CONVENIO.  APROBACION.",81769,0,0
1998-10-23,17019,https://parlamento.gub.uy/documentosyleyes/leyes/ley/17019,https://www.impo.com.uy/bases/leyes/17019-1998,"FONDO DESARROLLO PUEBLOS INDIGENAS AMERICA LATINA Y CARIBE. CONVENIO.  APROBACION.",5321,0,0
1998-10-23,17018,https://parlamento.gub.uy/documentosyleyes/leyes/ley/17018,https://www.impo.com.uy/bases/leyes/17018-1998,"PUERTO PESCADORES PUNTA DEL DIABLO (ROCHA).INTERES NACIONAL.DECLARACION.",2592,1,0
1998-10-23,17017,https://parlamento.gub.uy/documentosyleyes/leyes/ley/17017,https://www.impo.com.uy/bases/leyes/17017-1998,"UNION POSTAL AMERICAS ESPAÑA (UPAEP). ACTAS, RECOMENDACIONES Y RESOLUCIONES  XIV Y XV CONGRESOS. APROBACION.",2400,0,0
1998-10-22,17016,https://parlamento.gub.uy/documentosyleyes/leyes/ley/17016,https://www.impo.com.uy/bases/leyes/17016-1998,"DROGAS. CULTIVO Y COMERCIO. REGIMEN. MODIFICACION.",3612,5,18
1998-10-20,17015,https://parlamento.gub.uy/documentosyleyes/leyes/ley/17015,https://www.impo.com.uy/bases/leyes/17015-1998,"ENSEÑANZA PREESCOLAR. GRATUIDAD. DECLARACION INTERES SOCIAL.",3571,0,0
1998-10-09,17014,https://parlamento.gub.uy/documentosyleyes/leyes/ley/17014,https://www.impo.com.uy/bases/leyes/17014-1998,"OPERACION CRUZ DEL SUR 98. INTEGRANTES FUERZAS ARMADAS. SALIDA PAIS.  AUTORIZACION.",10449,0,0
1998-10-07,17013,https://parlamento.gub.uy/documentosyleyes/leyes/ley/17013,https://www.impo.com.uy/bases/leyes/17013-1998,"BOLIVIA-URUGUAY. COOPERACION CULTURAL. CONVENIO. APROBACION.",91203,0,0
1998-09-25,17012,https://parlamento.gub.uy/documentosyleyes/leyes/ley/17012,https://www.impo.com.uy/bases/leyes/17012-1998,"BROU. PRESTAMO A TRIBUNAL CUENTAS. AUTORIZACION.",10761,1,0
1998-09-25,17011,https://parlamento.gub.uy/documentosyleyes/leyes/ley/17011,https://www.impo.com.uy/bases/leyes/17011-1998,"MARCAS. PROPIEDAD INDUSTRIAL. REGIMEN.",7697,5,9
1998-09-25,17010,https://parlamento.gub.uy/documentosyleyes/leyes/ley/17010,https://www.impo.com.uy/bases/leyes/17010-1998,"AFE-TRADE AND DEVELOPMENT AGENCY ESTADOS UNIDOS. FINANCIACION PROYECTO RED  FERROVIARIA. CONVENIO. APROBACION.",2909,0,0
1998-09-25,17009,https://parlamento.gub.uy/documentosyleyes/leyes/ley/17009,https://www.impo.com.uy/bases/leyes/17009-1998,"TERMAS ALMIRON (PAYSANDU). INTERES NACIONAL. DECLARACION.",9430,1,0
1998-09-25,17008,https://parlamento.gub.uy/documentosyleyes/leyes/ley/17008,https://www.impo.com.uy/bases/leyes/17008-1998,"CORRUPCION. CONVENCION INTERAMERICANA. APROBACION.",8388,0,2
1998-09-18,17007,https://parlamento.gub.uy/documentosyleyes/leyes/ley/17007,https://www.impo.com.uy/bases/leyes/17007-1998,"ALDAO, Jaime. PENSION GRACIABLE. OTORGAMIENTO.",10507,0,0
1998-09-18,17006,https://parlamento.gub.uy/documentosyleyes/leyes/ley/17006,https://www.impo.com.uy/bases/leyes/17006-1998,"HIPODROMO NACIONAL MAROÑAS. INMUEBLE. EXPROPIACION. AUTORIZACION.",9625,2,1
1998-09-18,17005,https://parlamento.gub.uy/documentosyleyes/leyes/ley/17005,https://www.impo.com.uy/bases/leyes/17005-1998,"CONFERENCIA IBEROAMERICANA. COOPERACION. CONVENIO. APROBACION.",5320,0,0
1998-09-18,17004,https://parlamento.gub.uy/documentosyleyes/leyes/ley/17004,https://www.impo.com.uy/bases/leyes/17004-1998,"BRUM, Baltasar. TERMINAL OMNIBUS RAMBLA FRANKLIN ROOSEVELT (MONTEVIDEO).  DENOMINACION.",7514,0,0
1998-09-14,17003,https://parlamento.gub.uy/documentosyleyes/leyes/ley/17003,https://www.impo.com.uy/bases/leyes/17003-1998,"DIA NACIONAL PERSONA DISCAPACITADA - 9 DICIEMBRE. DECLARACION.",93346,0,0
1998-09-14,17002,https://parlamento.gub.uy/documentosyleyes/leyes/ley/17002,https://www.impo.com.uy/bases/leyes/17002-1998,"SANJUAN SUAREZ, Alfredo. HOGAR DE ANCIANOS SARANDI GRANDE (FLORIDA).  DENOMINACION.",92775,0,0
1998-09-14,17001,https://parlamento.gub.uy/documentosyleyes/leyes/ley/17001,https://www.impo.com.uy/bases/leyes/17001-1998,"INMUEBLE MONTEVIDEO PROPIEDAD MINISTERIO DEFENSA NACIONAL. ENAJENACION.  AUTORIZACION.",2651,0,0
1998-09-11,17000,https://parlamento.gub.uy/documentosyleyes/leyes/ley/17000,https://www.impo.com.uy/bases/leyes/17000-1998,"IBAÑEZ IGLESIAS, Solveig. PENSION GRACIABLE. OTORGAMIENTO.",9975,0,0
1998-09-11,16999,https://parlamento.gub.uy/documentosyleyes/leyes/ley/16999,https://www.impo.com.uy/bases/leyes/16999-1998,"DANS, Rosa. PENSION GRACIABLE. OTORGAMIENTO.",9155,0,0
1998-09-09,16998,https://parlamento.gub.uy/documentosyleyes/leyes/ley/16998,https://www.impo.com.uy/bases/leyes/16998-1998,"CONSEJO CAJA BANCARIA (HONORARIA). INTEGRACION. MODIFICACION.",9974,1,0
1998-09-08,16997,https://parlamento.gub.uy/documentosyleyes/leyes/ley/16997,https://www.impo.com.uy/bases/leyes/16997-1998,"OPERACION SARSUB I. BARCO ARMADA ROU VANGUARIA. SALIDA PAIS. AUTORIZACION.",10448,0,0
1998-09-01,16996,https://parlamento.gub.uy/documentosyleyes/leyes/ley/16996,https://www.impo.com.uy/bases/leyes/16996-1998,"RENDICION CUENTAS 1997. APROBACION.",10513,3,2
1998-08-26,16995,https://parlamento.gub.uy/documentosyleyes/leyes/ley/16995,https://www.impo.com.uy/bases/leyes/16995-1998,"CONCILIACION PREVIA A LOS JUICIOS. REGIMEN. CODIGO GENERAL PROCESO.  MODIFICACION.",3568,3,1
1998-08-26,16994,https://parlamento.gub.uy/documentosyleyes/leyes/ley/16994,https://www.impo.com.uy/bases/leyes/16994-1998,"SENTENCIAS CONTRA ESTADO. PAGO. PROCEDIMIENTO.",4314,2,0
1998-08-26,16993,https://parlamento.gub.uy/documentosyleyes/leyes/ley/16993,https://www.impo.com.uy/bases/leyes/16993-1998,"INMUEBLE ARTIGAS (CIUDAD). MINISTERIO DEFENSA NACIONAL. ENAJENACION.",2112,0,0
1998-08-21,16992,https://parlamento.gub.uy/documentosyleyes/leyes/ley/16992,https://www.impo.com.uy/bases/leyes/16992-1998,"VARELA (LAVALLEJA) CENTENARIO FUNDACION. FERIADO. DECLARACION.",10152,0,0
1998-07-31,16991,https://parlamento.gub.uy/documentosyleyes/leyes/ley/16991,https://www.impo.com.uy/bases/leyes/16991-1998,"IMPUESTO TRASMISIONES PATRIMONIALES. COOPERATIVAS VIVIENDA Y SOCIEDADES  CIVILES. EXONERACION.",8389,5,0
1998-07-23,16990,https://parlamento.gub.uy/documentosyleyes/leyes/ley/16990,https://www.impo.com.uy/bases/leyes/16990-1998,"EJERCITO EE.UU. INTEGRANTES. INGRESO PAIS. AUTORIZACION.",9972,0,0
1998-07-23,16989,https://parlamento.gub.uy/documentosyleyes/leyes/ley/16989,https://www.impo.com.uy/bases/leyes/16989-1998,"OPERACION UNITAS XXXIX (1998). REALIZACION. AUTORIZACION.",10517,0,0
1998-07-23,16988,https://parlamento.gub.uy/documentosyleyes/leyes/ley/16988,https://www.impo.com.uy/bases/leyes/16988-1998,"BENITEZ, Francisco; FERRO DE ROSA, Vicente; MAREGA, Italo;SARLI, Hermes.  PENSIONES GRACIABLES. OTORGAMIENTO.",9172,0,0
1998-07-22,16987,https://parlamento.gub.uy/documentosyleyes/leyes/ley/16987,https://www.impo.com.uy/bases/leyes/16987-1998,"DIA INGENIERO AGRONOMO. DECLARACION.",2324,0,0
1998-07-22,16986,https://parlamento.gub.uy/documentosyleyes/leyes/ley/16986,https://www.impo.com.uy/bases/leyes/16986-1998,"AUTOMOVILES LISIADOS. IMPORTACION. REGIMEN. MODIFICACION.",7323,2,1
1998-07-22,16985,https://parlamento.gub.uy/documentosyleyes/leyes/ley/16985,https://www.impo.com.uy/bases/leyes/16985-1998,"MUSEO FRANCISCO MAZZONI (MALDONADO). ENAJENACION INMUEBLE. AUTORIZACION.",5413,0,0
1998-07-22,16984,https://parlamento.gub.uy/documentosyleyes/leyes/ley/16984,https://www.impo.com.uy/bases/leyes/16984-1998,"SARAVIA, Aparicio. ESCUELA MONTEVIDEO. DENOMINACION.",9139,0,0
1998-07-22,16983,https://parlamento.gub.uy/documentosyleyes/leyes/ley/16983,https://www.impo.com.uy/bases/leyes/16983-1998,"SUAREZ (CANELONES). CIUDAD. DECLARATORIA.",2002,0,0
1998-07-17,16982,https://parlamento.gub.uy/documentosyleyes/leyes/ley/16982,https://www.impo.com.uy/bases/leyes/16982-1998,"CODIGO PROCESO PENAL. VIGENCIA. PRORROGA.",10577,1,0
1998-07-14,16981,https://parlamento.gub.uy/documentosyleyes/leyes/ley/16981,https://www.impo.com.uy/bases/leyes/16981-1998,"CURTO, Sergio. PENSION GRACIABLE. OTORGAMIENTO.",9735,0,0
1998-07-06,16980,https://parlamento.gub.uy/documentosyleyes/leyes/ley/16980,https://www.impo.com.uy/bases/leyes/16980-1998,"BAYSE, Nelly. PENSION GRACIABLE. OTORGAMIENTO.",9154,0,0
1998-07-06,16979,https://parlamento.gub.uy/documentosyleyes/leyes/ley/16979,https://www.impo.com.uy/bases/leyes/16979-1998,"ISLAS CANARIAS. ESCUELA (MONTEVIDEO). DENOMINACION.",7398,0,0
1998-07-02,16978,https://parlamento.gub.uy/documentosyleyes/leyes/ley/16978,https://www.impo.com.uy/bases/leyes/16978-1998,"AGROPECUARIA. IMPUESTOS. REGIMEN. MODIFICACION.",9247,2,0
1998-06-24,16977,https://parlamento.gub.uy/documentosyleyes/leyes/ley/16977,https://www.impo.com.uy/bases/leyes/16977-1998,"INMUEBLE MEC CARDONA (SORIANO). TRANSFERENCIA A INTENDENCIA SORIANO.",7565,0,0
1998-06-24,16976,https://parlamento.gub.uy/documentosyleyes/leyes/ley/16976,https://www.impo.com.uy/bases/leyes/16976-1998,"OPERACION CEIBO 1998. INTEGRANTES EJERCITO. SALIDA PAIS. AUTORIZACION.",10113,0,0
1998-06-15,16975,https://parlamento.gub.uy/documentosyleyes/leyes/ley/16975,https://www.impo.com.uy/bases/leyes/16975-1998,"BARBOZA, Eladio. PENSION GRACIABLE. OTORGAMIENTO.",9487,0,0
1998-06-15,16974,https://parlamento.gub.uy/documentosyleyes/leyes/ley/16974,https://www.impo.com.uy/bases/leyes/16974-1998,"BURGOS BORCHE, Nol M. CENTRO SALUD MELO (CERRO LARGO). DENOMINACION.",2282,0,0
1998-06-15,16973,https://parlamento.gub.uy/documentosyleyes/leyes/ley/16973,https://www.impo.com.uy/bases/leyes/16973-1998,"ARMAS NOCIVAS O EFECTOS INDISCRIMINADOS. CONVENCION ONU PROTOCOLO (IV).  APROBACION.",6932,0,0
1998-06-15,16972,https://parlamento.gub.uy/documentosyleyes/leyes/ley/16972,https://www.impo.com.uy/bases/leyes/16972-1998,"MEXICO-URUGUAY. REPRESION TRAFICO ILICITO DROGAS. CONVENIO. APROBACION.",7585,0,0
1998-06-15,16971,https://parlamento.gub.uy/documentosyleyes/leyes/ley/16971,https://www.impo.com.uy/bases/leyes/16971-1998,"MERCOSUR. COOPERACION Y ASISTENCIA JURIDICCIONAL EN MATERIA CIVIL, COMERCIAL,  LABORAL Y ADMINISTRATIVA. PROTOCOLO. APROBACION.",95009,0,0
1998-06-10,16970,https://parlamento.gub.uy/documentosyleyes/leyes/ley/16970,https://www.impo.com.uy/bases/leyes/16970-1998,"FUNCIONARIOS PUBLICOS EN COMISION. BENEFICIOS JUBILATORIOS. INTERPRETACION.",9165,2,0
1998-06-10,16969,https://parlamento.gub.uy/documentosyleyes/leyes/ley/16969,https://www.impo.com.uy/bases/leyes/16969-1998,"CERTIFICADO UNICO ESPECIAL BPS. ENAJENACION INMUEBLES MEVIR. EXONERACION.",8349,3,1
1998-06-10,16968,https://parlamento.gub.uy/documentosyleyes/leyes/ley/16968,https://www.impo.com.uy/bases/leyes/16968-1998,"ARMAS, MINAS Y OTROS. EMPLEO. RESTRICCION. CONVENIO. ENMIENDA. APROBACION.",6776,0,0
1998-06-10,16967,https://parlamento.gub.uy/documentosyleyes/leyes/ley/16967,https://www.impo.com.uy/bases/leyes/16967-1998,"UNION INTERNACIONAL TELECUMICACIONES (UIT). CONVENIO. ENMIENDAS. APROBACION.",4892,0,0
1998-06-09,16966,https://parlamento.gub.uy/documentosyleyes/leyes/ley/16966,https://www.impo.com.uy/bases/leyes/16966-1998,"MARIÑO, Nibia. PENSION GRACIABLE. OTORGAMIENTO.",6462,0,0
1998-06-05,16965,https://parlamento.gub.uy/documentosyleyes/leyes/ley/16965,https://www.impo.com.uy/bases/leyes/16965-1998,"VENEZUELA-URUGUAY. COOPERACION CONTROL, PREVENCION Y REPRESION TRAFICO  ILICITO DROGAS. CONVENIO. APROBACION.",7836,0,0
1998-06-05,16964,https://parlamento.gub.uy/documentosyleyes/leyes/ley/16964,https://www.impo.com.uy/bases/leyes/16964-1998,"CENTRO COOPERACION EDUCACION AMERICA Y CARIBE (CREFAL). COOPERACION REGIONAL.  CONVENIO. APROBACION.",92798,0,1
1998-05-15,16963,https://parlamento.gub.uy/documentosyleyes/leyes/ley/16963,https://www.impo.com.uy/bases/leyes/16963-1998,"MERCOSUR. FORMACION RECURSOS HUMANOS NIVEL POST-GRADO. PROTOCOLO. APROBACION.",8488,0,0
1998-05-14,16962,https://parlamento.gub.uy/documentosyleyes/leyes/ley/16962,https://www.impo.com.uy/bases/leyes/16962-1998,"PAULLIER, Ecilda (SAN JOSE). ANIVERSARIO FUNDACION. FERIADO. DECLARACION.",10059,0,0
1998-05-14,16961,https://parlamento.gub.uy/documentosyleyes/leyes/ley/16961,https://www.impo.com.uy/bases/leyes/16961-1998,"LAVALLEJA, Juan Antonio y RESISTENCIA. BATALLONES INFANTERIA Nº 2 Y 11.  DENOMINACION.",7059,0,0
1998-05-14,16960,https://parlamento.gub.uy/documentosyleyes/leyes/ley/16960,https://www.impo.com.uy/bases/leyes/16960-1998,"GALICIA. ESCUELA MONTEVIDEO (DPTO). DENOMINACION.",7410,0,0
1998-05-14,16959,https://parlamento.gub.uy/documentosyleyes/leyes/ley/16959,https://www.impo.com.uy/bases/leyes/16959-1998,"REPUBLICA DE SUDAFRICA. ESCUELA MONTEVIDEO (DPTO). DENOMINACION.",7412,0,0
1998-05-14,16958,https://parlamento.gub.uy/documentosyleyes/leyes/ley/16958,https://www.impo.com.uy/bases/leyes/16958-1998,"CANADA. ESCUELA FLORIDA (DPTO). DENOMINACION.",8544,0,0
1998-05-14,16957,https://parlamento.gub.uy/documentosyleyes/leyes/ley/16957,https://www.impo.com.uy/bases/leyes/16957-1998,"CUELLO, Elina. ESCUELA (CANELONES). DENOMINACION.",4690,0,0
1998-05-14,16956,https://parlamento.gub.uy/documentosyleyes/leyes/ley/16956,https://www.impo.com.uy/bases/leyes/16956-1998,"BORCHE DE FERNANDEZ, Dorila.ESCUELA RURAL (CANELONES).DENOMINACION.",3401,0,0
1998-05-14,16955,https://parlamento.gub.uy/documentosyleyes/leyes/ley/16955,https://www.impo.com.uy/bases/leyes/16955-1998,"BALZO, Hugo.ESCUELA MUSICA MONTEVIDEO.DENOMINACION.",7058,0,0
1998-05-14,16954,https://parlamento.gub.uy/documentosyleyes/leyes/ley/16954,https://www.impo.com.uy/bases/leyes/16954-1998,"ARTIGAS, Manuel Francisco.ESCUELA FLORIDA.DENOMINACION.",6165,0,0
1998-05-14,16953,https://parlamento.gub.uy/documentosyleyes/leyes/ley/16953,https://www.impo.com.uy/bases/leyes/16953-1998,"GARCIA, Nicasio.ESCUELA TECNICA (MONTEVIDEO).DENOMINACION.",7369,0,0
1998-05-14,16952,https://parlamento.gub.uy/documentosyleyes/leyes/ley/16952,https://www.impo.com.uy/bases/leyes/16952-1998,"PUMAR DE GONZALEZ, Dora.JARDIN DE INFANTES PROGRESO (CANELONES).DENOMINACION.",94384,0,0
1998-05-14,16951,https://parlamento.gub.uy/documentosyleyes/leyes/ley/16951,https://www.impo.com.uy/bases/leyes/16951-1998,"CURVA DE BRUSCHI ESCUELA CANELONES (DPTO.).DENOMINACION.",3173,0,0
1998-05-14,16950,https://parlamento.gub.uy/documentosyleyes/leyes/ley/16950,https://www.impo.com.uy/bases/leyes/16950-1998,"LOPEZ TOLEDO, Manuel.ESCUELA PIRARAJA (LAVALLEJA).DENOMINACION.",2430,0,0
1998-05-14,16949,https://parlamento.gub.uy/documentosyleyes/leyes/ley/16949,https://www.impo.com.uy/bases/leyes/16949-1998,"IGLESIAS, Gilberto.LICEO PROGRESO (CANELONES).DENOMINACION.",4750,0,0
1998-05-14,16948,https://parlamento.gub.uy/documentosyleyes/leyes/ley/16948,https://www.impo.com.uy/bases/leyes/16948-1998,"SUECIA.ESCUELA ESPECIAL LAS PIEDRAS (CANELONES).DENOMINACION.",4895,0,0
1998-05-14,16947,https://parlamento.gub.uy/documentosyleyes/leyes/ley/16947,https://www.impo.com.uy/bases/leyes/16947-1998,"CUENCA, Melchora.ESCUELA RURAL CERRO VERA (SALTO).DENOMINACION.",96697,0,0
1998-05-14,16946,https://parlamento.gub.uy/documentosyleyes/leyes/ley/16946,https://www.impo.com.uy/bases/leyes/16946-1998,"UBEDA, Manuel.ESCUELA MUSICA FLORES (DPTO.).DENOMINACION.",7405,0,0
1998-05-14,16945,https://parlamento.gub.uy/documentosyleyes/leyes/ley/16945,https://www.impo.com.uy/bases/leyes/16945-1998,"GARDEL, Carlos.ESCUELA VALLE EDEN (TACUAREMBO).DENOMINACION.",8649,0,0
1998-05-14,16944,https://parlamento.gub.uy/documentosyleyes/leyes/ley/16944,https://www.impo.com.uy/bases/leyes/16944-1998,"JAPON.ESCUELA (FLORIDA).DENOMINACION.",5422,0,0
1998-05-14,16943,https://parlamento.gub.uy/documentosyleyes/leyes/ley/16943,https://www.impo.com.uy/bases/leyes/16943-1998,"MORQUIO, Luis.ESCUELA (COLONIA).DENOMINACION.",6461,0,0
1998-05-14,16942,https://parlamento.gub.uy/documentosyleyes/leyes/ley/16942,https://www.impo.com.uy/bases/leyes/16942-1998,"IBIRAY.ESCUELA SORIANO.DENOMINACION.",6264,0,0
1998-05-14,16941,https://parlamento.gub.uy/documentosyleyes/leyes/ley/16941,https://www.impo.com.uy/bases/leyes/16941-1998,"CURBELO, Felipe Andrés.ESCUELA RURAL (CANELONES).DENOMINACION.",4385,0,0
1998-05-14,16940,https://parlamento.gub.uy/documentosyleyes/leyes/ley/16940,https://www.impo.com.uy/bases/leyes/16940-1998,"MARTINEZ OYANGUREN, Julio.ESCUELA DURAZNO (DPTO.).DENOMINACION.",6460,0,0
1998-05-14,16939,https://parlamento.gub.uy/documentosyleyes/leyes/ley/16939,https://www.impo.com.uy/bases/leyes/16939-1998,"COLLAZO, Florencio.LICEO (MALDONADO).DENOMINACION.",2860,0,0
1998-05-14,16938,https://parlamento.gub.uy/documentosyleyes/leyes/ley/16938,https://www.impo.com.uy/bases/leyes/16938-1998,"CALANDRIA, Juan Omar.ESCUELA (CANELONES).DENOMINACION.",4817,0,0
1998-05-14,16937,https://parlamento.gub.uy/documentosyleyes/leyes/ley/16937,https://www.impo.com.uy/bases/leyes/16937-1998,"PERCOVICH, José.ESCUELA RURAL (CANELONES).DENOMINACION.",89732,0,0
1998-05-14,16936,https://parlamento.gub.uy/documentosyleyes/leyes/ley/16936,https://www.impo.com.uy/bases/leyes/16936-1998,"FALERO, Juan María.LICEO SAN BAUTISTA (CANELONES).DENOMINACION.",6616,0,0
1998-05-14,16935,https://parlamento.gub.uy/documentosyleyes/leyes/ley/16935,https://www.impo.com.uy/bases/leyes/16935-1998,"MONGRELL MONACO, Enrique Vicente.PLAZA DEPORTES SAN JAVIER (RIO  NEGRO).DENOMINACION.",7779,0,0
1998-05-14,16934,https://parlamento.gub.uy/documentosyleyes/leyes/ley/16934,https://www.impo.com.uy/bases/leyes/16934-1998,"VIGIL, Constancio C. ESCUELA Nº 88 ROCHA.DENOMINACION.",8673,0,0
1998-05-14,16933,https://parlamento.gub.uy/documentosyleyes/leyes/ley/16933,https://www.impo.com.uy/bases/leyes/16933-1998,"ORIBE, Manuel.ESCUELA SAN JOSE (DPTO.).DENOMINACION.",7402,0,0
1998-05-14,16932,https://parlamento.gub.uy/documentosyleyes/leyes/ley/16932,https://www.impo.com.uy/bases/leyes/16932-1998,"AUSTRALIA ESCUELA (MONTEVIDEO).DENOMINACION.",6889,0,0
1998-05-14,16931,https://parlamento.gub.uy/documentosyleyes/leyes/ley/16931,https://www.impo.com.uy/bases/leyes/16931-1998,"BORBA, Dorsalina.ESCUELA RURAL PINTADITO (ARTIGAS).DENOMINACION.",8543,0,0
1998-04-20,16930,https://parlamento.gub.uy/documentosyleyes/leyes/ley/16930,https://www.impo.com.uy/bases/leyes/16930-1998,"MERCOSUR.PROTOCOLO MEDIDAS CAUTELARES.APROBACION.",6929,0,0
1998-04-13,16929,https://parlamento.gub.uy/documentosyleyes/leyes/ley/16929,https://www.impo.com.uy/bases/leyes/16929-1998,"PENSION VEJEZ O INVALIDEZ.DERECHO RESIDENTES FRONTERA CON BRASIL.",3171,0,0
1998-04-03,16928,https://parlamento.gub.uy/documentosyleyes/leyes/ley/16928,https://www.impo.com.uy/bases/leyes/16928-1998,"RECLUSOS.SALIDAS TRANSITORIAS.REGIMEN.MODIFICACION.",6774,2,1
1998-03-28,16927,https://parlamento.gub.uy/documentosyleyes/leyes/ley/16927,https://www.impo.com.uy/bases/leyes/16927-1998,"BARCO ARMADA ROU CAPITAN MIRANDA.SALIDA PAIS.AUTORIZACION.",9523,0,0
1998-03-26,16926,https://parlamento.gub.uy/documentosyleyes/leyes/ley/16926,https://www.impo.com.uy/bases/leyes/16926-1998,"OPERACION AGUAS CLARAS. BARCO BARREMINAS ROU TEMERARIO Y FORTUNA. SALIDA  PAIS. AUTORIZACION.",9586,0,0
1998-03-25,16925,https://parlamento.gub.uy/documentosyleyes/leyes/ley/16925,https://www.impo.com.uy/bases/leyes/16925-1998,"REPUBLICA DE ARMENIA.ESCUELA RURAL (SALTO).DENOMINACION.",4734,0,0
1998-03-25,16924,https://parlamento.gub.uy/documentosyleyes/leyes/ley/16924,https://www.impo.com.uy/bases/leyes/16924-1998,"POIARKOV DE DIEGUEZ, Valentina.LICEO SAN JAVIER (RIO NEGRO).DENOMINACION.",7177,0,0
1998-03-25,16923,https://parlamento.gub.uy/documentosyleyes/leyes/ley/16923,https://www.impo.com.uy/bases/leyes/16923-1998,"PINO, Práxedes.ESCUELA EL COLORADO (CANELONES).DENOMINACION.",98579,0,0
1998-03-25,16922,https://parlamento.gub.uy/documentosyleyes/leyes/ley/16922,https://www.impo.com.uy/bases/leyes/16922-1998,"REPUBLICA VENEZUELA.ESCUELA MONTEVIDEO.DENOMINACION.",8009,0,1
1998-03-25,16921,https://parlamento.gub.uy/documentosyleyes/leyes/ley/16921,https://www.impo.com.uy/bases/leyes/16921-1998,"LAGO MIRABALLES, Braulio. LICEO VERGARA (TREINTA Y TRES).DENOMINACION.",5329,0,0
1998-03-25,16920,https://parlamento.gub.uy/documentosyleyes/leyes/ley/16920,https://www.impo.com.uy/bases/leyes/16920-1998,"MONEDAS.ACUÑACION.BANCO CENTRAL.AUTORIZACION.",8393,1,0
1998-03-18,16919,https://parlamento.gub.uy/documentosyleyes/leyes/ley/16919,https://www.impo.com.uy/bases/leyes/16919-1998,"CANOSA HORS, María Marta Celina.PENSION GRACIABLE.OTORGAMIENTO.",8292,0,0
1998-03-18,16918,https://parlamento.gub.uy/documentosyleyes/leyes/ley/16918,https://www.impo.com.uy/bases/leyes/16918-1998,"DIEZ RAMIREZ, María Luisa.PENSION GRACIABLE.OTORGAMIENTO.",8122,0,0
1998-03-18,16917,https://parlamento.gub.uy/documentosyleyes/leyes/ley/16917,https://www.impo.com.uy/bases/leyes/16917-1998,"BERNASCONI, Paola Y GUIROTANE IRIGOYEN, Myriam.PENSION  GRACIABLE.OTORGAMIENTO.",8120,0,0
1998-03-18,16916,https://parlamento.gub.uy/documentosyleyes/leyes/ley/16916,https://www.impo.com.uy/bases/leyes/16916-1998,"VERDIE DE AMENDOLA, Laura.PENSION GRACIABLE.OTORGAMIENTO.",7718,0,0
1998-03-18,16915,https://parlamento.gub.uy/documentosyleyes/leyes/ley/16915,https://www.impo.com.uy/bases/leyes/16915-1998,"MARTINES CANIÑO, Daniel.PENSION GRACIABLE.OTORGAMIENTO.",8395,0,0
1998-03-11,16914,https://parlamento.gub.uy/documentosyleyes/leyes/ley/16914,https://www.impo.com.uy/bases/leyes/16914-1998,"TREINTA Y TRES ORIENTALES ESCUELA (LAVALLEJA). DENOMINACION.",6890,0,0
1998-03-11,16913,https://parlamento.gub.uy/documentosyleyes/leyes/ley/16913,https://www.impo.com.uy/bases/leyes/16913-1998,"BELLINI BRILLADA, Haydeé.LICEO VILLA RODRIGUEZ (SAN JOSE).",2007,0,0
1998-03-11,16912,https://parlamento.gub.uy/documentosyleyes/leyes/ley/16912,https://www.impo.com.uy/bases/leyes/16912-1998,"ARISTIMUÑO MENDARO, Simeon Eladio.LICEO CHUY (ROCHA).DENOMINACION.",5421,0,0
1998-02-13,16911,https://parlamento.gub.uy/documentosyleyes/leyes/ley/16911,https://www.impo.com.uy/bases/leyes/16911-1998,"POLICIAS.APORTES BPS.REGIMEN.MODIFICACION.",9301,2,0
1998-01-09,16910,https://parlamento.gub.uy/documentosyleyes/leyes/ley/16910,https://www.impo.com.uy/bases/leyes/16910-1998,"REGISTRO CIVICO NACIONAL. MODIFICIACION.",7319,1,2
1998-01-09,16909,https://parlamento.gub.uy/documentosyleyes/leyes/ley/16909,https://www.impo.com.uy/bases/leyes/16909-1998,"LAGO, Julio.JARDIN INFANTES Nº 251 SANTA LUCIA (CANELONES).DESIGNACION.",3775,0,0
1998-01-09,16908,https://parlamento.gub.uy/documentosyleyes/leyes/ley/16908,https://www.impo.com.uy/bases/leyes/16908-1998,"SARAVIA, Aparicio.ESCUELA Nº9 TUPAMBAE (CERRO LARGO).DESIGNACION.",5342,0,0
1998-01-09,16907,https://parlamento.gub.uy/documentosyleyes/leyes/ley/16907,https://www.impo.com.uy/bases/leyes/16907-1998,"MAQUINARIA VIAL. ADQUISICION INTENDENCIA MUNICIPALES. FINANCIACION.",8485,1,0
1998-01-07,16906,https://parlamento.gub.uy/documentosyleyes/leyes/ley/16906,https://www.impo.com.uy/bases/leyes/16906-1998,"INVERSIONES NACIONALES Y EXTRANJERAS. PROMOCION Y PROTECCION. REGIMEN.",3858,12,30
1998-01-02,16905,https://parlamento.gub.uy/documentosyleyes/leyes/ley/16905,https://www.impo.com.uy/bases/leyes/16905-1998,"LA CUMPARSITA. HIMNO CULTURAL Y POPULAR. DECLARACION.",6963,0,0
1997-12-31,16904,https://parlamento.gub.uy/documentosyleyes/leyes/ley/16904,https://www.impo.com.uy/bases/leyes/16904-1997,"IMPUESTO RETRIBUCIONES PERSONALES. ESCALA MONTOS IMPONIBLES. MODIFICACION.",8317,3,1
1997-12-31,16903,https://parlamento.gub.uy/documentosyleyes/leyes/ley/16903,https://www.impo.com.uy/bases/leyes/16903-1997,"SUELDOS FUNCIONARIOS PUBLICOS Y CUOTAS BANCO HIPOTECARIO.AJUSTES.MODIFICACION",7775,3,3
1997-12-26,16902,https://parlamento.gub.uy/documentosyleyes/leyes/ley/16902,https://www.impo.com.uy/bases/leyes/16902-1997,"BANCO SEGUROS ESTADO.ENAJENACION INMUEBLES.AUTORIZACION.",7782,2,0
1997-12-26,16901,https://parlamento.gub.uy/documentosyleyes/leyes/ley/16901,https://www.impo.com.uy/bases/leyes/16901-1997,"REGISTROS PUBLICOS.FUNCIONAMIENTO Y ORGANIZACION.VIGENCIA.PRORROGA.",9225,1,0
1997-12-26,16900,https://parlamento.gub.uy/documentosyleyes/leyes/ley/16900,https://www.impo.com.uy/bases/leyes/16900-1997,"JUNTAS LOCALES AUTONOMAS Y ELECTIVAS.INTEGRACION.",8618,0,0
1997-12-21,16899,https://parlamento.gub.uy/documentosyleyes/leyes/ley/16899,https://www.impo.com.uy/bases/leyes/16899-1997,"MOZOS CORDEL PUERTOS MONTEVIDEO Y COLONIA.ACTIVIDAD.REGLAMENTACION.",7226,8,0
1997-12-19,16898,https://parlamento.gub.uy/documentosyleyes/leyes/ley/16898,https://www.impo.com.uy/bases/leyes/16898-1997,"EJES(IMPUESTO).INCUMPLIMIENTO PAGO.SANCION.EXONERACION.",8124,4,0
1997-12-17,16897,https://parlamento.gub.uy/documentosyleyes/leyes/ley/16897,https://www.impo.com.uy/bases/leyes/16897-1997,"DECEJA, Renée.PENSION GRACIABLE.OTORGAMIENTO.",7921,0,0
1997-12-16,16896,https://parlamento.gub.uy/documentosyleyes/leyes/ley/16896,https://www.impo.com.uy/bases/leyes/16896-1997,"PIRIA, Olga.PENSION GRACIABLE.OTORGAMIENTO.",7920,0,0
1997-12-16,16895,https://parlamento.gub.uy/documentosyleyes/leyes/ley/16895,https://www.impo.com.uy/bases/leyes/16895-1997,"DE HERRERA, Luis Alberto.ESCUELA MONTEVIDEO.DENOMINACION.",1860,0,0
1997-12-16,16894,https://parlamento.gub.uy/documentosyleyes/leyes/ley/16894,https://www.impo.com.uy/bases/leyes/16894-1997,"ALFARO SILVA, Walter.PENSION GRACIABLE.OTORGAMIENTO.",6654,0,0
1997-12-16,16893,https://parlamento.gub.uy/documentosyleyes/leyes/ley/16893,https://www.impo.com.uy/bases/leyes/16893-1997,"CODIGO PROCESO PENAL.APROBACION.",3051,4,5
1997-12-12,16892,https://parlamento.gub.uy/documentosyleyes/leyes/ley/16892,https://www.impo.com.uy/bases/leyes/16892-1997,"PEDROZA, Edgardo.PENSION GRACIABLE.OTORGAMIENTO.",7923,0,0
1997-12-12,16891,https://parlamento.gub.uy/documentosyleyes/leyes/ley/16891,https://www.impo.com.uy/bases/leyes/16891-1997,"ACTOS ILICITOS VIOLENCIA AEROPUERTOS INTERNACIONALES. REPRESION. CONVENIO.  APROBACION.",1708,0,0
1997-11-20,16890,https://parlamento.gub.uy/documentosyleyes/leyes/ley/16890,https://www.impo.com.uy/bases/leyes/16890-1997,"MERCOSUR. INTEGRACION EDUCATIVA, REVALIDA CERTIFICADOS, DIPLOMAS, TITULOS Y  RECONOCIMIENTO ESTUDIOS NIVEL MEDIO. CONVENIO. APROBACION.",3467,0,0
1997-11-19,16889,https://parlamento.gub.uy/documentosyleyes/leyes/ley/16889,https://www.impo.com.uy/bases/leyes/16889-1997,"CAMPAÑA ANTARTICA 1996. BARCO ARMADA ROU VANGUARDIA. SALIDA PAIS.  AUTORIZACION.",8584,0,0
1997-11-17,16888,https://parlamento.gub.uy/documentosyleyes/leyes/ley/16888,https://www.impo.com.uy/bases/leyes/16888-1997,"BARCOS ARMADA ROU General ARTIGAS Y ROU Comandante Pedro CAMPBELL. VIAJE FIN  CURSO. SALIDA PAIS. AUTORIZACION.",8741,0,0
1997-11-17,16887,https://parlamento.gub.uy/documentosyleyes/leyes/ley/16887,https://www.impo.com.uy/bases/leyes/16887-1997,"BRENTA, Juan José.PENSION GRACIABLE.OTORGAMIENTO.",7922,0,0
1997-11-15,16886,https://parlamento.gub.uy/documentosyleyes/leyes/ley/16886,https://www.impo.com.uy/bases/leyes/16886-1997,"RUMANIA-URUGUAY. COMERCIO. CONVENIO. APROBACION.",7716,0,0
1997-11-14,16885,https://parlamento.gub.uy/documentosyleyes/leyes/ley/16885,https://www.impo.com.uy/bases/leyes/16885-1997,"GOBIERNOS DEPARTAMENTALES.CONTRATACION TERCEROS Y USO VEHICULOS TRANSPORTE. AUTORIZACION.APLICACION NORMAS.",5048,2,0
1997-11-10,16884,https://parlamento.gub.uy/documentosyleyes/leyes/ley/16884,https://www.impo.com.uy/bases/leyes/16884-1997,"TITULOS AHORRO PREVISIONAL.EMISION.REGIMEN.MODIFICACION.",7318,2,0
1997-11-10,16883,https://parlamento.gub.uy/documentosyleyes/leyes/ley/16883,https://www.impo.com.uy/bases/leyes/16883-1997,"TRABAJADOR RURAL. APORTES BPS. MODIFICACION.",5317,6,4
1997-10-24,16882,https://parlamento.gub.uy/documentosyleyes/leyes/ley/16882,https://www.impo.com.uy/bases/leyes/16882-1997,"MICRO Y PEQUEÑA EMPRESA. PROGRAMA APOYO CND. CREACION.",7622,1,1
1997-10-21,16881,https://parlamento.gub.uy/documentosyleyes/leyes/ley/16881,https://www.impo.com.uy/bases/leyes/16881-1997,"CHINA-URUGUAY. INVERSIONES. PROMOCION Y PROTECCION RECIPROCA. CONVENIO.  APROBACION.",1936,0,0
1997-10-21,16880,https://parlamento.gub.uy/documentosyleyes/leyes/ley/16880,https://www.impo.com.uy/bases/leyes/16880-1997,"LEDESMA, Manuel Antonio.TRASLADO RESTOS MONUMENTO BATALLA LAS PIEDRAS Y  SOLDADO ORIENTAL.",8293,0,0
1997-10-21,16879,https://parlamento.gub.uy/documentosyleyes/leyes/ley/16879,https://www.impo.com.uy/bases/leyes/16879-1997,"CONTRATO COMPRAVENTA INTERNACIONAL MERCADERIAS. CONVENIO ONU. APROBACION.",95815,0,0
1997-10-14,16878,https://parlamento.gub.uy/documentosyleyes/leyes/ley/16878,https://www.impo.com.uy/bases/leyes/16878-1997,"RENDICION CUENTAS 1996. APROBACION.",7783,0,0
1997-10-14,16877,https://parlamento.gub.uy/documentosyleyes/leyes/ley/16877,https://www.impo.com.uy/bases/leyes/16877-1997,"OPERACION UNITAS XXXVIII (1997. REALIZACION. AUTORIZACION.",8123,0,0
1997-10-10,16876,https://parlamento.gub.uy/documentosyleyes/leyes/ley/16876,https://www.impo.com.uy/bases/leyes/16876-1997,"OEA(CARTA).REFORMAS.PROTOCOLO WASHINGTON.APROBACION.",1419,0,0
1997-10-10,16875,https://parlamento.gub.uy/documentosyleyes/leyes/ley/16875,https://www.impo.com.uy/bases/leyes/16875-1997,"REGIMIENTO CABALLERIA MECANIZADO ""MARECHAL JOSE PESSOA""(YAGUARON-BRASIL).IN-
GRESO PAIS.AUTORIZACION.",8294,0,0
1997-10-06,16874,https://parlamento.gub.uy/documentosyleyes/leyes/ley/16874,https://www.impo.com.uy/bases/leyes/16874-1997,"OPERACION CRUZ DEL SUR 97. INTEGRANTES EJERCITO NACIONAL. SALIDA PAIS.  AUTORIZACION.",8060,0,0
1997-10-03,16873,https://parlamento.gub.uy/documentosyleyes/leyes/ley/16873,https://www.impo.com.uy/bases/leyes/16873-1997,"JOVENES.CONTRATOS TRABAJO.FOMENTO.",4494,2,5
1997-10-01,16872,https://parlamento.gub.uy/documentosyleyes/leyes/ley/16872,https://www.impo.com.uy/bases/leyes/16872-1997,"MIÑOS, Walter A.(TENIENTE CORONEL RETIRADO).INCORPORACION RESERVA FUERZA AE-
REA.",6750,1,0
1997-09-28,16871,https://parlamento.gub.uy/documentosyleyes/leyes/ley/16871,https://www.impo.com.uy/bases/leyes/16871-1997,"REGISTROS PUBLICOS.FUNCIONAMIENTO.MODIFICACION.",3570,19,17
1997-09-25,16870,https://parlamento.gub.uy/documentosyleyes/leyes/ley/16870,https://www.impo.com.uy/bases/leyes/16870-1997,"IMEBA.PAGO.IMPUTACION A IMPUESTO PATRIMONIO.AUTORIZACION.",6204,0,2
1997-09-25,16869,https://parlamento.gub.uy/documentosyleyes/leyes/ley/16869,https://www.impo.com.uy/bases/leyes/16869-1997,"CODIGO TRIBUTARIO.RECARGOS POR MORA.REGIMEN.MODIFICACION.",6617,2,2
1997-09-23,16868,https://parlamento.gub.uy/documentosyleyes/leyes/ley/16868,https://www.impo.com.uy/bases/leyes/16868-1997,"REGISTROS PUBLICOS.LEY.INTERPRETACION.",8108,2,0
1997-09-19,16867,https://parlamento.gub.uy/documentosyleyes/leyes/ley/16867,https://www.impo.com.uy/bases/leyes/16867-1997,"DESECHOS PELIGROSOS. CONTROL FRONTERAS Y ELIMINACION. ENMIENDA CONVENIO  BASILEA. APROBACION.",6930,0,0
1997-09-12,16866,https://parlamento.gub.uy/documentosyleyes/leyes/ley/16866,https://www.impo.com.uy/bases/leyes/16866-1997,"DEUDOR BPS. FACILIDADES PAGO. OTORGAMIENTO.",7419,2,2
1997-09-12,16865,https://parlamento.gub.uy/documentosyleyes/leyes/ley/16865,https://www.impo.com.uy/bases/leyes/16865-1997,"POLONIA-URUGUAY. COOPERACION CULTURAL, CIENTIFICA Y EDUCACIONAL. CONVENIO.  APROBACION.",92291,0,0
1997-09-10,16864,https://parlamento.gub.uy/documentosyleyes/leyes/ley/16864,https://www.impo.com.uy/bases/leyes/16864-1997,"ESPAÑA-URUGUAY. COOPERACION JURIDICA. CONVENIO. APROBACION.",4220,0,0
1997-09-09,16863,https://parlamento.gub.uy/documentosyleyes/leyes/ley/16863,https://www.impo.com.uy/bases/leyes/16863-1997,"DE AVILA, Carlos María. PENSION GRACIABLE. OTORGAMIENTO.",6161,0,0
1997-09-09,16862,https://parlamento.gub.uy/documentosyleyes/leyes/ley/16862,https://www.impo.com.uy/bases/leyes/16862-1997,"ZORRILLA DE ESTRAZULAS, Guma. PENSION GRACIABLE. OTORGAMIENTO.",7320,0,0
1997-09-09,16861,https://parlamento.gub.uy/documentosyleyes/leyes/ley/16861,https://www.impo.com.uy/bases/leyes/16861-1997,"FUERZAS ARMADAS ESTADOS UNIDOS. INTEGRANTES. INGRESO PAIS. AUTORIZACION.",8051,0,0
1997-09-09,16860,https://parlamento.gub.uy/documentosyleyes/leyes/ley/16860,https://www.impo.com.uy/bases/leyes/16860-1997,"TRAFICO INTERNACIONAL MENORES. CONVENCION INTERAMERICANA (CIDIP V).  APROBACION.",1935,0,0
1997-09-05,16859,https://parlamento.gub.uy/documentosyleyes/leyes/ley/16859,https://www.impo.com.uy/bases/leyes/16859-1997,"REGIMIENTO CABALLERIA Nº7. CONCURRENCIA DESFILE CIVICO MILITAR YAGUARON  (BRASIL). AUTORIZACION.",8050,0,0
1997-09-03,16858,https://parlamento.gub.uy/documentosyleyes/leyes/ley/16858,https://www.impo.com.uy/bases/leyes/16858-1997,"RIEGO. DESTINO AGROPECUARIO. REGULACION.",4041,6,4
1997-08-22,16857,https://parlamento.gub.uy/documentosyleyes/leyes/ley/16857,https://www.impo.com.uy/bases/leyes/16857-1997,"ITALIA-URUGUAY. FOMENTO Y PROTECCION INVERSIONES. CONVENIO. APROBACION.",1705,0,0
1997-08-22,16856,https://parlamento.gub.uy/documentosyleyes/leyes/ley/16856,https://www.impo.com.uy/bases/leyes/16856-1997,"UNION ECONOMICA BELGO-LUXEMBURGUESA-URUGUAY. PROMOCION Y PROTECCION  INVERSIONES. CONVENIO. APROBACION.",81715,0,0
1997-08-20,16855,https://parlamento.gub.uy/documentosyleyes/leyes/ley/16855,https://www.impo.com.uy/bases/leyes/16855-1997,"SAN MARTIN, José de. BRIGADA INFANTERIA Nº2. COLONIA (DPTO). DENOMINACION.",7695,0,0
1997-08-19,16854,https://parlamento.gub.uy/documentosyleyes/leyes/ley/16854,https://www.impo.com.uy/bases/leyes/16854-1997,"GRIECO, Juan y Celia CATTALURDA de GRIECO. ESCUELA MUSICA SAN CARLOS  (MALDONADO). DENOMINACION.",1710,0,0
1997-08-14,16853,https://parlamento.gub.uy/documentosyleyes/leyes/ley/16853,https://www.impo.com.uy/bases/leyes/16853-1997,"EMPRESAS PUBLICAS (COMERCIALES E INDUSTRIALES). TASA INGRESOS. TRIBUNAL  CUENTAS. FIJACION.",7573,0,4
1997-07-16,16852,https://parlamento.gub.uy/documentosyleyes/leyes/ley/16852,https://www.impo.com.uy/bases/leyes/16852-1997,"ZORRILLA DE SAN MARTIN LLAMAS, Alejandro. TRAMO RUTA 79 SAN JOSE (DPTO).  DENOMINACION.",5108,0,0
1997-07-15,16851,https://parlamento.gub.uy/documentosyleyes/leyes/ley/16851,https://www.impo.com.uy/bases/leyes/16851-1997,"SEGUROS DESMONOPOLIZACION. REGIMEN.",3367,1,1
1997-07-15,16850,https://parlamento.gub.uy/documentosyleyes/leyes/ley/16850,https://www.impo.com.uy/bases/leyes/16850-1997,"NUÑEZ, María Clotilde. ESCUELA CANELONES (DPTO). DENOMINACION.",94395,0,0
1997-07-15,16849,https://parlamento.gub.uy/documentosyleyes/leyes/ley/16849,https://www.impo.com.uy/bases/leyes/16849-1997,"CAFASO, Juan. ESCUELA LA PALOMA (CANELONES). DENOMINACION.",98578,0,0
1997-07-15,16848,https://parlamento.gub.uy/documentosyleyes/leyes/ley/16848,https://www.impo.com.uy/bases/leyes/16848-1997,"AÑON GERIBON, Demetrio. ESCUELA RURAL CANELONES. DENOMINACION.",99405,0,0
1997-07-15,16847,https://parlamento.gub.uy/documentosyleyes/leyes/ley/16847,https://www.impo.com.uy/bases/leyes/16847-1997,"MALACRIDA, José. ESCUELA RURAL CANELONES (DPTO.). DENOMINACION.",1586,0,0
1997-07-15,16846,https://parlamento.gub.uy/documentosyleyes/leyes/ley/16846,https://www.impo.com.uy/bases/leyes/16846-1997,"VON METZEN-VINCENTI, Carlos. ESCUELA EMPALME OLMOS (CANELONES). DENOMINACION.",2103,0,0
1997-07-08,16845,https://parlamento.gub.uy/documentosyleyes/leyes/ley/16845,https://www.impo.com.uy/bases/leyes/16845-1997,"BATLLE Y ORDOÑEZ, José. ESCUELA MONTEVIDEO. DENOMINACION.",1861,0,0
1997-07-08,16844,https://parlamento.gub.uy/documentosyleyes/leyes/ley/16844,https://www.impo.com.uy/bases/leyes/16844-1997,"REGISTROS PUBLICOS. FUNCIONAMIENTO. ENTRADA EN VIGENCIA. PRORROGA.",7737,1,1
1997-07-07,16843,https://parlamento.gub.uy/documentosyleyes/leyes/ley/16843,https://www.impo.com.uy/bases/leyes/16843-1997,"ENCUENTRO DE DOS MUNDOS. MONEDAS CONMEMORATIVAS. ACUÑACION BANCO CENTRAL.  AUTORIZACION.",6107,1,0
1997-07-07,16842,https://parlamento.gub.uy/documentosyleyes/leyes/ley/16842,https://www.impo.com.uy/bases/leyes/16842-1997,"HONDURAS-URUGUAY. CULTURA. CONVENIO. APROBACION.",2403,0,0
1997-07-07,16841,https://parlamento.gub.uy/documentosyleyes/leyes/ley/16841,https://www.impo.com.uy/bases/leyes/16841-1997,"ORGANIZACION ESTADOS AMERICANOS (OEA). REFORMA. APROBACION.",1421,0,0
1997-07-03,16840,https://parlamento.gub.uy/documentosyleyes/leyes/ley/16840,https://www.impo.com.uy/bases/leyes/16840-1997,"ADJUDICATARIOS COMPRAS DIRECTAS Y LICITACIONES ORGANISMOS PUBLICOS. IMPUESTO.  DEROGACION.",5846,1,0
1997-07-03,16839,https://parlamento.gub.uy/documentosyleyes/leyes/ley/16839,https://www.impo.com.uy/bases/leyes/16839-1997,"XIRGU, Margarita. ESCUELA PASO DE LA ARENA (MONTEVIDEO). DENOMINACION.",2462,0,0
1997-07-01,16838,https://parlamento.gub.uy/documentosyleyes/leyes/ley/16838,https://www.impo.com.uy/bases/leyes/16838-1997,"SOCIEDADES COMERCIALES. ACCIONES PREFERIDAS. EMISION. AUTORIZACION.",5340,1,0
1997-06-27,16837,https://parlamento.gub.uy/documentosyleyes/leyes/ley/16837,https://www.impo.com.uy/bases/leyes/16837-1997,"ORIBE, Manuel. EDIFICIO CASA CENTRAL UNIVERSIDAD TRABAJO. DENOMINACION.",92608,0,0
1997-06-27,16836,https://parlamento.gub.uy/documentosyleyes/leyes/ley/16836,https://www.impo.com.uy/bases/leyes/16836-1997,"SIÑERIZ, Francisco. ESCUELA (RIVERA). DENOMINACION.",4733,0,0
1997-06-27,16835,https://parlamento.gub.uy/documentosyleyes/leyes/ley/16835,https://www.impo.com.uy/bases/leyes/16835-1997,"DE VIANA, Javier. LICEO LA PAZ (CANELONES). DENOMINACION.",97147,0,0
1997-06-27,16834,https://parlamento.gub.uy/documentosyleyes/leyes/ley/16834,https://www.impo.com.uy/bases/leyes/16834-1997,"AMEIGENDA. ESCUELA RURAL COSTA DE PANDO (CANELONES). DENOMINACION.",400,0,0
1997-06-20,16833,https://parlamento.gub.uy/documentosyleyes/leyes/ley/16833,https://www.impo.com.uy/bases/leyes/16833-1997,"IMPUESTO ENSEÑANZA PRIMARIA. REDUCCION INMUEBLES RURALES.",5316,2,0
1997-06-17,16832,https://parlamento.gub.uy/documentosyleyes/leyes/ley/16832,https://www.impo.com.uy/bases/leyes/16832-1997,"ADMINISTRACION MERCADO ELECTRICO (ADME). CREACION.",4325,7,4
1997-06-12,16831,https://parlamento.gub.uy/documentosyleyes/leyes/ley/16831,https://www.impo.com.uy/bases/leyes/16831-1997,"ORGANIZACION MARITIMA INTERNACIONAL (OMI). CONVENIO. ENMIENDAS. APROBACION.",92799,0,0
1997-05-30,16830,https://parlamento.gub.uy/documentosyleyes/leyes/ley/16830,https://www.impo.com.uy/bases/leyes/16830-1997,"OPERACION CEIBO 1997. INTEGRANTES EJERCITO ARGENTINO. INGRESO PAIS.  AUTORIZACION.",7136,0,0
1997-05-29,16829,https://parlamento.gub.uy/documentosyleyes/leyes/ley/16829,https://www.impo.com.uy/bases/leyes/16829-1997,"MERCOSUR-URUGUAY. SEDE SECRETARIA ADMINISTRATIVA MERCOSUR. CONVENIO.  APROBACION.",6988,0,0
1997-05-09,16828,https://parlamento.gub.uy/documentosyleyes/leyes/ley/16828,https://www.impo.com.uy/bases/leyes/16828-1997,"ANTEL. SERVICIOS TELECOMUNICACIONES. PRESTACION EXTERIOR.",5675,0,1
1997-05-07,16826,https://parlamento.gub.uy/documentosyleyes/leyes/ley/16826,https://www.impo.com.uy/bases/leyes/16826-1997,"MARINO, Esteban. PENSION GRACIABLE. OTORGAMIENTO.",6163,0,0
1997-05-07,16825,https://parlamento.gub.uy/documentosyleyes/leyes/ley/16825,https://www.impo.com.uy/bases/leyes/16825-1997,"CARAMBULA, Ruben. PENSION GRACIABLE. OTORGAMIENTO.",6162,0,0
1997-05-07,0,https://parlamento.gub.uy/documentosyleyes/leyes/ley/0,https://www.impo.com.uy/bases/leyes/0-1997,"MORELLI DE MONES, Silvia. PENSION GRACIABLE. OTORGAMIENTO.",5850,0,0
1997-04-30,16824,https://parlamento.gub.uy/documentosyleyes/leyes/ley/16824,https://www.impo.com.uy/bases/leyes/16824-1997,"JUBILACIONES ESPECIALES DECLARADAS INCONSTITUCIONALES. RESTABLECIMIENTO  PARCIAL. NORMAS.",6643,1,2
1997-04-29,16823,https://parlamento.gub.uy/documentosyleyes/leyes/ley/16823,https://www.impo.com.uy/bases/leyes/16823-1997,"CHILOTTE DE CABANO, María Matilde. PENSION GRACIABLE. OTORGAMIENTO.",5181,0,0
1997-04-24,16822,https://parlamento.gub.uy/documentosyleyes/leyes/ley/16822,https://www.impo.com.uy/bases/leyes/16822-1997,"DIA VETERINARIO (NACIONAL). DECLARACION.",1757,0,0
1997-04-23,16821,https://parlamento.gub.uy/documentosyleyes/leyes/ley/16821,https://www.impo.com.uy/bases/leyes/16821-1997,"COMISION ADMINISTRATIVA PODER LEGISLATIVO. INTEGRACION. FUNCIONAMIENTO.  NORMAS.",924,1,1
1997-04-23,16820,https://parlamento.gub.uy/documentosyleyes/leyes/ley/16820,https://www.impo.com.uy/bases/leyes/16820-1997,"RESPONSABILIDAD CIVIL DAÑOS CAUSADOS CONTAMINACION MAR POR HIDROCARBUROS.  FONDO INTERNACIONAL INDEMNIZACION HIDROCARBUROS. CREACION. CONVENIOS.  APROBACION.",6841,0,1
1997-04-16,16819,https://parlamento.gub.uy/documentosyleyes/leyes/ley/16819,https://www.impo.com.uy/bases/leyes/16819-1997,"GRAN BRETAÑA E IRLANDA NORTE-URUGUAY. PROTECCION INVERSIONES. CONVENIO.  APROBACION.",92553,0,0
1997-04-16,16818,https://parlamento.gub.uy/documentosyleyes/leyes/ley/16818,https://www.impo.com.uy/bases/leyes/16818-1997,"FRANCIA-URUGUAY. PROMOCION Y PROTECCION INVERSIONES. CONVENIO. APROBACION.",1938,0,0
1997-04-11,16817,https://parlamento.gub.uy/documentosyleyes/leyes/ley/16817,https://www.impo.com.uy/bases/leyes/16817-1997,"BRASIL-URUGUAY. COOPERACION MATERIA AMBIENTAL. CONVENIO. APROBACION.",92649,0,0
1997-04-11,16816,https://parlamento.gub.uy/documentosyleyes/leyes/ley/16816,https://www.impo.com.uy/bases/leyes/16816-1997,"FERTILIZANTES. IMPORTACION. DEROGACION. REQUISITO MGAP.",721,1,0
1997-04-07,16815,https://parlamento.gub.uy/documentosyleyes/leyes/ley/16815,https://www.impo.com.uy/bases/leyes/16815-1997,"BARCO ESCUELA ROU CAPITAN MIRANDA. SALIDA PAIS. AUTORIZACION.",6757,0,0
1997-03-21,16814,https://parlamento.gub.uy/documentosyleyes/leyes/ley/16814,https://www.impo.com.uy/bases/leyes/16814-1997,"POLICIA CIUDADANA. CREACION.",4219,2,1
1997-03-18,16813,https://parlamento.gub.uy/documentosyleyes/leyes/ley/16813,https://www.impo.com.uy/bases/leyes/16813-1997,"MERCADAL, Alfredo. JARDIN INFANTES PANDO (CANELONES). DENOMINACION.",6164,0,0
1997-03-14,16812,https://parlamento.gub.uy/documentosyleyes/leyes/ley/16812,https://www.impo.com.uy/bases/leyes/16812-1997,"BONOS TESORO Y LETRAS TESORERIA EN MONEDA EXTRANJERA. EMISION. TOPES.  MODIFICACION.",5968,3,5
1997-02-21,16811,https://parlamento.gub.uy/documentosyleyes/leyes/ley/16811,https://www.impo.com.uy/bases/leyes/16811-1997,"INSTITUTO SEMILLAS (NACIONAL). CREACION.",421,9,2
1996-12-27,16810,https://parlamento.gub.uy/documentosyleyes/leyes/ley/16810,https://www.impo.com.uy/bases/leyes/16810-1996,"HUGHES DE MOOR-DAVIE, Elena. PENSION GRACIABLE. OTORGAMIENTO.",4669,0,0
1996-12-27,16809,https://parlamento.gub.uy/documentosyleyes/leyes/ley/16809,https://www.impo.com.uy/bases/leyes/16809-1996,"GARINO, Esteban. PENSION GRACIABLE. OTORGAMIENTO.",4547,0,0
1996-12-27,16808,https://parlamento.gub.uy/documentosyleyes/leyes/ley/16808,https://www.impo.com.uy/bases/leyes/16808-1996,"VALLARINO, Elsa. PENSION GRACIABLE. OTORGAMIENTO.",4548,0,0
1996-12-26,16807,https://parlamento.gub.uy/documentosyleyes/leyes/ley/16807,https://www.impo.com.uy/bases/leyes/16807-1996,"GRAU, Anselmo. PENSION GRACIABLE. OTORGAMIENTO.",4545,0,0
1996-12-24,16806,https://parlamento.gub.uy/documentosyleyes/leyes/ley/16806,https://www.impo.com.uy/bases/leyes/16806-1996,"TRABAJADOR CAITEX S.A. SEGURO DESOCUPACION. PRORROGA.",6287,0,0
1996-12-24,16805,https://parlamento.gub.uy/documentosyleyes/leyes/ley/16805,https://www.impo.com.uy/bases/leyes/16805-1996,"FERIADOS NACIONALES. TRASLADO DIAS. REGIMEN.",1005,0,2
1996-12-23,16804,https://parlamento.gub.uy/documentosyleyes/leyes/ley/16804,https://www.impo.com.uy/bases/leyes/16804-1996,"SAENZ RIVERO, Elisa. ESCUELA RURAL (CANELONES). DENOMINACION.",81,0,0
1996-12-23,16803,https://parlamento.gub.uy/documentosyleyes/leyes/ley/16803,https://www.impo.com.uy/bases/leyes/16803-1996,"GARIBALDI, José. ESCUELA MONTEVIDEO. DENOMINACION.",1735,0,0
1996-12-19,16802,https://parlamento.gub.uy/documentosyleyes/leyes/ley/16802,https://www.impo.com.uy/bases/leyes/16802-1996,"GUARDERIAS INFANTILES. FUNCIONAMIENTO. REGIMEN.",1074,2,2
1996-12-18,16801,https://parlamento.gub.uy/documentosyleyes/leyes/ley/16801,https://www.impo.com.uy/bases/leyes/16801-1996,"OPERACION ATLASUR III. BARCO ARMADA CLASE ARTIGAS. SALIDA PAIS. AUTORIZACION.",5849,0,0
1996-12-03,16800,https://parlamento.gub.uy/documentosyleyes/leyes/ley/16800,https://www.impo.com.uy/bases/leyes/16800-1996,"BARCOS ARMADA ROU MONTEVIDEO Y ROU COMANDANTE Pedro CAMBELL. VIAJE FIN DE  CURSO. SALIDA PAIS. AUTORIZACION.",6338,0,0
1996-11-20,16799,https://parlamento.gub.uy/documentosyleyes/leyes/ley/16799,https://www.impo.com.uy/bases/leyes/16799-1996,"ESPAÑA-URUGUAY. EXTRADICION. CONVENIO. APROBACION.",4789,0,0
1996-11-19,16798,https://parlamento.gub.uy/documentosyleyes/leyes/ley/16798,https://www.impo.com.uy/bases/leyes/16798-1996,"CAMPAÑA ANTARTICA 1996. BARCO ARMADA ROU VANGUARDIA. SALIDA PAIS.  AUTORIZACION.",5848,0,0
1996-11-19,16797,https://parlamento.gub.uy/documentosyleyes/leyes/ley/16797,https://www.impo.com.uy/bases/leyes/16797-1996,"SARAVAY POSSI, Horacio. LICEO NUEVO BERLIN (RIO NEGRO). DENOMINACION.",212,0,0
1996-11-19,16796,https://parlamento.gub.uy/documentosyleyes/leyes/ley/16796,https://www.impo.com.uy/bases/leyes/16796-1996,"LOS CERRILLOS LICEO (CANELONES). DENOMINACION.",4405,0,1
1996-11-19,16795,https://parlamento.gub.uy/documentosyleyes/leyes/ley/16795,https://www.impo.com.uy/bases/leyes/16795-1996,"HERRERO,Juan Bautista. LICEO DOLORES (SORIANO). DENOMINACION.",1915,0,0
1996-11-19,16794,https://parlamento.gub.uy/documentosyleyes/leyes/ley/16794,https://www.impo.com.uy/bases/leyes/16794-1996,"COLOMBO DE FIOL, Lidia. ESCUELA LA CRUZ (FLORIDA). DENOMINACION.",99408,0,0
1996-11-19,16793,https://parlamento.gub.uy/documentosyleyes/leyes/ley/16793,https://www.impo.com.uy/bases/leyes/16793-1996,"CUNA DE FABINI. LICEO SOLIS DE MATAOJO (LAVALLEJA). DENOMINACION.",1478,0,0
1996-11-19,16792,https://parlamento.gub.uy/documentosyleyes/leyes/ley/16792,https://www.impo.com.uy/bases/leyes/16792-1996,"TRABAJADOR FRIGORIFICO LA CABALLADA CYBARAN S.A. SEGURO DESOCUPACION.  PRORROGA.",6235,1,0
1996-11-19,16791,https://parlamento.gub.uy/documentosyleyes/leyes/ley/16791,https://www.impo.com.uy/bases/leyes/16791-1996,"FERNANDEZ LAGARDE, Wilson. PENSION GRACIABLE. OTORGAMIENTO.",4546,0,0
1996-11-15,16790,https://parlamento.gub.uy/documentosyleyes/leyes/ley/16790,https://www.impo.com.uy/bases/leyes/16790-1996,"CONTRABANDO DE HACIENDAS. INCAUTACION Y REMATE. CONTROL SANITARIO.  RESTITUCION.",4689,3,0
1996-11-14,16789,https://parlamento.gub.uy/documentosyleyes/leyes/ley/16789,https://www.impo.com.uy/bases/leyes/16789-1996,"PROGRESO (CANELONES). 125 ANIVERSARIO FUNDACION. FERIADO. DECLARACION.",4563,0,0
1996-11-04,16788,https://parlamento.gub.uy/documentosyleyes/leyes/ley/16788,https://www.impo.com.uy/bases/leyes/16788-1996,"TITULOS VALORES. NORMAS. MODIFICACION.",5179,1,0
1996-10-28,16787,https://parlamento.gub.uy/documentosyleyes/leyes/ley/16787,https://www.impo.com.uy/bases/leyes/16787-1996,"PLEBISCITO REFORMA CONSTITUCIONAL. CORTE ELECTORAL. RECURSOS. OTORGAMIENTO.",6182,0,0
1996-10-28,16786,https://parlamento.gub.uy/documentosyleyes/leyes/ley/16786,https://www.impo.com.uy/bases/leyes/16786-1996,"GENTA, Edgardo Ubaldo. ESCUELA TREINTA Y TRES. DENOMINACION.",2469,0,0
1996-10-28,16785,https://parlamento.gub.uy/documentosyleyes/leyes/ley/16785,https://www.impo.com.uy/bases/leyes/16785-1996,"PEREYRA, Rosalío A. LICEO ROCHA (CIUDAD). DENOMINACION.",2009,0,0
1996-10-28,16784,https://parlamento.gub.uy/documentosyleyes/leyes/ley/16784,https://www.impo.com.uy/bases/leyes/16784-1996,"ARBENOIZ GAMBARDELLA, Luis. ESCUELA TIEMPO COMPLETO (CANELONES).  DENOMINACION.",98570,0,0
1996-10-28,16783,https://parlamento.gub.uy/documentosyleyes/leyes/ley/16783,https://www.impo.com.uy/bases/leyes/16783-1996,"BERRO DE VARELA, Benito. ESCUELA MONTEVIDEO. DENOMINACION.",95698,0,0
1996-10-28,16782,https://parlamento.gub.uy/documentosyleyes/leyes/ley/16782,https://www.impo.com.uy/bases/leyes/16782-1996,"OYHARZABAL PARDIAS, Enrique. ESCUELA RODO (SORIANO). DENOMINACION.",2168,0,0
1996-10-28,16781,https://parlamento.gub.uy/documentosyleyes/leyes/ley/16781,https://www.impo.com.uy/bases/leyes/16781-1996,"CARDOZO LOYARTE, Gregorio. LICEO MERCEDES (SORIANO). DENOMINACION.",2647,0,0
1996-10-28,16780,https://parlamento.gub.uy/documentosyleyes/leyes/ley/16780,https://www.impo.com.uy/bases/leyes/16780-1996,"PEREZ FONTANA, Medulio. LICEO NUEVA PALMIRA (COLONIA). DENOMINACION.",1309,0,0
1996-10-23,16779,https://parlamento.gub.uy/documentosyleyes/leyes/ley/16779,https://www.impo.com.uy/bases/leyes/16779-1996,"BOIBO MARTINEZ, Elvira Nélida. LICEO NOCTURNO MERCEDES (SORIANO).  DENOMINACION.",2404,0,0
1996-10-16,16778,https://parlamento.gub.uy/documentosyleyes/leyes/ley/16778,https://www.impo.com.uy/bases/leyes/16778-1996,"PORTUGAL-URUGUAY. CULTURA. CONVENIO. APROBACION.",89342,0,0
1996-10-16,16777,https://parlamento.gub.uy/documentosyleyes/leyes/ley/16777,https://www.impo.com.uy/bases/leyes/16777-1996,"QUINELLI DE MATEUCI, María. PENSION GRACIABLE. OTORGAMIENTO.",2855,0,0
1996-10-01,16776,https://parlamento.gub.uy/documentosyleyes/leyes/ley/16776,https://www.impo.com.uy/bases/leyes/16776-1996,"MEXICO-URUGUAY. COOPERACION CIENTIFICA Y TECNICA. CONVENIO. APROBACION.",92292,0,0
1996-10-01,16775,https://parlamento.gub.uy/documentosyleyes/leyes/ley/16775,https://www.impo.com.uy/bases/leyes/16775-1996,"GRECIA-URUGUAY. SEGURIDAD SOCIAL. CONVENIO. APROBACION.",1937,0,0
1996-09-27,16774,https://parlamento.gub.uy/documentosyleyes/leyes/ley/16774,https://www.impo.com.uy/bases/leyes/16774-1996,"FONDOS INVERSION. CREACION.",1079,4,12
1996-09-25,16773,https://parlamento.gub.uy/documentosyleyes/leyes/ley/16773,https://www.impo.com.uy/bases/leyes/16773-1996,"BANEGAS, Olga; BALBI, María Luisa; GUBITOSI, Nelly; GUBITOSI, Nilda y  TOMARAN, Wilfredo. PENSION GRACIABLE. OTORGAMIENTO.",3358,0,0
1996-09-24,16772,https://parlamento.gub.uy/documentosyleyes/leyes/ley/16772,https://www.impo.com.uy/bases/leyes/16772-1996,"LARRE BORGES, Tydeo. AEROPUERTO PAYSANDU. DENOMINACION.",1006,0,0
1996-09-24,16771,https://parlamento.gub.uy/documentosyleyes/leyes/ley/16771,https://www.impo.com.uy/bases/leyes/16771-1996,"MELO (CERRO LARGO). BICENTENARIO FUNDACION. MONEDAS CONMEMORATIVAS. ACUÑACION  BANCO CENTRAL. AUTORIZACION.",4320,0,0
1996-09-24,16770,https://parlamento.gub.uy/documentosyleyes/leyes/ley/16770,https://www.impo.com.uy/bases/leyes/16770-1996,"BANCO REPUBLICA. CENTENARIO FUNDACION. MONEDAS CONMEMORATIVAS. ACUÑACION  BANCO CENTRAL. AUTORIZACION.",4881,0,0
1996-09-23,16769,https://parlamento.gub.uy/documentosyleyes/leyes/ley/16769,https://www.impo.com.uy/bases/leyes/16769-1996,"RENDICION CUENTAS 1995. APROBACION.",4667,0,0
1996-09-11,16768,https://parlamento.gub.uy/documentosyleyes/leyes/ley/16768,https://www.impo.com.uy/bases/leyes/16768-1996,"TRAVERSONI, Alfredo. COMPLEJO EDUCATIVO NUEVO PARIS (MONTEVIDEO).  DENOMINACION.",3673,0,0
1996-09-06,16767,https://parlamento.gub.uy/documentosyleyes/leyes/ley/16767,https://www.impo.com.uy/bases/leyes/16767-1996,"REGIMIENTO CABALLERIA Nº7. CONCURRENCIA DESFILE CIVICO MILITAR YAGUARON  (BRASIL). AUTORIZACION.",5230,0,0
1996-08-22,16766,https://parlamento.gub.uy/documentosyleyes/leyes/ley/16766,https://www.impo.com.uy/bases/leyes/16766-1996,"REGISTROS PUBLICOS. FUNCIONAMIENTO. VIGENCIA. PRORROGA.",4223,1,0
1996-08-22,16765,https://parlamento.gub.uy/documentosyleyes/leyes/ley/16765,https://www.impo.com.uy/bases/leyes/16765-1996,"CHECOSLOVAQUIA-URUGUAY. EDUCACION, CIENCIA Y CULTURA. CONVENIO. APROBACION.",2098,0,1
1996-08-20,16764,https://parlamento.gub.uy/documentosyleyes/leyes/ley/16764,https://www.impo.com.uy/bases/leyes/16764-1996,"DIA DEL PAYADOR. DECLARACION.",2638,0,0
1996-07-29,16763,https://parlamento.gub.uy/documentosyleyes/leyes/ley/16763,https://www.impo.com.uy/bases/leyes/16763-1996,"OPERACION UNITAS XXXVII (1996). REALIZACION. AUTORIZACION.",4660,0,0
1996-07-16,16762,https://parlamento.gub.uy/documentosyleyes/leyes/ley/16762,https://www.impo.com.uy/bases/leyes/16762-1996,"FUERZAS ARMADAS EE.UU.. INTEGRANTES. INGRESO PAIS. AUTORIZACION.",3723,0,0
1996-07-16,16761,https://parlamento.gub.uy/documentosyleyes/leyes/ley/16761,https://www.impo.com.uy/bases/leyes/16761-1996,"LOS CERRILLOS (CANELONES). CENTENARIO FUNDACION. FERIADO. DECLARACION.",1284,0,0
1996-07-16,16760,https://parlamento.gub.uy/documentosyleyes/leyes/ley/16760,https://www.impo.com.uy/bases/leyes/16760-1996,"VIVIENDA PROPIEDAD HORIZONTAL. PRESTAMOS SOCIEDADES INTERMEDIACION  FINANCIERA. AUTORIZACION.",1903,3,2
1996-07-04,16759,https://parlamento.gub.uy/documentosyleyes/leyes/ley/16759,https://www.impo.com.uy/bases/leyes/16759-1996,"SEGURIDAD SOCIAL. MODIFICACION.",2169,3,2
1996-06-26,16758,https://parlamento.gub.uy/documentosyleyes/leyes/ley/16758,https://www.impo.com.uy/bases/leyes/16758-1996,"COMISIONES INVESTIGADORAS PODER LEGISLATIVO. SECRETO. DEROGACION.",2280,1,0
1996-06-26,16757,https://parlamento.gub.uy/documentosyleyes/leyes/ley/16757,https://www.impo.com.uy/bases/leyes/16757-1996,"PROMOCION Y CONTROL VITIVINICOLA. TASA. MODIFICACION.",4218,4,4
1996-06-18,16756,https://parlamento.gub.uy/documentosyleyes/leyes/ley/16756,https://www.impo.com.uy/bases/leyes/16756-1996,"UMPIERREZ, Héctor. PENSION GRACIABLE. OTORGAMIENTO.",3356,0,0
1996-06-18,16755,https://parlamento.gub.uy/documentosyleyes/leyes/ley/16755,https://www.impo.com.uy/bases/leyes/16755-1996,"MARTINEZ FERNANDEZ, María Celia. PENSION GRACIABLE. OTORGAMIENTO.",3354,0,0
1996-06-14,16754,https://parlamento.gub.uy/documentosyleyes/leyes/ley/16754,https://www.impo.com.uy/bases/leyes/16754-1996,"REILLY, Walter Hugo. POLICLINICA PIRARAJA (LAVALLEJA). DENOMINACION.",2471,0,0
1996-06-13,16753,https://parlamento.gub.uy/documentosyleyes/leyes/ley/16753,https://www.impo.com.uy/bases/leyes/16753-1996,"ALCOHOLES Y BEBIDAS ALCOHOLICAS. MONOPOLIO. DEROGACION.",695,1,2
1996-06-12,16752,https://parlamento.gub.uy/documentosyleyes/leyes/ley/16752,https://www.impo.com.uy/bases/leyes/16752-1996,"ABADIE SORIANO, Roberto. CENTRO EDUCACION ADULTOS (MONTEVIDEO). DENOMINACION.",1473,0,0
1996-06-12,16751,https://parlamento.gub.uy/documentosyleyes/leyes/ley/16751,https://www.impo.com.uy/bases/leyes/16751-1996,"MORALES DE VENTURA, Maria.POLICLINICA JUAN ANTONIO ARTIGAS (CANELONES).  DENOMINACION.",2591,0,0
1996-06-12,16750,https://parlamento.gub.uy/documentosyleyes/leyes/ley/16750,https://www.impo.com.uy/bases/leyes/16750-1996,"GREISING, Juan J.ESCUELA TECNICA DE NUEVA HELVECIA (COLONIA). DENOMINACION.",1702,0,0
1996-05-30,16749,https://parlamento.gub.uy/documentosyleyes/leyes/ley/16749,https://www.impo.com.uy/bases/leyes/16749-1996,"MERCADO DE VALORES Y OBLIGACIONES NEGOCIABLES. NORMAS.",1080,8,10
1996-05-24,16748,https://parlamento.gub.uy/documentosyleyes/leyes/ley/16748,https://www.impo.com.uy/bases/leyes/16748-1996,"FUNCIONARIO PUBLICO PROFESIONAL. CONTRATOS ARRENDAMIENTO DE OBRA EN BANCOS  OFICIALES INTERIOR PAIS. INCOMPATIBILIDAD. EXCEPCION.",2024,1,0
1996-05-24,16747,https://parlamento.gub.uy/documentosyleyes/leyes/ley/16747,https://www.impo.com.uy/bases/leyes/16747-1996,"PIOJERA OVINA. CONTROL Y ERRADICACION. REGIMEN.",2439,2,0
1996-05-21,16746,https://parlamento.gub.uy/documentosyleyes/leyes/ley/16746,https://www.impo.com.uy/bases/leyes/16746-1996,"PRESCRIPCION COMPRAVENTA INTERNACIONAL MERCADERIAS. CONVENCION ONU.  APROBACION.",99908,0,0
1996-05-17,16745,https://parlamento.gub.uy/documentosyleyes/leyes/ley/16745,https://www.impo.com.uy/bases/leyes/16745-1996,"FERRARI, Héctor. ESCUELA PAYSANDU. DENOMINACION.",843,0,0
1996-05-15,16744,https://parlamento.gub.uy/documentosyleyes/leyes/ley/16744,https://www.impo.com.uy/bases/leyes/16744-1996,"CAPA OZONO. PROTOCOLO MONTREAL. ENMIENDA. APROBACION.",1704,0,0
1996-05-08,16743,https://parlamento.gub.uy/documentosyleyes/leyes/ley/16743,https://www.impo.com.uy/bases/leyes/16743-1996,"OPERACION AGUAS CLARAS. BARCOS BARREMINAS ROU AUDAZ Y ROU VALIENTE. SALIDA  PAIS. AUTORIZACION.",3672,0,0
1996-05-07,16827,https://parlamento.gub.uy/documentosyleyes/leyes/ley/16827,https://www.impo.com.uy/bases/leyes/16827-1996,"MORELLI DE MONES, Silvia. PENSION GRACIABLE. OTORGAMIENTO.",5850,0,0
1996-05-02,16742,https://parlamento.gub.uy/documentosyleyes/leyes/ley/16742,https://www.impo.com.uy/bases/leyes/16742-1996,"DIA CARLOS GARDEL. DECLARACION.",1616,0,0
1996-04-26,16741,https://parlamento.gub.uy/documentosyleyes/leyes/ley/16741,https://www.impo.com.uy/bases/leyes/16741-1996,"JEFES Y OFICIALES SUBALTERNOS FUERZAS ARMADAS. HABER RETIRO. AJUSTE.",2716,2,0
1996-04-16,16740,https://parlamento.gub.uy/documentosyleyes/leyes/ley/16740,https://www.impo.com.uy/bases/leyes/16740-1996,"ORGANIZACION LATINOAMERICANA DESARROLLO PESQUERO (OLDEPESCA). CONVENIO  CONSTITUTIVO Y ENMIENDAS. APROBACION.",91583,0,0
1996-03-27,16739,https://parlamento.gub.uy/documentosyleyes/leyes/ley/16739,https://www.impo.com.uy/bases/leyes/16739-1996,"VEHICULOS A GAS-OIL. IMPUESTO. DEROGACION.",2025,3,0
1996-03-26,16738,https://parlamento.gub.uy/documentosyleyes/leyes/ley/16738,https://www.impo.com.uy/bases/leyes/16738-1996,"BARCO ROU ARMADA CAPITAN MIRANDA. TRIPULANTES. SALIDA PAIS. AUTORIZACION.",3363,0,0
1996-01-09,16737,https://parlamento.gub.uy/documentosyleyes/leyes/ley/16737,https://www.impo.com.uy/bases/leyes/16737-1996,"ORGANIZACION MUNDIAL SALUD (OMS). CONSTITUCION. ENMIENDAS. APROBACION.",92994,0,0
1996-01-05,16736,https://parlamento.gub.uy/documentosyleyes/leyes/ley/16736,https://www.impo.com.uy/bases/leyes/16736-1996,"PRESUPUESTO NACIONAL 1995 - 1999. APROBACION.",2131,128,109
1996-01-05,16735,https://parlamento.gub.uy/documentosyleyes/leyes/ley/16735,https://www.impo.com.uy/bases/leyes/16735-1996,"MUJER. ERRADICACION Y SANCION VIOLENCIA. CONVENCION INTERAMERICANA.  APROBACION.",2018,0,0
1995-12-20,16734,https://parlamento.gub.uy/documentosyleyes/leyes/ley/16734,https://www.impo.com.uy/bases/leyes/16734-1995,"AREA COLONIA SACRAMENTO (COLONIA). MONUMENTO HISTORICO NACIONAL. DECLARACION.",846,1,0
1995-12-20,16733,https://parlamento.gub.uy/documentosyleyes/leyes/ley/16733,https://www.impo.com.uy/bases/leyes/16733-1995,"CAMPAÑA ANTARTICA 95/96. BARCO ARMADA ROU VANGUARDIA. SALIDA PAIS.  AUTORIZACION.",2854,0,0
1995-12-13,16732,https://parlamento.gub.uy/documentosyleyes/leyes/ley/16732,https://www.impo.com.uy/bases/leyes/16732-1995,"GAMBOGI, Nelson D.. ESCUELA MONTEVIDEO. DENOMINACION.",2463,0,0
1995-12-12,16731,https://parlamento.gub.uy/documentosyleyes/leyes/ley/16731,https://www.impo.com.uy/bases/leyes/16731-1995,"MERCOSUR. INTEGRACION EDUCATIVA Y RECONOCIMIENTO CERTIFICADOS, TITULOS Y  ESTUDIOS. PROTOCOLO. APROBACION.",1442,0,0
1995-12-09,16730,https://parlamento.gub.uy/documentosyleyes/leyes/ley/16730,https://www.impo.com.uy/bases/leyes/16730-1995,"BARCOS ARMADA ROU URUGUAY Y COMANDANTE PEDRO CAMPBELL. SALIDA PAIS.  AUTORIZACION.",2734,0,0
1995-11-29,16729,https://parlamento.gub.uy/documentosyleyes/leyes/ley/16729,https://www.impo.com.uy/bases/leyes/16729-1995,"ONU. CINCUENTENARIO CREACION. MONEDAS CONMEMORATIVAS. ACUÑACION BANCO  CENTRAL. AUTORIZACION.",2396,0,0
1995-11-27,16728,https://parlamento.gub.uy/documentosyleyes/leyes/ley/16728,https://www.impo.com.uy/bases/leyes/16728-1995,"BRASIL-URUGUAY. COOPERACION ADMINISTRATIVA, CIVIL, COMERCIAL Y LABORAL.  CONVENIO. APROBACION.",92747,0,0
1995-11-27,16727,https://parlamento.gub.uy/documentosyleyes/leyes/ley/16727,https://www.impo.com.uy/bases/leyes/16727-1995,"PRESERVATIVOS. COMERCIALIZACION. AUTORIZACION.",1909,0,0
1995-11-27,16726,https://parlamento.gub.uy/documentosyleyes/leyes/ley/16726,https://www.impo.com.uy/bases/leyes/16726-1995,"ALSUGARAY, Enrique. LICEO CERRO CHATO (TREINTA Y TRES). DENOMINACION.",252,0,0
1995-11-24,16725,https://parlamento.gub.uy/documentosyleyes/leyes/ley/16725,https://www.impo.com.uy/bases/leyes/16725-1995,"SANCHEZ (COLONIA). CIUDAD. DECLARATORIA.",89155,0,0
1995-11-13,16724,https://parlamento.gub.uy/documentosyleyes/leyes/ley/16724,https://www.impo.com.uy/bases/leyes/16724-1995,"DESAPARICION FORZADA PERSONAS. CONVENCION INTERAMERICANA. APROBACION.",1441,0,0
1995-11-01,16723,https://parlamento.gub.uy/documentosyleyes/leyes/ley/16723,https://www.impo.com.uy/bases/leyes/16723-1995,"RENDICION CUENTAS 1994. APROBACION.",1700,0,0
1995-10-30,16722,https://parlamento.gub.uy/documentosyleyes/leyes/ley/16722,https://www.impo.com.uy/bases/leyes/16722-1995,"BONOS TESORO Y LETRAS DE TESORERIA. EMISION. AUTORIZACION.",2441,2,1
1995-10-24,16721,https://parlamento.gub.uy/documentosyleyes/leyes/ley/16721,https://www.impo.com.uy/bases/leyes/16721-1995,"TOLEDO (CANELONES). CIUDAD. DECLARATORIA.",821,0,0
1995-10-13,16720,https://parlamento.gub.uy/documentosyleyes/leyes/ley/16720,https://www.impo.com.uy/bases/leyes/16720-1995,"SANIDAD FUERZAS ARMADAS. FINANCIAMIENTO. NORMAS.",1000,4,4
1995-10-11,16719,https://parlamento.gub.uy/documentosyleyes/leyes/ley/16719,https://www.impo.com.uy/bases/leyes/16719-1995,"MAYORIA DE EDAD. CODIGO CIVIL. MODIFICACION.",922,1,0
1995-10-06,16718,https://parlamento.gub.uy/documentosyleyes/leyes/ley/16718,https://www.impo.com.uy/bases/leyes/16718-1995,"FAO. CINCUENTENARIO CREACION. MONEDAS CONMEMORATIVAS. ACUÑACION BANCO  CENTRAL. AUTORIZACION.",1844,0,0
1995-10-06,16717,https://parlamento.gub.uy/documentosyleyes/leyes/ley/16717,https://www.impo.com.uy/bases/leyes/16717-1995,"GULARTE BAUTISTA, Fermina (MARTA GULARTE). PENSION GRACIABLE. OTORGAMIENTO.",1701,0,0
1995-10-02,16716,https://parlamento.gub.uy/documentosyleyes/leyes/ley/16716,https://www.impo.com.uy/bases/leyes/16716-1995,"OPERACION UNITAS XXXVI (1995). REALIZACION. AUTORIZACION.",2187,0,0
1995-09-22,16715,https://parlamento.gub.uy/documentosyleyes/leyes/ley/16715,https://www.impo.com.uy/bases/leyes/16715-1995,"BID. RECURSOS. OCTAVO AUMENTO GENERAL. APROBACION.",1845,1,0
1995-09-13,16714,https://parlamento.gub.uy/documentosyleyes/leyes/ley/16714,https://www.impo.com.uy/bases/leyes/16714-1995,"JEFES Y OFICIALES DE RESERVA HASTA GRADO TENIENTE CORONEL. ASCENSO. DERECHO.",1266,1,0
1995-09-03,16713,https://parlamento.gub.uy/documentosyleyes/leyes/ley/16713,https://www.impo.com.uy/bases/leyes/16713-1995,"SEGURIDAD SOCIAL. REGIMEN. MODIFICACION.",1539,19,73
1995-09-01,16712,https://parlamento.gub.uy/documentosyleyes/leyes/ley/16712,https://www.impo.com.uy/bases/leyes/16712-1995,"MERCOSUR. PROTOCOLO INSTITUCIONAL DE OURO PRETO. APROBACION.",542,0,0
1995-08-22,16711,https://parlamento.gub.uy/documentosyleyes/leyes/ley/16711,https://www.impo.com.uy/bases/leyes/16711-1995,"REGIMIENTO BLANDENGUES DE ARTIGAS. CONCURRENCIA BUENOS AIRES (ACOMPAÑAR  PRESIDENTE REPUBLICA). AUTORIZACION.",2013,0,0
1995-08-22,16710,https://parlamento.gub.uy/documentosyleyes/leyes/ley/16710,https://www.impo.com.uy/bases/leyes/16710-1995,"FUERZA AEREA ESTADOS UNIDOS.INTEGRANTES Y AVIONES.INGRESO PAIS. AUTORIZACION.",1729,0,0
1995-07-14,16709,https://parlamento.gub.uy/documentosyleyes/leyes/ley/16709,https://www.impo.com.uy/bases/leyes/16709-1995,"EJERCITO ESTADOS UNIDOS. INGRESO PAIS. AUTORIZACION.",1519,0,0
1995-07-14,16708,https://parlamento.gub.uy/documentosyleyes/leyes/ley/16708,https://www.impo.com.uy/bases/leyes/16708-1995,"ALEMANIA-URUGUAY. COOPERACION FINANCIERA. CONVENIO. APROBACION.",110,0,0
1995-07-12,16707,https://parlamento.gub.uy/documentosyleyes/leyes/ley/16707,https://www.impo.com.uy/bases/leyes/16707-1995,"SEGURIDAD PUBLICA. NORMAS.",1084,7,9
1995-06-23,16706,https://parlamento.gub.uy/documentosyleyes/leyes/ley/16706,https://www.impo.com.uy/bases/leyes/16706-1995,"SASTRE DE PALLEIRO, María Antonia. PENSION GRACIABLE. OTORGAMIENTO.",845,0,0
1995-06-23,16705,https://parlamento.gub.uy/documentosyleyes/leyes/ley/16705,https://www.impo.com.uy/bases/leyes/16705-1995,"SACIA LUGO, José Francisco. PENSION GRACIABLE. OTORGAMIENTO.",1234,0,0
1995-06-23,16704,https://parlamento.gub.uy/documentosyleyes/leyes/ley/16704,https://www.impo.com.uy/bases/leyes/16704-1995,"MARTINEZ MIERES, Guzmán. PENSION GRACIABLE. OTORGAMIENTO.",844,0,0
1995-06-23,16703,https://parlamento.gub.uy/documentosyleyes/leyes/ley/16703,https://www.impo.com.uy/bases/leyes/16703-1995,"OPERACION TENDEREX 1995. BARCO ARMADA ROU VANGUARDIA. SALIDA PAIS.  AUTORIZACION.",1562,0,0
1995-06-21,16702,https://parlamento.gub.uy/documentosyleyes/leyes/ley/16702,https://www.impo.com.uy/bases/leyes/16702-1995,"MELO (CERRO LARGO). BICENTENARIO. FUNDACION. FERIADO. DECLARACION",1109,0,0
1995-05-19,16701,https://parlamento.gub.uy/documentosyleyes/leyes/ley/16701,https://www.impo.com.uy/bases/leyes/16701-1995,"EMPALME OLMOS (CANELONES). CENTENARIO FUNDACION. FERIADO. DECLARACION.",820,0,0
1995-04-28,16700,https://parlamento.gub.uy/documentosyleyes/leyes/ley/16700,https://www.impo.com.uy/bases/leyes/16700-1995,"OPERACION ATLASUR. FRAGATA ROU URUGUAY. SALIDA PAIS. AUTORIZACION.",1114,0,0
1995-04-25,16699,https://parlamento.gub.uy/documentosyleyes/leyes/ley/16699,https://www.impo.com.uy/bases/leyes/16699-1995,"CODIGO DEL PROCESO (GENERAL). MODIFICACION.",81078,5,1
1995-04-25,16698,https://parlamento.gub.uy/documentosyleyes/leyes/ley/16698,https://www.impo.com.uy/bases/leyes/16698-1995,"COMISIONES INVESTIGADORAS PODER LEGISLATIVO. FACULTADES ESPECIALES.  OTORGAMIENTO.",80439,0,1
1995-04-25,16697,https://parlamento.gub.uy/documentosyleyes/leyes/ley/16697,https://www.impo.com.uy/bases/leyes/16697-1995,"IMPUESTOS. REGIMEN. MODIFICACION (1995).",1068,6,16
1995-03-30,16696,https://parlamento.gub.uy/documentosyleyes/leyes/ley/16696,https://www.impo.com.uy/bases/leyes/16696-1995,"BANCO CENTRAL. CARTA ORGANICA. APROBACION.",90147,9,15
1995-03-14,16695,https://parlamento.gub.uy/documentosyleyes/leyes/ley/16695,https://www.impo.com.uy/bases/leyes/16695-1995,"ANGOLA. ENVIO INTEGRANTES EJERCITO. AUTORIZACION.",533,0,0
1995-02-24,16694,https://parlamento.gub.uy/documentosyleyes/leyes/ley/16694,https://www.impo.com.uy/bases/leyes/16694-1995,"DEUDORES BPS. FACILIDADES PAGO. SEMOVIENTES Y VEHICULOS A GAS OIL. IMPUESTOS.  MODIFICACION.",99609,7,2
1995-02-22,16693,https://parlamento.gub.uy/documentosyleyes/leyes/ley/16693,https://www.impo.com.uy/bases/leyes/16693-1995,"FUERZAS ARMADAS. EQUIPAMIENTO. DESTINO PRESTAMO REPUBLICA POPULAR CHINA.",402,0,0
1994-12-27,16692,https://parlamento.gub.uy/documentosyleyes/leyes/ley/16692,https://www.impo.com.uy/bases/leyes/16692-1994,"CAMPAÑA ANTARTICA 94/95. BARCO ARMADA ROU MIRANDA. SALIDA PAIS. AUTORIZACION.",302,0,0
1994-12-22,16691,https://parlamento.gub.uy/documentosyleyes/leyes/ley/16691,https://www.impo.com.uy/bases/leyes/16691-1994,"INMUEBLES FRIGORIFICO NACIONAL. OCUPANTES. DERECHO PREFERENCIA. EJERCER.  PLAZO. PRORROGA.",89329,1,0
1994-12-22,16690,https://parlamento.gub.uy/documentosyleyes/leyes/ley/16690,https://www.impo.com.uy/bases/leyes/16690-1994,"VIVIENDA RURAL. CONSTRUCCION, REFACCION Y AMPLIACION.",89481,1,0
1994-12-22,16689,https://parlamento.gub.uy/documentosyleyes/leyes/ley/16689,https://www.impo.com.uy/bases/leyes/16689-1994,"PEREYRA FERNANDEZ de DOMENECH, Natalia Celestina. PENSION GRACIABLE.  OTORGAMIENTO.",296,0,0
1994-12-22,16688,https://parlamento.gub.uy/documentosyleyes/leyes/ley/16688,https://www.impo.com.uy/bases/leyes/16688-1994,"HIDROCARBUROS. CONTAMINACION MAR. PREVENCION Y VIGILANCIA. REGIMEN.",81368,2,2
1994-12-22,16687,https://parlamento.gub.uy/documentosyleyes/leyes/ley/16687,https://www.impo.com.uy/bases/leyes/16687-1994,"CRUZ ROJA. EMBLEMAS. USO. MULTAS. MONTO. AUMENTO.",81786,0,0
1994-12-21,16686,https://parlamento.gub.uy/documentosyleyes/leyes/ley/16686,https://www.impo.com.uy/bases/leyes/16686-1994,"URUEÑA GONZALEZ, Camilo. PENSION GRACIABLE. OTORGAMIENTO.",207,0,0
1994-12-21,16685,https://parlamento.gub.uy/documentosyleyes/leyes/ley/16685,https://www.impo.com.uy/bases/leyes/16685-1994,"MENOR ABANDONADO. COMPETENCIA JUZGADOS LETRADOS MENORES.",94393,1,0
1994-12-21,16684,https://parlamento.gub.uy/documentosyleyes/leyes/ley/16684,https://www.impo.com.uy/bases/leyes/16684-1994,"BIRF-COORPORACION FINANCIERA INTERNACIONAL. AUMENTO CAPITAL ACCIONARIO  URUGUAY. AUTORIZACION.",90116,0,0
1994-12-20,16683,https://parlamento.gub.uy/documentosyleyes/leyes/ley/16683,https://www.impo.com.uy/bases/leyes/16683-1994,"REGISTROS PUBLICOS. FUNCIONAMIENTO. REGIMEN. ENTRADA VIGENCIA. PRORROGA.",396,1,0
1994-12-20,16682,https://parlamento.gub.uy/documentosyleyes/leyes/ley/16682,https://www.impo.com.uy/bases/leyes/16682-1994,"De CASTRO, Rosalía. ESCUELA MALDONADO. DENOMINACION.",88878,0,0
1994-12-20,16681,https://parlamento.gub.uy/documentosyleyes/leyes/ley/16681,https://www.impo.com.uy/bases/leyes/16681-1994,"INMUEBLE MELO (CERRO LARGO). MONUMENTO HISTORICO. CALIDAD. DESAFECTACION.",95107,0,0
1994-12-14,16680,https://parlamento.gub.uy/documentosyleyes/leyes/ley/16680,https://www.impo.com.uy/bases/leyes/16680-1994,"ARGELINA DEMOCRATICA Y POPULAR-URUGUAY. SANITARIO VETERINARIO. CONVENIO.  APROBACION.",81541,0,0
1994-12-14,16679,https://parlamento.gub.uy/documentosyleyes/leyes/ley/16679,https://www.impo.com.uy/bases/leyes/16679-1994,"ARGENTINA-BRASIL-PARAGUAY-URUGUAY. SERVICIO MOVIL CELULAR. CONVENIO.  APROBACION.",88368,0,0
1994-12-14,16678,https://parlamento.gub.uy/documentosyleyes/leyes/ley/16678,https://www.impo.com.uy/bases/leyes/16678-1994,"VIAJANTES Y VENDEDORES PLAZA. DESPIDO. RUBRO COMISIONES. CALCULO.  MODIFICACION.",81300,0,0
1994-12-14,16677,https://parlamento.gub.uy/documentosyleyes/leyes/ley/16677,https://www.impo.com.uy/bases/leyes/16677-1994,"AEROPUERTO INTERNACIONAL DE CARRASCO - GENERAL Cesáreo L. BERISSO.  DENOMINACION.",88565,0,0
1994-12-14,16676,https://parlamento.gub.uy/documentosyleyes/leyes/ley/16676,https://www.impo.com.uy/bases/leyes/16676-1994,"ROSA, Gastón R. RUTA NACIONAL 64. DENOMINACION.",89219,0,0
1994-12-14,16675,https://parlamento.gub.uy/documentosyleyes/leyes/ley/16675,https://www.impo.com.uy/bases/leyes/16675-1994,"GONZALEZ, Carmelo René. RUTA Nº 86. DENOMINACION.",89061,0,0
1994-12-14,16674,https://parlamento.gub.uy/documentosyleyes/leyes/ley/16674,https://www.impo.com.uy/bases/leyes/16674-1994,"OFICIALES GENERALES Y SUPERIORES FF.AA. HABER. RETIRO. NORMAS.",483,0,3
1994-12-13,16673,https://parlamento.gub.uy/documentosyleyes/leyes/ley/16673,https://www.impo.com.uy/bases/leyes/16673-1994,"CARGOS POLITICOS Y PARTICULAR CONFIANZA. CAUSAL JUBILATORIA. INTERPRETACION.",255,2,1
1994-12-13,16672,https://parlamento.gub.uy/documentosyleyes/leyes/ley/16672,https://www.impo.com.uy/bases/leyes/16672-1994,"MARTINI, Raúl. SALA PRIMEROS AUXILIOS VILLA QUEBRACHO (PAYSANDU).  DENOMINACION.",81736,0,0
1994-12-13,16671,https://parlamento.gub.uy/documentosyleyes/leyes/ley/16671,https://www.impo.com.uy/bases/leyes/16671-1994,"NEGOCIACIONES COMERCIALES MULTILATERALES. RONDA URUGUAY. CONVENIOS.  APROBACION.",98877,0,1
1994-12-13,16670,https://parlamento.gub.uy/documentosyleyes/leyes/ley/16670,https://www.impo.com.uy/bases/leyes/16670-1994,"Juan Antonio ARTIGAS (CANELONES). CIUDAD. DECLARATORIA.",81741,0,0
1994-12-13,16669,https://parlamento.gub.uy/documentosyleyes/leyes/ley/16669,https://www.impo.com.uy/bases/leyes/16669-1994,"MINAS CORRALES (RIVERA). VILLA. DECLARATORIA.",90312,0,0
1994-12-13,16668,https://parlamento.gub.uy/documentosyleyes/leyes/ley/16668,https://www.impo.com.uy/bases/leyes/16668-1994,"VERGARA (TREINTA Y TRES). CIUDAD. DECLARATORIA.",81656,0,0
1994-12-13,16667,https://parlamento.gub.uy/documentosyleyes/leyes/ley/16667,https://www.impo.com.uy/bases/leyes/16667-1994,"TRANQUERAS (RIVERA). CIUDAD. DECLARATORIA.",90252,0,0
1994-12-13,16666,https://parlamento.gub.uy/documentosyleyes/leyes/ley/16666,https://www.impo.com.uy/bases/leyes/16666-1994,"SAN GREGORIO DE POLANCO (TACUAREMBO). CIUDAD. DECLARATORIA.",90241,0,0
1994-12-09,16665,https://parlamento.gub.uy/documentosyleyes/leyes/ley/16665,https://www.impo.com.uy/bases/leyes/16665-1994,"ALCAIN, Bonifacio. ESCUELA SAN BAUTISTA (CANELONES). DENOMINACION.",94787,0,0
1994-12-09,16664,https://parlamento.gub.uy/documentosyleyes/leyes/ley/16664,https://www.impo.com.uy/bases/leyes/16664-1994,"URBINA, Saúl. ESCUELA MELO. CERRO LARGO. DENOMINACION.",93547,0,0
1994-12-09,16663,https://parlamento.gub.uy/documentosyleyes/leyes/ley/16663,https://www.impo.com.uy/bases/leyes/16663-1994,"FERREIRO, Agustín. ESCUELAS INTERIOR. DENOMINACION.",93392,0,0
1994-12-09,16662,https://parlamento.gub.uy/documentosyleyes/leyes/ley/16662,https://www.impo.com.uy/bases/leyes/16662-1994,"ALONSO, Luis Eduardo. ESCUELA RURAL (CANELONES). DENOMINACION.",89064,0,0
1994-12-09,16661,https://parlamento.gub.uy/documentosyleyes/leyes/ley/16661,https://www.impo.com.uy/bases/leyes/16661-1994,"FERREIRA CORREA, Isaac. ESCUELA ROCHA. DENOMINACION.",91080,0,0
1994-12-09,16660,https://parlamento.gub.uy/documentosyleyes/leyes/ley/16660,https://www.impo.com.uy/bases/leyes/16660-1994,"SANCHEZ de MACHADO, Ismenia. ESCUELA VILLA CERRO CHATO (TREINTA Y TRES).  DENOMINACION.",81753,0,0
1994-12-09,16659,https://parlamento.gub.uy/documentosyleyes/leyes/ley/16659,https://www.impo.com.uy/bases/leyes/16659-1994,"PARAGUAY. ESCUELA MERCEDES (SORIANO). DENOMINACION.",89221,0,0
1994-12-09,16658,https://parlamento.gub.uy/documentosyleyes/leyes/ley/16658,https://www.impo.com.uy/bases/leyes/16658-1994,"LARGUERO, José. LICEO VILLA ECILDA PAULLIER (SAN JOSE). DENOMINACION.",89449,0,0
1994-12-09,16657,https://parlamento.gub.uy/documentosyleyes/leyes/ley/16657,https://www.impo.com.uy/bases/leyes/16657-1994,"LARRAÑAGA, Casildo. ESCUELA CANELONES. DENOMINACION.",94387,0,0
1994-12-09,16656,https://parlamento.gub.uy/documentosyleyes/leyes/ley/16656,https://www.impo.com.uy/bases/leyes/16656-1994,"TACUABE, Laureano. ESCUELA PAYSANDU (PAYSANDU). DENOMINACION.",90253,0,0
1994-12-09,16655,https://parlamento.gub.uy/documentosyleyes/leyes/ley/16655,https://www.impo.com.uy/bases/leyes/16655-1994,"PEREIRA, María Luisa. ESCUELA RURAL RINCON DE CARRASCO (CANELONES).  DENOMINACION.",90986,0,0
1994-12-09,16654,https://parlamento.gub.uy/documentosyleyes/leyes/ley/16654,https://www.impo.com.uy/bases/leyes/16654-1994,"TALLAC, Miguel Gilberto. ESCUELA ESPECIAL DISCAPACITADOS INTELECTUALES.  DENOMINACION.",81257,0,0
1994-12-09,16653,https://parlamento.gub.uy/documentosyleyes/leyes/ley/16653,https://www.impo.com.uy/bases/leyes/16653-1994,"DE IBARBOUROU, Juana. ESCUELA LAS PIEDRAS (CANELONES). DENOMINACION.",90988,0,0
1994-12-09,16652,https://parlamento.gub.uy/documentosyleyes/leyes/ley/16652,https://www.impo.com.uy/bases/leyes/16652-1994,"BRIGNONE MOSQUERA, Carlos. LICEO DEPARTAMENTAL TRINIDAD (FLORES).  DENOMINACION.",91057,0,0
1994-12-09,16651,https://parlamento.gub.uy/documentosyleyes/leyes/ley/16651,https://www.impo.com.uy/bases/leyes/16651-1994,"DINAMARCA. ESCUELA COLONIA NICOLICH (CANELONES). DENOMINACION.",95568,0,0
1994-12-09,16650,https://parlamento.gub.uy/documentosyleyes/leyes/ley/16650,https://www.impo.com.uy/bases/leyes/16650-1994,"LUSSICH, Antonio Dionisio. ESCUELA MONTEVIDEO. DENOMINACION.",81655,0,0
1994-12-09,16649,https://parlamento.gub.uy/documentosyleyes/leyes/ley/16649,https://www.impo.com.uy/bases/leyes/16649-1994,"ITALIA. ESCUELA RURAL BARRIO LAS CHACRAS (TREINTA Y TRES). DENOMINACION.",81780,0,0
1994-12-09,16648,https://parlamento.gub.uy/documentosyleyes/leyes/ley/16648,https://www.impo.com.uy/bases/leyes/16648-1994,"CARRERO ANICET, Tomás Cirilo. ESCUELA MENDOZA CHICO (FLORIDA). DENOMINACION.",91062,0,0
1994-12-09,16647,https://parlamento.gub.uy/documentosyleyes/leyes/ley/16647,https://www.impo.com.uy/bases/leyes/16647-1994,"ORIBE, Emilio. INSTITUTO FORMACION DOCENTE MELO (CERRO LARGO). DENOMINACION.",89418,0,0
1994-12-09,16646,https://parlamento.gub.uy/documentosyleyes/leyes/ley/16646,https://www.impo.com.uy/bases/leyes/16646-1994,"LABARRERE, María Ester. ESCUELA RURAL CUCHILLA DE SIERRA (CANELONES).  DENOMINACION.",81730,0,0
1994-12-09,16645,https://parlamento.gub.uy/documentosyleyes/leyes/ley/16645,https://www.impo.com.uy/bases/leyes/16645-1994,"ORIBE, Manuel. LICEO Nº4 (PAYSANDU). DENOMINACION.",81722,0,0
1994-12-09,16644,https://parlamento.gub.uy/documentosyleyes/leyes/ley/16644,https://www.impo.com.uy/bases/leyes/16644-1994,"OIT-URUGUAY. CONVENIO Nº 172 TRABAJO EN HOTELES Y RESTAURANTES. APROBACION.",88826,0,0
1994-12-08,16643,https://parlamento.gub.uy/documentosyleyes/leyes/ley/16643,https://www.impo.com.uy/bases/leyes/16643-1994,"OIT-URUGUAY. CONVENIOS 29 TRABAJO FORZOSO U OBLIGATORIO; 120 HIGIENE COMERCIO  Y OFICINAS Y 162 UTILIZACION ASBESTO. APROBACION.",88832,0,0
1994-12-08,16642,https://parlamento.gub.uy/documentosyleyes/leyes/ley/16642,https://www.impo.com.uy/bases/leyes/16642-1994,"ARGENTINA-BRASIL-URUGUAY. TELEFONIA RURAL. CONVENIO. APROBACION.",80418,0,0
1994-12-08,16641,https://parlamento.gub.uy/documentosyleyes/leyes/ley/16641,https://www.impo.com.uy/bases/leyes/16641-1994,"CHINA POPULAR-URUGUAY. COOPERACION SANIDAD ANIMAL. CONVENIO. APROBACION.",81516,0,0
1994-12-08,16640,https://parlamento.gub.uy/documentosyleyes/leyes/ley/16640,https://www.impo.com.uy/bases/leyes/16640-1994,"MEXICO-URUGUAY. COOPERACION TURISTICA. CONVENIO. APROBACION.",89121,0,0
1994-12-08,16639,https://parlamento.gub.uy/documentosyleyes/leyes/ley/16639,https://www.impo.com.uy/bases/leyes/16639-1994,"COLECTIVIDAD JAPONESA. ESCUELA ESPECIAL Joaquín SUAREZ (CANELONES).  DENOMINACION.",90370,0,0
1994-12-08,16638,https://parlamento.gub.uy/documentosyleyes/leyes/ley/16638,https://www.impo.com.uy/bases/leyes/16638-1994,"GALLINAL HEBER, Alberto. ESCUELA PUNTAS DE PAN DE AZUCAR (LAVALLEJA).  DENOMINACION.",96080,0,0
1994-12-08,16637,https://parlamento.gub.uy/documentosyleyes/leyes/ley/16637,https://www.impo.com.uy/bases/leyes/16637-1994,"GARCIA LEMUS, Carmelo. ESCUELA RURAL (CANELONES). DENOMINACION.",93768,0,0
1994-12-08,16636,https://parlamento.gub.uy/documentosyleyes/leyes/ley/16636,https://www.impo.com.uy/bases/leyes/16636-1994,"GARCIA, José María. ESCUELA LOS AROMOS (CANELONES). DENOMINACION.",90987,0,0
1994-12-08,16635,https://parlamento.gub.uy/documentosyleyes/leyes/ley/16635,https://www.impo.com.uy/bases/leyes/16635-1994,"de PENA, Carlos María. ESCUELA PANDO (CANELONES). DENOMINACION.",89326,0,0
1994-12-08,16634,https://parlamento.gub.uy/documentosyleyes/leyes/ley/16634,https://www.impo.com.uy/bases/leyes/16634-1994,"ESPINOLA, Francisco. ESCUELA SAN JOSE (SAN JOSE). DENOMINACION.",89310,0,0
1994-12-08,16633,https://parlamento.gub.uy/documentosyleyes/leyes/ley/16633,https://www.impo.com.uy/bases/leyes/16633-1994,"PARIANI, Vicente. ESCUELA RURAL (CANELONES). DENOMINACION.",89403,0,0
1994-12-08,16632,https://parlamento.gub.uy/documentosyleyes/leyes/ley/16632,https://www.impo.com.uy/bases/leyes/16632-1994,"CABRERA, Hipólito. ESCUELA COSTA DE PANDO (CANELONES). DENOMINACION.",94380,0,0
1994-12-08,16631,https://parlamento.gub.uy/documentosyleyes/leyes/ley/16631,https://www.impo.com.uy/bases/leyes/16631-1994,"GARCIA ETCHEGOYHEN de LORENZO, Eloísa. COMPLEJO EDUCATIVO (MONTEVIDEO).  DENOMINACION.",93345,0,0
1994-12-08,16630,https://parlamento.gub.uy/documentosyleyes/leyes/ley/16630,https://www.impo.com.uy/bases/leyes/16630-1994,"POSADA, Octavio. ESCUELA PROGRESO (CANELONES). DENOMINACION.",89311,0,0
1994-11-28,16629,https://parlamento.gub.uy/documentosyleyes/leyes/ley/16629,https://www.impo.com.uy/bases/leyes/16629-1994,"MILITAR CON RETIRO OBLIGATORIO. HABERES. DETERMINACION.",256,1,2
1994-11-23,16628,https://parlamento.gub.uy/documentosyleyes/leyes/ley/16628,https://www.impo.com.uy/bases/leyes/16628-1994,"REGISTRO ORGANOS Y TEJIDOS (NACIONAL). REGULARIZACION JURIDICA.",188,0,0
1994-11-22,16627,https://parlamento.gub.uy/documentosyleyes/leyes/ley/16627,https://www.impo.com.uy/bases/leyes/16627-1994,"PRESIDENTE Y VICEPRESIDENTE REPUBLICA. SUELDO. FIJACION.",179,2,0
1994-11-22,16626,https://parlamento.gub.uy/documentosyleyes/leyes/ley/16626,https://www.impo.com.uy/bases/leyes/16626-1994,"COMISION SALUD CARDIOVASCULAR. CREACION. INTERES NACIONAL. DECLARACION.",99447,1,1
1994-11-21,16625,https://parlamento.gub.uy/documentosyleyes/leyes/ley/16625,https://www.impo.com.uy/bases/leyes/16625-1994,"ELECCIONES (1994). ORGANIZACION Y REALIZACION.",265,0,0
1994-11-10,16624,https://parlamento.gub.uy/documentosyleyes/leyes/ley/16624,https://www.impo.com.uy/bases/leyes/16624-1994,"FONDO MUSICA (NACIONAL). CREACION.",90884,2,2
1994-11-10,16623,https://parlamento.gub.uy/documentosyleyes/leyes/ley/16623,https://www.impo.com.uy/bases/leyes/16623-1994,"ASTRA S.A. INTERVENCION PODER EJECUTIVO. AUTORIZACION.",98448,0,0
1994-11-10,16622,https://parlamento.gub.uy/documentosyleyes/leyes/ley/16622,https://www.impo.com.uy/bases/leyes/16622-1994,"FONDO NACIONAL GARANTIA. CREACION.",81533,2,0
1994-11-10,16621,https://parlamento.gub.uy/documentosyleyes/leyes/ley/16621,https://www.impo.com.uy/bases/leyes/16621-1994,"EMPLEADOS PARQUE VACACIONES UTE-ANTEL. CALIDAD FUNCIONARIO PUBLICO.  DECLARACION.",93169,0,1
1994-11-10,16620,https://parlamento.gub.uy/documentosyleyes/leyes/ley/16620,https://www.impo.com.uy/bases/leyes/16620-1994,"PASIVO MILITAR.BENEFICIOS LEY 14.106. VIGENCIA.",90626,2,0
1994-11-04,16619,https://parlamento.gub.uy/documentosyleyes/leyes/ley/16619,https://www.impo.com.uy/bases/leyes/16619-1994,"ORIBE MORA, María Angélica. PENSION GRACIABLE. OTORGAMIENTO.",95111,0,0
1994-10-31,16618,https://parlamento.gub.uy/documentosyleyes/leyes/ley/16618,https://www.impo.com.uy/bases/leyes/16618-1994,"ESTADIOS CERTAMEN COPA AMERICA 95. OBRAS. FINANCIACION.",99693,2,0
1994-10-25,16617,https://parlamento.gub.uy/documentosyleyes/leyes/ley/16617,https://www.impo.com.uy/bases/leyes/16617-1994,"MARINO DE IGLESIAS, Maria Elena. ESCUELA CASTELLANOS (CANELONES).  DENOMINACION.",94786,0,0
1994-10-20,16616,https://parlamento.gub.uy/documentosyleyes/leyes/ley/16616,https://www.impo.com.uy/bases/leyes/16616-1994,"SISTEMA ESTADISTICO NACIONAL (SEN). COMETIDOS Y FUNCIONAMIENTO.",88824,0,2
1994-10-20,16615,https://parlamento.gub.uy/documentosyleyes/leyes/ley/16615,https://www.impo.com.uy/bases/leyes/16615-1994,"CENTRO INGENIERIA GENETICA Y BIOTECNOLOGIA (INTERNACIONAL). ESTATUTO.  APROBACION.",90351,0,0
1994-10-20,16614,https://parlamento.gub.uy/documentosyleyes/leyes/ley/16614,https://www.impo.com.uy/bases/leyes/16614-1994,"TECNOLOGO MEDICO. PROFESION. REGLAMENTACION.",88007,0,1
1994-10-20,16613,https://parlamento.gub.uy/documentosyleyes/leyes/ley/16613,https://www.impo.com.uy/bases/leyes/16613-1994,"BARCO ARMADA ROU ""CAPITAN MIRANDA"". SALIDA PAIS. AUTORIZACION.",99403,0,0
1994-10-20,16612,https://parlamento.gub.uy/documentosyleyes/leyes/ley/16612,https://www.impo.com.uy/bases/leyes/16612-1994,"GIMENEZ GOMEZ DE VISCA, Isabel. PENSION GRACIABLE. OTORGAMIENTO.",95697,0,0
1994-10-20,16611,https://parlamento.gub.uy/documentosyleyes/leyes/ley/16611,https://www.impo.com.uy/bases/leyes/16611-1994,"LENA, Ruben. PENSION GRACIABLE. OTORGAMIENTO.",97140,0,0
1994-10-19,16610,https://parlamento.gub.uy/documentosyleyes/leyes/ley/16610,https://www.impo.com.uy/bases/leyes/16610-1994,"CIUDAD DE LA COSTA (CANELONES). CIUDAD. DECLARATORIA.",99537,0,0
1994-10-19,16609,https://parlamento.gub.uy/documentosyleyes/leyes/ley/16609,https://www.impo.com.uy/bases/leyes/16609-1994,"COMISION PRO MUSEO HISTORICO ARTIGUISTA LAS PIEDRAS (CANELONES). CREACION.",81334,0,0
1994-10-19,16608,https://parlamento.gub.uy/documentosyleyes/leyes/ley/16608,https://www.impo.com.uy/bases/leyes/16608-1994,"PASO CARRASCO (CANELONES). CIUDAD. DECLARATORIA.",99536,0,0
1994-10-19,16607,https://parlamento.gub.uy/documentosyleyes/leyes/ley/16607,https://www.impo.com.uy/bases/leyes/16607-1994,"CUBA-URUGUAY. COOPERACION CULTURAL Y EDUCATIVA. CONVENIO. APROBACION.",88714,0,0
1994-10-19,16606,https://parlamento.gub.uy/documentosyleyes/leyes/ley/16606,https://www.impo.com.uy/bases/leyes/16606-1994,"BICENTENARIO. ESCUELA RIO BRANCO (CERRO LARGO). DENOMINACION.",90428,0,0
1994-10-19,16605,https://parlamento.gub.uy/documentosyleyes/leyes/ley/16605,https://www.impo.com.uy/bases/leyes/16605-1994,"LAGUNA, Plácido. ESCUELA CARMELO (COLONIA). DENOMINACION.",92570,0,1
1994-10-19,16604,https://parlamento.gub.uy/documentosyleyes/leyes/ley/16604,https://www.impo.com.uy/bases/leyes/16604-1994,"RODRIGUEZ, Washington. ESCUELA (RIVERA). DENOMINACION.",96029,0,0
1994-10-19,16603,https://parlamento.gub.uy/documentosyleyes/leyes/ley/16603,https://www.impo.com.uy/bases/leyes/16603-1994,"CODIGO CIVIL. ACTUALIZACION.",81608,2,2
1994-10-17,16602,https://parlamento.gub.uy/documentosyleyes/leyes/ley/16602,https://www.impo.com.uy/bases/leyes/16602-1994,"RIOS, Héctor Lorenzo. ESCUELA (MONTEVIDEO). DENOMINACION.",81459,0,0
1994-10-16,16601,https://parlamento.gub.uy/documentosyleyes/leyes/ley/16601,https://www.impo.com.uy/bases/leyes/16601-1994,"INMUEBLES BARRIOS SANTA CATALINA Y PUNTAS SAYAGO (MONTEVIDEO).  REGULARIZACION.",99538,2,0
1994-10-14,16600,https://parlamento.gub.uy/documentosyleyes/leyes/ley/16600,https://www.impo.com.uy/bases/leyes/16600-1994,"REPUBLICA VENEZUELA. ESCUELA ARROYO SAUZAL (RIVERA). DENOMINACION.",92969,0,1
1994-10-14,16599,https://parlamento.gub.uy/documentosyleyes/leyes/ley/16599,https://www.impo.com.uy/bases/leyes/16599-1994,"RUMANIA-URUGUAY. COOPERACION. CONVENIO. APROBACION.",90976,0,0
1994-10-14,16598,https://parlamento.gub.uy/documentosyleyes/leyes/ley/16598,https://www.impo.com.uy/bases/leyes/16598-1994,"POLONIA-URUGUAY. PROTECCION INVERSIONES. CONVENIO. APROBACION.",81620,0,0
1994-10-14,16597,https://parlamento.gub.uy/documentosyleyes/leyes/ley/16597,https://www.impo.com.uy/bases/leyes/16597-1994,"ARMAS NUCLEARES. PROSCRIPCION USO AMERICA LATINA. ENMIENDAS CONVENIO DE  TLATELOLCO. APROBACION.",88332,0,0
1994-10-14,16596,https://parlamento.gub.uy/documentosyleyes/leyes/ley/16596,https://www.impo.com.uy/bases/leyes/16596-1994,"COLOMBIA-URUGUAY. COOPERACION TECNICA Y CIENTIFICA. CONVENIO. APROBACION.",80933,0,0
1994-10-13,16595,https://parlamento.gub.uy/documentosyleyes/leyes/ley/16595,https://www.impo.com.uy/bases/leyes/16595-1994,"PRACTICAJE. SERVICIO PUBLICO NO COMERCIAL. DECLARACION.",96028,0,0
1994-10-13,16594,https://parlamento.gub.uy/documentosyleyes/leyes/ley/16594,https://www.impo.com.uy/bases/leyes/16594-1994,"BALNEARIO LAS CAÑAS Y FRAY BENTOS (RIO NEGRO). INTERES NACIONAL. DECLARACION.",93545,1,0
1994-10-13,16593,https://parlamento.gub.uy/documentosyleyes/leyes/ley/16593,https://www.impo.com.uy/bases/leyes/16593-1994,"BALNEARIO LAGO MERIN (CERRO LARGO). INTERES NACIONAL. DECLARACION.",89393,1,0
1994-10-13,16592,https://parlamento.gub.uy/documentosyleyes/leyes/ley/16592,https://www.impo.com.uy/bases/leyes/16592-1994,"DISCAPACITADO SEVERO. PRESTACIONES. DERECHO. INTERPRETACION.",98368,1,0
1994-10-13,16591,https://parlamento.gub.uy/documentosyleyes/leyes/ley/16591,https://www.impo.com.uy/bases/leyes/16591-1994,"RENDICION CUENTAS 1993. APROBACION.",98848,0,0
1994-10-13,16590,https://parlamento.gub.uy/documentosyleyes/leyes/ley/16590,https://www.impo.com.uy/bases/leyes/16590-1994,"RINCON DEL PINO (SAN JOSE). PUEBLO. DECLARATORIA.",81450,0,0
1994-10-11,16589,https://parlamento.gub.uy/documentosyleyes/leyes/ley/16589,https://www.impo.com.uy/bases/leyes/16589-1994,"UNIDADES EJERCITO NACIONAL. DENOMINACION.",98575,0,0
1994-10-11,16588,https://parlamento.gub.uy/documentosyleyes/leyes/ley/16588,https://www.impo.com.uy/bases/leyes/16588-1994,"RESERVISTA FUERZAS ARMADAS. RETIRO. REGIMEN. MODIFICACION",94785,4,0
1994-10-11,16587,https://parlamento.gub.uy/documentosyleyes/leyes/ley/16587,https://www.impo.com.uy/bases/leyes/16587-1994,"CROSA DE PINEROLO, Juan Bautista. ESCUELA 258 MONTEVIDEO. DENOMINACION.",90240,0,0
1994-10-11,16586,https://parlamento.gub.uy/documentosyleyes/leyes/ley/16586,https://www.impo.com.uy/bases/leyes/16586-1994,"COLON, Cristóbal. ESCUELA (ARTIGAS). DENOMINACION.",89731,0,0
1994-09-22,16585,https://parlamento.gub.uy/documentosyleyes/leyes/ley/16585,https://www.impo.com.uy/bases/leyes/16585-1994,"ACCIDENTES TRANSITO. CONTROL Y PREVENCION. NORMAS.",81298,1,4
1994-09-22,16584,https://parlamento.gub.uy/documentosyleyes/leyes/ley/16584,https://www.impo.com.uy/bases/leyes/16584-1994,"LEY ELECCIONES. MODIFICACION.",99437,4,1
1994-09-22,16583,https://parlamento.gub.uy/documentosyleyes/leyes/ley/16583,https://www.impo.com.uy/bases/leyes/16583-1994,"ORGANIZACION PANAMERICANA SALUD (OPS)-URUGUAY. RELACIONES INSTITUCIONALES,  PRIVILEGIOS E INMUNIDADES. CONVENIO. APROBACION.",90189,0,0
1994-09-22,16582,https://parlamento.gub.uy/documentosyleyes/leyes/ley/16582,https://www.impo.com.uy/bases/leyes/16582-1994,"MEXICO-URUGUAY. COOPERACION HACENDARIO FINANCIERA. CONVENIO. APROBACION.",81423,0,0
1994-09-22,16581,https://parlamento.gub.uy/documentosyleyes/leyes/ley/16581,https://www.impo.com.uy/bases/leyes/16581-1994,"COMUNIDAD ECONOMICA EUROPEA-URUGUAY. COOPERACION. CONVENIO. APROBACION.",81672,0,0
1994-09-21,16580,https://parlamento.gub.uy/documentosyleyes/leyes/ley/16580,https://www.impo.com.uy/bases/leyes/16580-1994,"PROTECCION OBTENCIONES VEGETALES. CONVENIO. APROBACION.",90903,0,1
1994-09-21,16579,https://parlamento.gub.uy/documentosyleyes/leyes/ley/16579,https://www.impo.com.uy/bases/leyes/16579-1994,"DROGAS. TRAFICO ILICITO. PREVENCION. CONVENIO ONU. APROBACION.",81540,0,0
1994-09-21,16578,https://parlamento.gub.uy/documentosyleyes/leyes/ley/16578,https://www.impo.com.uy/bases/leyes/16578-1994,"OPERACION URUGUAY. FUERZAS ARMADAS EEUU. INTEGRANTES. INGRESO PAIS.  AUTORIZACION.",99120,0,0
1994-09-20,16577,https://parlamento.gub.uy/documentosyleyes/leyes/ley/16577,https://www.impo.com.uy/bases/leyes/16577-1994,"FUNDACION BIANCHI ARDOINO DANERO. ESCUELA COSTA DE PANDO (CANELONES).  DENOMINACION.",93354,0,0
1994-09-19,16576,https://parlamento.gub.uy/documentosyleyes/leyes/ley/16576,https://www.impo.com.uy/bases/leyes/16576-1994,"ZORRILLA DE SAN MARTIN, Alejandro. TRAMO RUTA 45. DENOMINACION.",81233,0,0
1994-09-19,16575,https://parlamento.gub.uy/documentosyleyes/leyes/ley/16575,https://www.impo.com.uy/bases/leyes/16575-1994,"REGISTRO ADMINISTRADORES DE EDIFICIOS. CREACION.",81498,3,1
1994-09-19,16574,https://parlamento.gub.uy/documentosyleyes/leyes/ley/16574,https://www.impo.com.uy/bases/leyes/16574-1994,"RESIDENCIAS MEDICAS HOSPITALARIAS. REGIMEN. MODIFICACION.",97129,1,1
1994-09-19,16573,https://parlamento.gub.uy/documentosyleyes/leyes/ley/16573,https://www.impo.com.uy/bases/leyes/16573-1994,"PATRONO RURAL. APORTE SEGURO SOCIAL ENFERMEDAD. VIGENCIA. PRORROGA.",98407,1,0
1994-09-13,16572,https://parlamento.gub.uy/documentosyleyes/leyes/ley/16572,https://www.impo.com.uy/bases/leyes/16572-1994,"ESTABLE, Clemente. ESCUELAS INTERIOR. DENOMINACION.",90918,0,0
1994-09-13,16571,https://parlamento.gub.uy/documentosyleyes/leyes/ley/16571,https://www.impo.com.uy/bases/leyes/16571-1994,"MOTTO, Ernesto. BASE NAVAL LA PALOMA (ROCHA). DENOMINACION.",93340,0,0
1994-09-07,16570,https://parlamento.gub.uy/documentosyleyes/leyes/ley/16570,https://www.impo.com.uy/bases/leyes/16570-1994,"OPERACION UNITAS XXXV (1994). REALIZACION. AUTORIZACION.",98096,0,0
1994-09-05,16569,https://parlamento.gub.uy/documentosyleyes/leyes/ley/16569,https://www.impo.com.uy/bases/leyes/16569-1994,"SAN CARLOS (MALDONADO). JUNTA LOCAL AUTONOMA. CARGOS ELECTIVOS. DECLARACION.",81661,2,2
1994-08-28,16568,https://parlamento.gub.uy/documentosyleyes/leyes/ley/16568,https://www.impo.com.uy/bases/leyes/16568-1994,"CASINOS ESTADO. FUNCIONARIOS ESCALAFON ESPECIALIZADO. PROPINAS. INCLUSION  SALARIO.",95106,1,4
1994-08-26,16567,https://parlamento.gub.uy/documentosyleyes/leyes/ley/16567,https://www.impo.com.uy/bases/leyes/16567-1994,"ELECCIONES 1994. PARTIDOS POLITICOS. GASTOS. RECURSOS.",99355,1,0
1994-08-24,16566,https://parlamento.gub.uy/documentosyleyes/leyes/ley/16566,https://www.impo.com.uy/bases/leyes/16566-1994,"ASOCIACION URUGUAYA DE FUTBOL. DEUDAS BPS. REFINANCIACION.",95984,0,0
1994-08-21,16565,https://parlamento.gub.uy/documentosyleyes/leyes/ley/16565,https://www.impo.com.uy/bases/leyes/16565-1994,"CAJA BANCARIA. CARTA ORGANICA. MODIFICACION.",97713,5,2
1994-08-19,16564,https://parlamento.gub.uy/documentosyleyes/leyes/ley/16564,https://www.impo.com.uy/bases/leyes/16564-1994,"NUEVA ZELANDIA-URUGUAY. COOPERACION COMERCIAL Y CIENTIFICO-TECNOLOGICA.  CONVENIO. APROBACION.",81759,0,0
1994-08-19,16563,https://parlamento.gub.uy/documentosyleyes/leyes/ley/16563,https://www.impo.com.uy/bases/leyes/16563-1994,"GRASSO, Gerardo. ESCUELA INFANTIL INICIACION MUSICAL (ARTIGAS). DENOMINACION.",92988,0,0
1994-08-19,16562,https://parlamento.gub.uy/documentosyleyes/leyes/ley/16562,https://www.impo.com.uy/bases/leyes/16562-1994,"FABINI, Eduardo. ESCUELA INFANTIL INICIACION MUSICAL RIVERA (DPTO).  DENOMINACION.",92989,0,0
1994-08-19,16561,https://parlamento.gub.uy/documentosyleyes/leyes/ley/16561,https://www.impo.com.uy/bases/leyes/16561-1994,"FRIGORIFICO NACIONAL Y CASABLANCA. EX-TRABAJADOR. INCLUSION REGIMEN L.15.783.",99354,2,2
1994-08-19,16560,https://parlamento.gub.uy/documentosyleyes/leyes/ley/16560,https://www.impo.com.uy/bases/leyes/16560-1994,"BANCO PREVISION SOCIAL. CONVENIOS COLECTIVOS CON PERSONAL. ANTICIPOS.  INTERPRETACION LEY.",99123,1,0
1994-08-16,16559,https://parlamento.gub.uy/documentosyleyes/leyes/ley/16559,https://www.impo.com.uy/bases/leyes/16559-1994,"AMERICA. ESCUELA (FLORIDA). DENOMINACION.",81586,0,0
1994-08-16,16558,https://parlamento.gub.uy/documentosyleyes/leyes/ley/16558,https://www.impo.com.uy/bases/leyes/16558-1994,"LUSSICH, Arturo. ESCUELA MONTEVIDEO. DENOMINACION.",81680,0,0
1994-08-16,16557,https://parlamento.gub.uy/documentosyleyes/leyes/ley/16557,https://www.impo.com.uy/bases/leyes/16557-1994,"18 DE MAYO. ESCUELA LAS PIEDRAS (CANELONES). DENOMINACION.",81774,0,0
1994-08-16,16556,https://parlamento.gub.uy/documentosyleyes/leyes/ley/16556,https://www.impo.com.uy/bases/leyes/16556-1994,"OTORGUES, Fernando. ESCUELA RURAL PABLO PAEZ (CERRO LARGO). DENOMINACION.",81587,0,0
1994-08-16,16555,https://parlamento.gub.uy/documentosyleyes/leyes/ley/16555,https://www.impo.com.uy/bases/leyes/16555-1994,"VIERA, Petrona. ESCUELA DISCAPACITADOS INTELECTUALES (MONTEVIDEO).  DENOMINACION.",88050,0,0
1994-08-16,16554,https://parlamento.gub.uy/documentosyleyes/leyes/ley/16554,https://www.impo.com.uy/bases/leyes/16554-1994,"ROMERO, Emilio ESCUELA LAS PIEDRAS (CANELONES). DENOMINACION.",81294,0,0
1994-08-16,16553,https://parlamento.gub.uy/documentosyleyes/leyes/ley/16553,https://www.impo.com.uy/bases/leyes/16553-1994,"SALSAMENDI, María Rosa. ESCUELA SANTA TERESITA (CANELONES). DENOMINACION.",81551,0,0
1994-08-16,16552,https://parlamento.gub.uy/documentosyleyes/leyes/ley/16552,https://www.impo.com.uy/bases/leyes/16552-1994,"LLAMOSA, Eustaquia. ESCUELA JARDIN ASISTENCIAL (CANELONES). DENOMINACION.",81572,0,0
1994-08-16,16551,https://parlamento.gub.uy/documentosyleyes/leyes/ley/16551,https://www.impo.com.uy/bases/leyes/16551-1994,"LLOVERAS, Balmoris. ESCUELA RURAL (CANELONES). DENOMINACION.",81573,0,0
1994-08-16,16550,https://parlamento.gub.uy/documentosyleyes/leyes/ley/16550,https://www.impo.com.uy/bases/leyes/16550-1994,"DIMAS SILVA, Ezequiel. ESCUELA RURAL BELLA UNION (ARTIGAS). DENOMINACION.",81779,0,0
1994-08-16,16549,https://parlamento.gub.uy/documentosyleyes/leyes/ley/16549,https://www.impo.com.uy/bases/leyes/16549-1994,"ORDAZ, Ulises. ESCUELA AGRARIA (DURAZNO). DENOMINACION.",81685,0,0
1994-08-16,16548,https://parlamento.gub.uy/documentosyleyes/leyes/ley/16548,https://www.impo.com.uy/bases/leyes/16548-1994,"MONTESSORI, María. JARDIN INFANTES (MONTEVIDEO). DENOMINACION.",89054,0,0
1994-08-16,16547,https://parlamento.gub.uy/documentosyleyes/leyes/ley/16547,https://www.impo.com.uy/bases/leyes/16547-1994,"ALVAREZ, Ramón. ESCUELA LA PAZ (CANELONES). DENOMINACION.",88551,0,0
1994-08-16,16546,https://parlamento.gub.uy/documentosyleyes/leyes/ley/16546,https://www.impo.com.uy/bases/leyes/16546-1994,"DELPIANO, Juan Francisco. ESCUELA RURAL COLORADO CHICO (CANELONES).  DENOMINACION.",81593,0,0
1994-08-16,16545,https://parlamento.gub.uy/documentosyleyes/leyes/ley/16545,https://www.impo.com.uy/bases/leyes/16545-1994,"MONTELONGO, Nemesio y DURANTE de GARASSINI, Francisca. ESCUELA RURAL SAN  ANTONIO (CANELONES). DENOMINACION.",81550,0,0
1994-08-16,16544,https://parlamento.gub.uy/documentosyleyes/leyes/ley/16544,https://www.impo.com.uy/bases/leyes/16544-1994,"PICCARDO, Domingo. ESCUELA RURAL PUNTAS CANELON CHICO (CANELONES).  DENOMINACION.",81243,0,0
1994-08-16,16543,https://parlamento.gub.uy/documentosyleyes/leyes/ley/16543,https://www.impo.com.uy/bases/leyes/16543-1994,"BATLLE BERRES, Luis. ESCUELA (MONTEVIDEO). DENOMINACION.",81236,0,0
1994-08-16,16542,https://parlamento.gub.uy/documentosyleyes/leyes/ley/16542,https://www.impo.com.uy/bases/leyes/16542-1994,"LOMBARDI DE MARTINEZ, Antonia. CENTRO ADULTOS SORDOS. DENOMINACION.",81783,0,0
1994-08-16,16541,https://parlamento.gub.uy/documentosyleyes/leyes/ley/16541,https://www.impo.com.uy/bases/leyes/16541-1994,"DE VIANA, Javier. ESCUELA LA PAZ (CANELONES). DENOMINACION.",88976,0,0
1994-08-16,16540,https://parlamento.gub.uy/documentosyleyes/leyes/ley/16540,https://www.impo.com.uy/bases/leyes/16540-1994,"IPUCHE, Pedro Leandro. LICEO SANTA CLARA DE OLIMAR (TREINTA Y TRES).  DENOMINACION.",81341,0,0
1994-08-16,16539,https://parlamento.gub.uy/documentosyleyes/leyes/ley/16539,https://www.impo.com.uy/bases/leyes/16539-1994,"ARTIGAS, José. LICEO LAS PIEDRAS (CANELONES). DENOMINACION.",81291,0,0
1994-08-16,16538,https://parlamento.gub.uy/documentosyleyes/leyes/ley/16538,https://www.impo.com.uy/bases/leyes/16538-1994,"CABRERA, Germán. LICEO LAS PIEDRAS (CANELONES). DENOMINACION.",89273,0,0
1994-08-16,16537,https://parlamento.gub.uy/documentosyleyes/leyes/ley/16537,https://www.impo.com.uy/bases/leyes/16537-1994,"BERSANELLI, Víctor. LICEO (MONTEVIDEO). DENOMINACION.",81641,0,0
1994-08-16,16536,https://parlamento.gub.uy/documentosyleyes/leyes/ley/16536,https://www.impo.com.uy/bases/leyes/16536-1994,"VIDART, Loreto Daniel. LICEO SANTA ROSA (CANELONES). DENOMINACION.",81571,0,0
1994-08-12,16535,https://parlamento.gub.uy/documentosyleyes/leyes/ley/16535,https://www.impo.com.uy/bases/leyes/16535-1994,"FRANK, Ana. ESCUELA RURAL JUANICO (CANELONES). DENOMINACION.",81723,0,0
1994-08-12,16534,https://parlamento.gub.uy/documentosyleyes/leyes/ley/16534,https://www.impo.com.uy/bases/leyes/16534-1994,"ORIBE, Manuel. ESCUELA PARQUE DEL PLATA (CANELONES). DENOMINACION.",81732,0,0
1994-08-12,16533,https://parlamento.gub.uy/documentosyleyes/leyes/ley/16533,https://www.impo.com.uy/bases/leyes/16533-1994,"MIGUES VIEYTE, Gregorio. ESCUELA JUANICO (CANELONES). DENOMINACION.",81384,0,0
1994-08-12,16532,https://parlamento.gub.uy/documentosyleyes/leyes/ley/16532,https://www.impo.com.uy/bases/leyes/16532-1994,"VITALE D'AMICO, Deborah. ESCUELA (MONTEVIDEO). DENOMINACION.",81525,0,0
1994-08-12,16531,https://parlamento.gub.uy/documentosyleyes/leyes/ley/16531,https://www.impo.com.uy/bases/leyes/16531-1994,"LIMA IPAR, Aurora. ESCUELA RURAL PUEBLO ANDRESITO (FLORES). DENOMINACION.",81726,0,0
1994-08-10,16530,https://parlamento.gub.uy/documentosyleyes/leyes/ley/16530,https://www.impo.com.uy/bases/leyes/16530-1994,"DELLEPIANE, Juan Bautista. SUBCENTRO SALUD TRANQUERAS (RIVERA). DENOMINACION.",81278,0,0
1994-08-10,16529,https://parlamento.gub.uy/documentosyleyes/leyes/ley/16529,https://www.impo.com.uy/bases/leyes/16529-1994,"PLAZOS Y TERMINOS PROCESALES. SUSPENSION.",98571,0,0
1994-08-04,16528,https://parlamento.gub.uy/documentosyleyes/leyes/ley/16528,https://www.impo.com.uy/bases/leyes/16528-1994,"SUELDO BASICO JUBILATORIO TRABAJADOR EN SEGURO DE DESOCUPACION. SUBSIDIO POR  MATERNIDAD O ENFERMEDAD. CALCULO.",90247,1,0
1994-08-02,16527,https://parlamento.gub.uy/documentosyleyes/leyes/ley/16527,https://www.impo.com.uy/bases/leyes/16527-1994,"VILLAR, Cándido. ESCUELA GRANJA PAGO DE LA PAJA (MALDONADO). DENOMINACION.",90251,0,0
1994-08-02,16526,https://parlamento.gub.uy/documentosyleyes/leyes/ley/16526,https://www.impo.com.uy/bases/leyes/16526-1994,"SOBERA DE DEL PINO, Amalia. LICEO JOSE PEDRO VARELA (LAVALLEJA).  DENOMINACION.",90369,0,0
1994-07-25,16525,https://parlamento.gub.uy/documentosyleyes/leyes/ley/16525,https://www.impo.com.uy/bases/leyes/16525-1994,"GRAN BRETAÑA E IRLANDA DEL NORTE-URUGUAY. COOPERACION TECNICA. MEMORANDO.  APROBACION.",93259,0,0
1994-07-25,16524,https://parlamento.gub.uy/documentosyleyes/leyes/ley/16524,https://www.impo.com.uy/bases/leyes/16524-1994,"FONDO SOLIDARIDAD UNIVERSITARIA. CREACION.",81117,0,9
1994-07-25,16523,https://parlamento.gub.uy/documentosyleyes/leyes/ley/16523,https://www.impo.com.uy/bases/leyes/16523-1994,"RUMANIA-URUGUAY. COOPERACION TURISTICA. CONVENIO. APROBACION.",93089,0,0
1994-07-25,16522,https://parlamento.gub.uy/documentosyleyes/leyes/ley/16522,https://www.impo.com.uy/bases/leyes/16522-1994,"ARGENTINA-URUGUAY. RESPONSABILIDAD CIVIL EMERGENTE ACCIDENTES TRANSITO.  CONVENIO. APROBACION.",81513,0,0
1994-07-25,16521,https://parlamento.gub.uy/documentosyleyes/leyes/ley/16521,https://www.impo.com.uy/bases/leyes/16521-1994,"HIDROCARBUROS. CONTAMINACION. CONVENIO. APROBACION.",92531,0,1
1994-07-22,16520,https://parlamento.gub.uy/documentosyleyes/leyes/ley/16520,https://www.impo.com.uy/bases/leyes/16520-1994,"ARMAS QUIMICAS. PROHIBICION PRODUCCION, ALMACENAMIENTO Y EMPLEO. CONVENIO.  APROBACION.",95817,0,0
1994-07-22,16519,https://parlamento.gub.uy/documentosyleyes/leyes/ley/16519,https://www.impo.com.uy/bases/leyes/16519-1994,"DERECHOS ECONOMICOS, SOCIALES Y CULTURALES. CONVENCION AMERICANA DERECHOS  HUMANOS. PROTOCOLO ADICIONAL. APROBACION.",81761,0,0
1994-07-22,16518,https://parlamento.gub.uy/documentosyleyes/leyes/ley/16518,https://www.impo.com.uy/bases/leyes/16518-1994,"TRATADO ANTARTICO PROTECCION MEDIO AMBIENTE. PROTOCOLO. APROBACION.",92995,0,0
1994-07-22,16517,https://parlamento.gub.uy/documentosyleyes/leyes/ley/16517,https://www.impo.com.uy/bases/leyes/16517-1994,"CAMBIO CLIMATICO. PREVENCION. CONVENCION ONU. APROBACION.",90122,0,2
1994-07-21,16516,https://parlamento.gub.uy/documentosyleyes/leyes/ley/16516,https://www.impo.com.uy/bases/leyes/16516-1994,"MONEDAS. ACUÑACION. BANCO CENTRAL. AUTORIZACION.",95410,1,0
1994-07-11,16515,https://parlamento.gub.uy/documentosyleyes/leyes/ley/16515,https://www.impo.com.uy/bases/leyes/16515-1994,"ENCUENTRO DE DOS MUNDOS. MONEDAS CONMEMORATIVAS. ACUÑACION BANCO CENTRAL.  AUTORIZACION.",94653,1,0
1994-07-05,16514,https://parlamento.gub.uy/documentosyleyes/leyes/ley/16514,https://www.impo.com.uy/bases/leyes/16514-1994,"CHINA POPULAR-URUGUAY. COOPERACION CIENTIFICA Y TECNICA. CONVENIO.  APROBACION.",89057,0,0
1994-07-01,16513,https://parlamento.gub.uy/documentosyleyes/leyes/ley/16513,https://www.impo.com.uy/bases/leyes/16513-1994,"PLEBISCITO REFORMA CONSTITUCIONAL. GASTOS REALIZACION.",98440,0,0
1994-06-30,16512,https://parlamento.gub.uy/documentosyleyes/leyes/ley/16512,https://www.impo.com.uy/bases/leyes/16512-1994,"BANCO HIPOTECARIO. PRESTAMOS VIVIENDA. PLAZOS. EXTENSION.",88720,1,2
1994-06-24,16511,https://parlamento.gub.uy/documentosyleyes/leyes/ley/16511,https://www.impo.com.uy/bases/leyes/16511-1994,"ARGENTINA-URUGUAY. COOPERACION SALUD. CONVENIO. APROBACION.",81469,0,0
1994-06-24,16510,https://parlamento.gub.uy/documentosyleyes/leyes/ley/16510,https://www.impo.com.uy/bases/leyes/16510-1994,"CHILE-URUGUAY. IMPUESTOS EMPRESAS NAVEGACION AEREA. CONVENIO. APROBACION.",81658,0,0
1994-06-24,16509,https://parlamento.gub.uy/documentosyleyes/leyes/ley/16509,https://www.impo.com.uy/bases/leyes/16509-1994,"ARMAS. PROHIBICIONES O RESTRICCIONES EMPLEO. CONVENIO. APROBACION.",89279,0,0
1994-06-24,16508,https://parlamento.gub.uy/documentosyleyes/leyes/ley/16508,https://www.impo.com.uy/bases/leyes/16508-1994,"FONDO AYUDA SOCIAL FUNCIONARIOS BPS. BENEFICIARIOS. INTERPRETACION.",81330,1,0
1994-06-24,16507,https://parlamento.gub.uy/documentosyleyes/leyes/ley/16507,https://www.impo.com.uy/bases/leyes/16507-1994,"CONSEJOS ASESORES Y CONSULTIVOS (CAC). CREACION.",81121,0,0
1994-06-22,16506,https://parlamento.gub.uy/documentosyleyes/leyes/ley/16506,https://www.impo.com.uy/bases/leyes/16506-1994,"RIOS, Francisco D.. LICEO SARANDI DEL YI (DURAZNO). DENOMINACION.",92743,0,0
1994-06-22,16505,https://parlamento.gub.uy/documentosyleyes/leyes/ley/16505,https://www.impo.com.uy/bases/leyes/16505-1994,"BOERGER, Alberto. ESCUELA RURAL GRANJA COLONIA (DPTO.). DENOMINACION.",90114,0,0
1994-06-22,16504,https://parlamento.gub.uy/documentosyleyes/leyes/ley/16504,https://www.impo.com.uy/bases/leyes/16504-1994,"OLIVERI RODRIGUEZ, Pedro. ESCUELA RURAL BARRA DEL SAUCE MANSAVILLAGRA  (FLORIDA). DENOMINACION.",90188,0,0
1994-06-22,16503,https://parlamento.gub.uy/documentosyleyes/leyes/ley/16503,https://www.impo.com.uy/bases/leyes/16503-1994,"LONG BUSCHIAZZO, Mario W.. LICEO YOUNG (RIO NEGRO). DENOMINACION.",92669,0,0
1994-06-22,16502,https://parlamento.gub.uy/documentosyleyes/leyes/ley/16502,https://www.impo.com.uy/bases/leyes/16502-1994,"RUIZ SARTORIO, Henry. ESCUELA MELO (CERRO LARGO). DENOMINACION.",81662,0,0
1994-06-22,16501,https://parlamento.gub.uy/documentosyleyes/leyes/ley/16501,https://www.impo.com.uy/bases/leyes/16501-1994,"GESTIDO, Oscar D.. TALLERES PROTEGIDOS JOVENES DISCAPACITADOS. DENOMINACION.",81751,0,0
1994-06-22,16500,https://parlamento.gub.uy/documentosyleyes/leyes/ley/16500,https://www.impo.com.uy/bases/leyes/16500-1994,"ZEBALLOS, Semirámides. ESCUELA YOUNG (RIO NEGRO). DENOMINACION.",88633,0,0
1994-06-22,16499,https://parlamento.gub.uy/documentosyleyes/leyes/ley/16499,https://www.impo.com.uy/bases/leyes/16499-1994,"NIEMANN, Otto. ESCUELA PROGRESO (CANELONES). DENOMINACION.",81693,0,0
1994-06-15,16498,https://parlamento.gub.uy/documentosyleyes/leyes/ley/16498,https://www.impo.com.uy/bases/leyes/16498-1994,"DE VECCHI DE RODRIGUEZ, Dora. ESCUELA AL AIRE LIBRE (FLORIDA). DENOMINACION.",81739,0,0
1994-06-15,16497,https://parlamento.gub.uy/documentosyleyes/leyes/ley/16497,https://www.impo.com.uy/bases/leyes/16497-1994,"REPRESENTANTES EMPRESAS EXTRANJERAS. ACTIVIDAD. REGLAMENTACION.",81458,1,2
1994-06-15,16496,https://parlamento.gub.uy/documentosyleyes/leyes/ley/16496,https://www.impo.com.uy/bases/leyes/16496-1994,"FONDO MULTILATERAL DE INVERSIONES. CONVENIO CONSTITUTIVO ADMINISTRACION Y  ANEXOS. APROBACION.",89453,0,0
1994-06-15,16495,https://parlamento.gub.uy/documentosyleyes/leyes/ley/16495,https://www.impo.com.uy/bases/leyes/16495-1994,"TARARIRAS (COLONIA). FUNDACION. ANIVERSARIO (75º). FERIADO. DECLARACION.",96848,0,0
1994-06-14,16494,https://parlamento.gub.uy/documentosyleyes/leyes/ley/16494,https://www.impo.com.uy/bases/leyes/16494-1994,"BELLA UNION (ARTIGAS). JUNTA LOCAL AUTONOMA. CARGOS ELECTIVOS. DECLARACION.",90141,1,0
1994-06-08,16493,https://parlamento.gub.uy/documentosyleyes/leyes/ley/16493,https://www.impo.com.uy/bases/leyes/16493-1994,"SCOLPINI, Pantaleón. ESCUELA ZAPICAN (LAVALLEJA). DENOMINACION.",89053,0,0
1994-06-02,16492,https://parlamento.gub.uy/documentosyleyes/leyes/ley/16492,https://www.impo.com.uy/bases/leyes/16492-1994,"IMPORTACIONES. TASA COMISION. AUMENTO.",95029,0,3
1994-05-31,16491,https://parlamento.gub.uy/documentosyleyes/leyes/ley/16491,https://www.impo.com.uy/bases/leyes/16491-1994,"UNIVERSIDAD REPUBLICA. PARTIDA OTORGADA MAYO 1993. REGULARIZACION.  INTERPRETACION.",97127,1,0
1994-05-24,16490,https://parlamento.gub.uy/documentosyleyes/leyes/ley/16490,https://www.impo.com.uy/bases/leyes/16490-1994,"INMUEBLE MONTEVIDEO. DESTINO. MODIFICACION.",88881,1,0
1994-05-19,16489,https://parlamento.gub.uy/documentosyleyes/leyes/ley/16489,https://www.impo.com.uy/bases/leyes/16489-1994,"PODER JUDICIAL. PRESTAMO BANCO REPUBLICA. OTORGAMIENTO.",96904,1,0
1994-05-17,16488,https://parlamento.gub.uy/documentosyleyes/leyes/ley/16488,https://www.impo.com.uy/bases/leyes/16488-1994,"GASTESI, Gertrudis. ESCUELA BELLA UNION (ARTIGAS). DENOMINACION.",88278,0,0
1994-05-17,16487,https://parlamento.gub.uy/documentosyleyes/leyes/ley/16487,https://www.impo.com.uy/bases/leyes/16487-1994,"COMENIO. INSTITUTO FORMACION DOCENTE (CANELONES). DENOMINACIN.",81230,0,0
1994-05-17,16486,https://parlamento.gub.uy/documentosyleyes/leyes/ley/16486,https://www.impo.com.uy/bases/leyes/16486-1994,"BRACERAS HAEDO, Angel. ESCUELA MERCEDES (SORIANO). DENOMINACION.",88498,0,0
1994-05-17,16485,https://parlamento.gub.uy/documentosyleyes/leyes/ley/16485,https://www.impo.com.uy/bases/leyes/16485-1994,"ITALIA. ESCUELA VILLA CARDAL (FLORIDA). DENOMINACION.",81514,0,0
1994-05-15,16484,https://parlamento.gub.uy/documentosyleyes/leyes/ley/16484,https://www.impo.com.uy/bases/leyes/16484-1994,"BONOS TESORO Y LETRAS TESORERIA. REGIMEN. MODIFICACIN.",91063,1,1
1994-05-13,16483,https://parlamento.gub.uy/documentosyleyes/leyes/ley/16483,https://www.impo.com.uy/bases/leyes/16483-1994,"D'ELIA, José. PENSION GRACIABLE. OTORGAMIENTO.",95814,0,0
1994-05-13,16482,https://parlamento.gub.uy/documentosyleyes/leyes/ley/16482,https://www.impo.com.uy/bases/leyes/16482-1994,"ASOCIACION FUNCIONARIOS PORTUARIOS. RETENCIONES A AFILIADOS. AUTORIZACION.",81609,0,0
1994-05-10,16481,https://parlamento.gub.uy/documentosyleyes/leyes/ley/16481,https://www.impo.com.uy/bases/leyes/16481-1994,"ACCION CIVIL EMERGENTE DE DELITO INDEPENDIENTE CAUSA PENAL. MODIFICACION.",81468,2,0
1994-05-10,16480,https://parlamento.gub.uy/documentosyleyes/leyes/ley/16480,https://www.impo.com.uy/bases/leyes/16480-1994,"FUNCIONARIOS UNIDAD VIGILANCIA Y PROTECCION ANCAP. JUBILACION. REGIMEN.",88717,1,0
1994-05-10,16479,https://parlamento.gub.uy/documentosyleyes/leyes/ley/16479,https://www.impo.com.uy/bases/leyes/16479-1994,"PARAGUAY-URUGUAY. COOPERACION POLITICAS SOCIALES. CONVENIO. APROBACION.",81584,0,0
1994-05-10,16478,https://parlamento.gub.uy/documentosyleyes/leyes/ley/16478,https://www.impo.com.uy/bases/leyes/16478-1994,"SERVICIO AFICIONADOS. CONVENIO INTERAMERICANO. APROBACION.",81098,0,0
1994-05-10,16477,https://parlamento.gub.uy/documentosyleyes/leyes/ley/16477,https://www.impo.com.uy/bases/leyes/16477-1994,"CONVENCION OBTENCION ALIMENTOS EN EL EXTRANJERO. APROBACION.",88942,0,0
1994-05-10,16476,https://parlamento.gub.uy/documentosyleyes/leyes/ley/16476,https://www.impo.com.uy/bases/leyes/16476-1994,"LIBRETAS Y TARJETAS BUZO. EXPEDICION. PRODUCIDO. DESTINO.",81478,3,0
1994-05-10,16475,https://parlamento.gub.uy/documentosyleyes/leyes/ley/16475,https://www.impo.com.uy/bases/leyes/16475-1994,"BASES NAVALES ARMADA NACIONAL. DENOMINACION.",81449,0,0
1994-05-10,16474,https://parlamento.gub.uy/documentosyleyes/leyes/ley/16474,https://www.impo.com.uy/bases/leyes/16474-1994,"NEFFA, Rezcala. ESCUELA RINCON DE CONDE (CANELONES). DENOMINACION.",81752,0,0
1994-05-10,16473,https://parlamento.gub.uy/documentosyleyes/leyes/ley/16473,https://www.impo.com.uy/bases/leyes/16473-1994,"EINSTEIN, Albert. ESCUELA (MONTEVIDEO). DENOMINACION.",81681,0,0
1994-05-04,16472,https://parlamento.gub.uy/documentosyleyes/leyes/ley/16472,https://www.impo.com.uy/bases/leyes/16472-1994,"BARCO ARMADA ""CAPITAN MIRANDA"". TRIPULANTES. SALIDA PAIS. AUTORIZACION.",95926,0,0
1994-04-19,16471,https://parlamento.gub.uy/documentosyleyes/leyes/ley/16471,https://www.impo.com.uy/bases/leyes/16471-1994,"FUNCIONARIO PODER JUDICIAL. SUELDO. AUMENTO. OTORGAMIENTO.",95928,3,3
1994-03-29,16470,https://parlamento.gub.uy/documentosyleyes/leyes/ley/16470,https://www.impo.com.uy/bases/leyes/16470-1994,"PATRIMONIO Y RENTAS INDUSTRIA Y COMERCIO (IMPUESTOS). APLICACION.  MODIFICACION.",81663,0,0
1994-03-22,16469,https://parlamento.gub.uy/documentosyleyes/leyes/ley/16469,https://www.impo.com.uy/bases/leyes/16469-1994,"AGROPECUARIA. IMPUESTOS. REGIMEN. MODIFICACION.",94477,3,2
1994-02-18,16468,https://parlamento.gub.uy/documentosyleyes/leyes/ley/16468,https://www.impo.com.uy/bases/leyes/16468-1994,"PRODUCTOR RURAL. APORTE SEGURO SOCIAL ENFERMEDAD. VIGENCIA. PRORROGA.",90751,1,0
1994-02-08,16467,https://parlamento.gub.uy/documentosyleyes/leyes/ley/16467,https://www.impo.com.uy/bases/leyes/16467-1994,"ARELLANO, Arame. PENSION GRACIABLE. OTORGAMIENTO.",93651,0,0
1994-01-19,16466,https://parlamento.gub.uy/documentosyleyes/leyes/ley/16466,https://www.impo.com.uy/bases/leyes/16466-1994,"MEDIO AMBIENTE E IMPACTO AMBIENTAL. PROTECCION.",89051,0,9
1994-01-14,16465,https://parlamento.gub.uy/documentosyleyes/leyes/ley/16465,https://www.impo.com.uy/bases/leyes/16465-1994,"LEGISLADOR. LICENCIA. REGIMEN. MODIFICACION.",81534,1,1
1994-01-12,16464,https://parlamento.gub.uy/documentosyleyes/leyes/ley/16464,https://www.impo.com.uy/bases/leyes/16464-1994,"IMPUESTO RETRIBUCIONES PERSONALES. DESTINO VIVIENDAS JUBILADOS Y  PENSIONISTAS.",89398,3,0
1994-01-11,16463,https://parlamento.gub.uy/documentosyleyes/leyes/ley/16463,https://www.impo.com.uy/bases/leyes/16463-1994,"OFICIALES SUPERIORES FUERZAS ARMADAS. BENEFICIO RETIRO. REGIMEN.",93657,2,0
1994-01-11,16462,https://parlamento.gub.uy/documentosyleyes/leyes/ley/16462,https://www.impo.com.uy/bases/leyes/16462-1994,"RENDICION CUENTAS 1992. APROBACION.",89270,50,26
1993-12-31,16461,https://parlamento.gub.uy/documentosyleyes/leyes/ley/16461,https://www.impo.com.uy/bases/leyes/16461-1993,"PENA MUERTE. ABOLICION. PROTOCOLO CONVENCION AMERICANA DERECHOS HUMANOS.  APROBACION.",81760,0,0
1993-12-30,16460,https://parlamento.gub.uy/documentosyleyes/leyes/ley/16460,https://www.impo.com.uy/bases/leyes/16460-1993,"FUNCIONARIO PUBLICO. CESE OBLIGATORIO. DEROGACION NORMAS.",89450,1,0
1993-12-23,16459,https://parlamento.gub.uy/documentosyleyes/leyes/ley/16459,https://www.impo.com.uy/bases/leyes/16459-1993,"PRODUCTOS AGROPECUARIOS. COMPRADOR. CERTIFICADO. EMISION.",88438,1,0
1993-12-23,16458,https://parlamento.gub.uy/documentosyleyes/leyes/ley/16458,https://www.impo.com.uy/bases/leyes/16458-1993,"INSPECTOR ANEP. BENEFICIO RETIRO. OBLIGATORIEDAD PAGO.",94657,1,0
1993-12-23,16457,https://parlamento.gub.uy/documentosyleyes/leyes/ley/16457,https://www.impo.com.uy/bases/leyes/16457-1993,"COOPERATIVAS AGRARIAS. CONSEJO ADMINISTRACION. INTEGRACION. MODIFICACION.",90125,1,0
1993-12-22,16456,https://parlamento.gub.uy/documentosyleyes/leyes/ley/16456,https://www.impo.com.uy/bases/leyes/16456-1993,"TITULOS HIPOTECARIOS REAJUSTABLES BANCO HIPOTECARIO. EMISION. AUTORIZACION.",93163,0,0
1993-12-22,16455,https://parlamento.gub.uy/documentosyleyes/leyes/ley/16455,https://www.impo.com.uy/bases/leyes/16455-1993,"MOLINA COITIÑO, Juan Carlos. PENSION GRACIABLE. OTORGAMIENTO.",91029,0,0
1993-12-22,16454,https://parlamento.gub.uy/documentosyleyes/leyes/ley/16454,https://www.impo.com.uy/bases/leyes/16454-1993,"BONOS TESORO Y LETRAS TESORERIA. EMISION. TOPES. MODIFICACION.",88429,1,1
1993-12-17,16453,https://parlamento.gub.uy/documentosyleyes/leyes/ley/16453,https://www.impo.com.uy/bases/leyes/16453-1993,"MONTELEONE, Vicente. TRAMO RUTA Nº17. DENOMINACION.",81676,0,0
1993-12-17,16452,https://parlamento.gub.uy/documentosyleyes/leyes/ley/16452,https://www.impo.com.uy/bases/leyes/16452-1993,"BULGARIA-URUGUAY. CONVENIO SANITARIO-VETERINARIO. APROBACION.",81582,0,0
1993-12-16,16451,https://parlamento.gub.uy/documentosyleyes/leyes/ley/16451,https://www.impo.com.uy/bases/leyes/16451-1993,"FRIGORIFICOS SWIFT y ARTIGAS. TRABAJADOR CESANTE. BENEFICIOS.",81385,1,2
1993-12-15,16450,https://parlamento.gub.uy/documentosyleyes/leyes/ley/16450,https://www.impo.com.uy/bases/leyes/16450-1993,"FONTES, Héctor. CENTRO SALUD PUBLICA PAN DE AZUCAR (MALDONADO). DENOMINACION.",90452,0,0
1993-12-15,16449,https://parlamento.gub.uy/documentosyleyes/leyes/ley/16449,https://www.impo.com.uy/bases/leyes/16449-1993,"BPS Y CAJAS PARAESTATALES JUBILACIONES Y PENSIONES. RETENCION CUOTAS HABERES 
AFILIADOS. AUTORIZACION.",81547,0,0
1993-12-15,16448,https://parlamento.gub.uy/documentosyleyes/leyes/ley/16448,https://www.impo.com.uy/bases/leyes/16448-1993,"FERRES, Ricardo. TRAMO RUTA 18. DENOMINACION.",90453,0,0
1993-12-15,16447,https://parlamento.gub.uy/documentosyleyes/leyes/ley/16447,https://www.impo.com.uy/bases/leyes/16447-1993,"INMUEBLES (TACUAREMBO). DESAFECTACION.",81507,0,0
1993-12-15,16446,https://parlamento.gub.uy/documentosyleyes/leyes/ley/16446,https://www.impo.com.uy/bases/leyes/16446-1993,"GRAN BRETAÑA E IRLANDA DEL NORTE-URUGUAY. TRAFICO DROGAS. ASISTENCIA  JURIDICA. CONVENIO. APROBACION.",81763,0,0
1993-12-15,16445,https://parlamento.gub.uy/documentosyleyes/leyes/ley/16445,https://www.impo.com.uy/bases/leyes/16445-1993,"SISTEMA GLOBAL PREFERENCIAS COMERCIALES. CONVENIO. APROBACION.",81569,0,0
1993-12-15,16444,https://parlamento.gub.uy/documentosyleyes/leyes/ley/16444,https://www.impo.com.uy/bases/leyes/16444-1993,"ESPAÑA-URUGUAY. COOPERACION ECONOMICA. CONVENIO. APROBACION.",88379,0,0
1993-12-15,16443,https://parlamento.gub.uy/documentosyleyes/leyes/ley/16443,https://www.impo.com.uy/bases/leyes/16443-1993,"DUBRA, Luciano A.. CENTRO INSTRUCCION BLINDADOS Y MECANIZADOS ARMA  CABALLERIA. DENOMINACION.",88682,1,0
1993-12-15,16442,https://parlamento.gub.uy/documentosyleyes/leyes/ley/16442,https://www.impo.com.uy/bases/leyes/16442-1993,"ORIBE, Manuel. GRUPO ARTILLERIA Nº1. DENOMINACION.",88638,0,0
1993-12-15,16441,https://parlamento.gub.uy/documentosyleyes/leyes/ley/16441,https://www.impo.com.uy/bases/leyes/16441-1993,"RIVERA, Fructuoso y LAVALLEJA, Juan Antonio. REGIMIENTO CABALLERIA Nº3 y  BATALLON INFANTERIA Nº11. DENOMINACION.",88621,1,0
1993-12-15,16440,https://parlamento.gub.uy/documentosyleyes/leyes/ley/16440,https://www.impo.com.uy/bases/leyes/16440-1993,"PERSONAL SUBALTERNO FF.AA.. RETIRO OBLIGATORIO. REPARACION.",88643,0,1
1993-12-15,16439,https://parlamento.gub.uy/documentosyleyes/leyes/ley/16439,https://www.impo.com.uy/bases/leyes/16439-1993,"DIAZ, Dionisio. ESCUELAS RURALES. DENOMINACION.",81733,0,0
1993-12-15,16438,https://parlamento.gub.uy/documentosyleyes/leyes/ley/16438,https://www.impo.com.uy/bases/leyes/16438-1993,"VILLANUSTRE, Isabel. ESCUELA CERRO DE LAS ARMAS (COLONIA). DENOMINACION.",90455,0,0
1993-12-15,16437,https://parlamento.gub.uy/documentosyleyes/leyes/ley/16437,https://www.impo.com.uy/bases/leyes/16437-1993,"ITALIA. ESCUELA FRAY BENTOS (RIO NEGRO). DENOMINACION.",81682,0,0
1993-12-15,16436,https://parlamento.gub.uy/documentosyleyes/leyes/ley/16436,https://www.impo.com.uy/bases/leyes/16436-1993,"ROSSO LAPENDA, Roberto. PLAZA DEPORTES NUEVA HELVECIA (COLONIA).  DENOMINACION.",88880,0,0
1993-12-15,16435,https://parlamento.gub.uy/documentosyleyes/leyes/ley/16435,https://www.impo.com.uy/bases/leyes/16435-1993,"PIERA, Joaquín. ESCUELA FLORIDA. DENOMINACION.",81635,0,0
1993-12-15,16434,https://parlamento.gub.uy/documentosyleyes/leyes/ley/16434,https://www.impo.com.uy/bases/leyes/16434-1993,"RIVOIR BONJOUR, Víctor. ESCUELA AGRARIA (ARTIGAS). DENOMINACION.",90456,0,0
1993-12-15,16433,https://parlamento.gub.uy/documentosyleyes/leyes/ley/16433,https://www.impo.com.uy/bases/leyes/16433-1993,"COLON, Cristóbal. ESCUELA TACUAREMBO. DENOMINACION.",89234,0,0
1993-12-01,16432,https://parlamento.gub.uy/documentosyleyes/leyes/ley/16432,https://www.impo.com.uy/bases/leyes/16432-1993,"MERCOSUR-EE.UU. CONSEJO COMERCIO E INVERSION. CONVENIO. APROBACION.",81615,0,0
1993-11-30,16431,https://parlamento.gub.uy/documentosyleyes/leyes/ley/16431,https://www.impo.com.uy/bases/leyes/16431-1993,"EE.UU.-URUGUAY. ASISTENCIA JURIDICA PENAL. CONVENIO. APROBACION.",81594,0,0
1993-11-26,16430,https://parlamento.gub.uy/documentosyleyes/leyes/ley/16430,https://www.impo.com.uy/bases/leyes/16430-1993,"COMISIONES. IMPUESTO. INTERPRETACION.",81766,2,0
1993-11-16,16429,https://parlamento.gub.uy/documentosyleyes/leyes/ley/16429,https://www.impo.com.uy/bases/leyes/16429-1993,"DIRECCION ASISTENCIA SOCIAL POLICIAL. RETIROS DEL FONDO TUTELA SOCIAL  POLICIAL. AUTORIZACION.",88874,1,0
1993-11-09,16428,https://parlamento.gub.uy/documentosyleyes/leyes/ley/16428,https://www.impo.com.uy/bases/leyes/16428-1993,"ROCHA. BICENTENARIO FUNDACION. FERIADO. DECLARACION.",89271,0,0
1993-10-28,16427,https://parlamento.gub.uy/documentosyleyes/leyes/ley/16427,https://www.impo.com.uy/bases/leyes/16427-1993,"CAPA OZONO. ENMIENDA PROTOCOLO MONTREAL. APROBACION.",90120,0,0
1993-10-14,16426,https://parlamento.gub.uy/documentosyleyes/leyes/ley/16426,https://www.impo.com.uy/bases/leyes/16426-1993,"CONTRATOS SEGUROS. MONOPOLIO ESTADO. SUPRESION.",89497,5,8
1993-10-13,16425,https://parlamento.gub.uy/documentosyleyes/leyes/ley/16425,https://www.impo.com.uy/bases/leyes/16425-1993,"OPERACION UNITAS XXXIV (1993). REALIZACION. AUTORIZACION.",90137,0,0
1993-10-04,16424,https://parlamento.gub.uy/documentosyleyes/leyes/ley/16424,https://www.impo.com.uy/bases/leyes/16424-1993,"BRASIL-URUGUAY. CONSUMO, PRODUCCION Y TRAFICO DROGAS. REPRESION. CONVENIO.  APROBACION.",89159,0,0
1993-10-04,16423,https://parlamento.gub.uy/documentosyleyes/leyes/ley/16423,https://www.impo.com.uy/bases/leyes/16423-1993,"BOLIVIA-URUGUAY. CONSUMO Y TRAFICO ILICITO DROGAS. PREVENCION Y REPRESION.  CONVENIO. APROBACION.",89158,0,0
1993-09-30,16422,https://parlamento.gub.uy/documentosyleyes/leyes/ley/16422,https://www.impo.com.uy/bases/leyes/16422-1993,"CHILE-URUGUAY. PREVENCION CONSUMO Y TRAFICO ILICITO DROGAS.CONVENIO.  APROBACION.",81613,0,0
1993-09-28,16421,https://parlamento.gub.uy/documentosyleyes/leyes/ley/16421,https://www.impo.com.uy/bases/leyes/16421-1993,"ARGELIA-URUGUAY. COMERCIO.FOMENTO. CONVENIO. APROBACION.",80558,0,0
1993-09-16,16420,https://parlamento.gub.uy/documentosyleyes/leyes/ley/16420,https://www.impo.com.uy/bases/leyes/16420-1993,"INMUEBLES MINISTERIO SALUD PUBLICA (MONTEVIDEO). VENTA. AUTORIZACION.",89328,0,0
1993-09-15,16419,https://parlamento.gub.uy/documentosyleyes/leyes/ley/16419,https://www.impo.com.uy/bases/leyes/16419-1993,"EMPLEADOS POR REUNION JOCKEY CLUB MONTEVIDEO. JUBILACION. REGIMEN BPS.  INCLUSION.",89275,1,0
1993-09-14,16418,https://parlamento.gub.uy/documentosyleyes/leyes/ley/16418,https://www.impo.com.uy/bases/leyes/16418-1993,"EUSKADI. ESCUELA (MONTEVIDEO). DENOMINACION.",81454,0,0
1993-09-14,16417,https://parlamento.gub.uy/documentosyleyes/leyes/ley/16417,https://www.impo.com.uy/bases/leyes/16417-1993,"ESTEVEZ, Ildefoso P.. LICEO (TACUAREMBO). DENOMINACION.",81548,1,0
1993-09-14,16416,https://parlamento.gub.uy/documentosyleyes/leyes/ley/16416,https://www.impo.com.uy/bases/leyes/16416-1993,"ESPAÑA-URUGUAY. CONVENIO TRANSPORTE AEREO COMERCIAL (ARTICULO XV).  MODIFICACION. APROBACION.",81585,1,0
1993-09-08,16415,https://parlamento.gub.uy/documentosyleyes/leyes/ley/16415,https://www.impo.com.uy/bases/leyes/16415-1993,"ORGANIZACION INTERGUBERNAMENTAL MIGRACIONES (OIM). COOPERACION. CONVENIO.  APROBACION.",81489,0,0
1993-08-31,16414,https://parlamento.gub.uy/documentosyleyes/leyes/ley/16414,https://www.impo.com.uy/bases/leyes/16414-1993,"HOSPITAL FUERZAS ARMADAS. EQUIPAMIENTO. DESTINO PRESTAMO ESPAÑA.",89199,0,0
1993-08-31,16413,https://parlamento.gub.uy/documentosyleyes/leyes/ley/16413,https://www.impo.com.uy/bases/leyes/16413-1993,"EJERCITO Y FUERZA AEREA. COMPRAS. PRESTAMO ESPAÑA. DESTINO.",89169,0,0
1993-08-31,16412,https://parlamento.gub.uy/documentosyleyes/leyes/ley/16412,https://www.impo.com.uy/bases/leyes/16412-1993,"RED METEOROLOGICA AUTOMATICA. ADQUISICION DIRECCION NACIONAL METEOROLOGIA.  DESTINO PRESTAMO ESPAÑA.",89200,0,0
1993-08-31,16411,https://parlamento.gub.uy/documentosyleyes/leyes/ley/16411,https://www.impo.com.uy/bases/leyes/16411-1993,"APORTES RURALES. CALENDARIO LIQUIDACIONES Y PAGO. DETERMINACION.",89058,1,0
1993-08-31,16410,https://parlamento.gub.uy/documentosyleyes/leyes/ley/16410,https://www.impo.com.uy/bases/leyes/16410-1993,"INMUEBLES MONTEVIDEO (DEPARTAMENTO). EXPROPIACION. UTILIDAD PUBLICA.  DECLARACION.",89364,1,0
1993-08-27,16409,https://parlamento.gub.uy/documentosyleyes/leyes/ley/16409,https://www.impo.com.uy/bases/leyes/16409-1993,"CHILE-URUGUAY. TURISMO. CONVENIO. APROBACION.",81339,0,0
1993-08-27,16408,https://parlamento.gub.uy/documentosyleyes/leyes/ley/16408,https://www.impo.com.uy/bases/leyes/16408-1993,"MEDIO AMBIENTE. PROTECCION DIVERSIDAD BIOLOGICA. CONVENIO. APROBACION.",88359,0,1
1993-08-27,16407,https://parlamento.gub.uy/documentosyleyes/leyes/ley/16407,https://www.impo.com.uy/bases/leyes/16407-1993,"ORIBE. LICEO CERRITO VICTORIA (MONTEVIDEO). DENOMINACION.",81320,0,0
1993-08-27,16406,https://parlamento.gub.uy/documentosyleyes/leyes/ley/16406,https://www.impo.com.uy/bases/leyes/16406-1993,"ESPAÑA. ESCUELA LA CHARQUEADA (TREINTA Y TRES). DENOMINACION.",81538,0,0
1993-08-17,16405,https://parlamento.gub.uy/documentosyleyes/leyes/ley/16405,https://www.impo.com.uy/bases/leyes/16405-1993,"CINCO DE ORO. IMPUESTO DESTINO FONDO RECURSOS IMAE. INTERPRETACION.",88513,1,0
1993-08-13,16404,https://parlamento.gub.uy/documentosyleyes/leyes/ley/16404,https://www.impo.com.uy/bases/leyes/16404-1993,"GUERRERO, José María. ESCUELA TRINIDAD (FLORES). DENOMINACION.",81725,0,0
1993-08-10,16403,https://parlamento.gub.uy/documentosyleyes/leyes/ley/16403,https://www.impo.com.uy/bases/leyes/16403-1993,"CODIGO AERONAUTICO. MODIFICACION.",81162,1,0
1993-08-10,16402,https://parlamento.gub.uy/documentosyleyes/leyes/ley/16402,https://www.impo.com.uy/bases/leyes/16402-1993,"DOMINICANA-URUGUAY. CULTURA. COOPERACION. CONVENIO. APROBACION.",80415,0,0
1993-08-10,16401,https://parlamento.gub.uy/documentosyleyes/leyes/ley/16401,https://www.impo.com.uy/bases/leyes/16401-1993,"INSTITUTO INTERAMERICANO INVESTIGACION CAMBIO GLOBAL. CONVENIO. APROBACION.",81701,0,0
1993-08-04,16400,https://parlamento.gub.uy/documentosyleyes/leyes/ley/16400,https://www.impo.com.uy/bases/leyes/16400-1993,"BARCO GUARDACOSTAS ROU SALTO. SALIDA PAIS. AUTORIZACION.",89452,0,0
1993-08-04,16399,https://parlamento.gub.uy/documentosyleyes/leyes/ley/16399,https://www.impo.com.uy/bases/leyes/16399-1993,"VARELA (LAVALLEJA). ANIVERSARIO FUNDACION (65). FERIADO. DECLARACION.",89321,0,0
1993-08-04,16398,https://parlamento.gub.uy/documentosyleyes/leyes/ley/16398,https://www.impo.com.uy/bases/leyes/16398-1993,"PATRIMONIO (IMPUESTO). VALOR FICTO. AJUAR Y MUEBLES INMUEBLES RURALES.  DETERMINACION.",89412,0,0
1993-08-04,16397,https://parlamento.gub.uy/documentosyleyes/leyes/ley/16397,https://www.impo.com.uy/bases/leyes/16397-1993,"GIAMBRUNO, Cyro. ESCUELA FRAY MARCOS (FLORIDA). DENOMINACION.",81729,0,0
1993-07-29,16396,https://parlamento.gub.uy/documentosyleyes/leyes/ley/16396,https://www.impo.com.uy/bases/leyes/16396-1993,"RUMANIA-URUGUAY. PROTECCION INVERSIONES. CONVENIO. APROBACION.",81764,0,0
1993-07-23,16395,https://parlamento.gub.uy/documentosyleyes/leyes/ley/16395,https://www.impo.com.uy/bases/leyes/16395-1993,"ESPAÑA. ESCUELA FLORIDA. DENOMINACION.",89132,0,0
1993-07-21,16394,https://parlamento.gub.uy/documentosyleyes/leyes/ley/16394,https://www.impo.com.uy/bases/leyes/16394-1993,"BARCO ARMADA ROU ""CAPITAN MIRANDA"". REPARACION. DESTINO PRESTAMO ESPAÑA.",89201,0,0
1993-07-16,16393,https://parlamento.gub.uy/documentosyleyes/leyes/ley/16393,https://www.impo.com.uy/bases/leyes/16393-1993,"RODRIGUEZ CASTILLOS, Osiris. PENSION GRACIABLE. OTORGAMIENTO.",88277,0,0
1993-07-13,16392,https://parlamento.gub.uy/documentosyleyes/leyes/ley/16392,https://www.impo.com.uy/bases/leyes/16392-1993,"NOBEL, Alfredo B. ESCUELA RURAL LAS VIOLETAS (CANELONES). DENOMINACION.",81269,0,0
1993-07-13,16391,https://parlamento.gub.uy/documentosyleyes/leyes/ley/16391,https://www.impo.com.uy/bases/leyes/16391-1993,"RIOS, Sainap Amir. ESCUELA JARDIN INFANTES CANELONES (CANELONES).  DENOMINACION.",81406,0,0
1993-07-13,16390,https://parlamento.gub.uy/documentosyleyes/leyes/ley/16390,https://www.impo.com.uy/bases/leyes/16390-1993,"ITALIA. ESCUELA RECUPERACION PSIQUICA LA PAZ (CANELONES). DENOMINACION.",81347,0,0
1993-07-06,16389,https://parlamento.gub.uy/documentosyleyes/leyes/ley/16389,https://www.impo.com.uy/bases/leyes/16389-1993,"GANADO MAYOR. MARCACION. SISTEMA. MODIFICACION.",81289,1,0
1993-06-28,16388,https://parlamento.gub.uy/documentosyleyes/leyes/ley/16388,https://www.impo.com.uy/bases/leyes/16388-1993,"PASIVIDADES. BENEFICIARIOS EN PAISES CON ACUERDOS DE PAGO.",88684,0,0
1993-06-27,16387,https://parlamento.gub.uy/documentosyleyes/leyes/ley/16387,https://www.impo.com.uy/bases/leyes/16387-1993,"BARCOS MERCANTES. BANDERA NACIONAL. OTORGAMIENTO. REGIMEN. (LEY Nº 10.945).  MODIFICACION.",81557,4,6
1993-06-16,16386,https://parlamento.gub.uy/documentosyleyes/leyes/ley/16386,https://www.impo.com.uy/bases/leyes/16386-1993,"ESPAÑA-URUGUAY. COOPERACION Y AMISTAD. CONVENIO. APROBACION.",81790,0,0
1993-06-16,16385,https://parlamento.gub.uy/documentosyleyes/leyes/ley/16385,https://www.impo.com.uy/bases/leyes/16385-1993,"DEL CIOPPO FOGLIACO, Américo Celestino. PENSION GRACIABLE. OTORGAMIENTO.",88833,0,0
1993-06-16,16384,https://parlamento.gub.uy/documentosyleyes/leyes/ley/16384,https://www.impo.com.uy/bases/leyes/16384-1993,"ARMAS NUCLEARES. PROSCRIPCION EN AMERICA LATINA. CONVENIO. ENMIENDAS.  APROBACION.",81673,0,0
1993-06-15,16383,https://parlamento.gub.uy/documentosyleyes/leyes/ley/16383,https://www.impo.com.uy/bases/leyes/16383-1993,"PEREZ, Saviniano. ESCUELA RECUPERACION PSIQUICA CERRO LARGO. DENOMINACION.",81263,0,0
1993-06-15,16382,https://parlamento.gub.uy/documentosyleyes/leyes/ley/16382,https://www.impo.com.uy/bases/leyes/16382-1993,"CURSOS CAPACITACION ASPIRANTES ALFEREZ INTENDENCIA EJERCITO. REALIZACION.  AUTORIZACION.",88937,1,0
1993-06-08,16381,https://parlamento.gub.uy/documentosyleyes/leyes/ley/16381,https://www.impo.com.uy/bases/leyes/16381-1993,"PARAGUAY-URUGUAY. COOPERACION TURISTICA. CONVENIO. APROBACION.",81530,0,0
1993-06-08,16380,https://parlamento.gub.uy/documentosyleyes/leyes/ley/16380,https://www.impo.com.uy/bases/leyes/16380-1993,"SAN BAUTISTA (CANELONES). CIUDAD. DECLARATORIA.",81630,0,0
1993-06-08,16379,https://parlamento.gub.uy/documentosyleyes/leyes/ley/16379,https://www.impo.com.uy/bases/leyes/16379-1993,"FRANCIA. ESCUELA LIBERTAD (SAN JOSE). DENOMINACION.",81461,0,0
1993-06-03,16378,https://parlamento.gub.uy/documentosyleyes/leyes/ley/16378,https://www.impo.com.uy/bases/leyes/16378-1993,"DIA TRABAJADOR JUDICIAL - 5 JULIO. DECLARACION.",81653,0,0
1993-06-01,16377,https://parlamento.gub.uy/documentosyleyes/leyes/ley/16377,https://www.impo.com.uy/bases/leyes/16377-1993,"PRODUCTOR RURAL. APORTE SEGURO SOCIAL ENFERMEDAD. IMPLANTACION. PRORROGA.",81778,2,2
1993-05-25,16376,https://parlamento.gub.uy/documentosyleyes/leyes/ley/16376,https://www.impo.com.uy/bases/leyes/16376-1993,"INSPECCION HACIENDA (GENERAL). REDISTRIBUCION POR PODER EJECUTIVO.  INTERPRETACION.",88755,1,0
1993-05-21,16375,https://parlamento.gub.uy/documentosyleyes/leyes/ley/16375,https://www.impo.com.uy/bases/leyes/16375-1993,"TITULOS PUBLICOS. COLOCACION. TRABAS JURIDICAS. ELIMINACION.",81602,2,0
1993-05-21,16374,https://parlamento.gub.uy/documentosyleyes/leyes/ley/16374,https://www.impo.com.uy/bases/leyes/16374-1993,"TECNICAS MODIFICACION AMBIENTAL FINES MILITARES. USO. PROHIBICION. CONVENIO  ONU. APROBACION.",81642,0,0
1993-05-19,16373,https://parlamento.gub.uy/documentosyleyes/leyes/ley/16373,https://www.impo.com.uy/bases/leyes/16373-1993,"PARAGUAY-URUGUAY. EXPLOTACION LINEAS INTERNACIONALES TRANSPORTE AEREO.  CONVENIO. APROBACION.",81791,0,0
1993-05-19,16372,https://parlamento.gub.uy/documentosyleyes/leyes/ley/16372,https://www.impo.com.uy/bases/leyes/16372-1993,"DIA MUNDIAL MEDIO AMBIENTE. DECLARACION.",81637,0,0
1993-05-19,16371,https://parlamento.gub.uy/documentosyleyes/leyes/ley/16371,https://www.impo.com.uy/bases/leyes/16371-1993,"CANEPA, Juan Francisco Darío. PENSION GRACIABLE. OTORGAMIENTO.",81750,0,0
1993-05-19,16370,https://parlamento.gub.uy/documentosyleyes/leyes/ley/16370,https://www.impo.com.uy/bases/leyes/16370-1993,"IBARBOUROU, Juana DE. ESCUELA SANTA CLARA OLIMAR (TREINTA Y TRES).  DENOMINACION.",81400,0,0
1993-05-19,16369,https://parlamento.gub.uy/documentosyleyes/leyes/ley/16369,https://www.impo.com.uy/bases/leyes/16369-1993,"BARRENECHEA, José Joaquín. LICEO NOCTURNO DOLORES (SORIANO). DENOMINACION.",81531,0,0
1993-05-19,16368,https://parlamento.gub.uy/documentosyleyes/leyes/ley/16368,https://www.impo.com.uy/bases/leyes/16368-1993,"IBARBOUROU, Juana DE. ESCUELA SAN JOSE. DENOMINACION.",81340,0,0
1993-05-19,16367,https://parlamento.gub.uy/documentosyleyes/leyes/ley/16367,https://www.impo.com.uy/bases/leyes/16367-1993,"AVIACION CIVIL INTERNACIONAL. PROTOCOLO. ENMIENDA. APROBACION.",81512,1,0
1993-05-19,16366,https://parlamento.gub.uy/documentosyleyes/leyes/ley/16366,https://www.impo.com.uy/bases/leyes/16366-1993,"HUNGRIA-URUGUAY. DOBLE IMPOSICION EN IMPUESTOS RENTA Y PATRIMONIO. CONVENIO.  APROBACION.",81643,0,0
1993-05-13,16365,https://parlamento.gub.uy/documentosyleyes/leyes/ley/16365,https://www.impo.com.uy/bases/leyes/16365-1993,"MUÑOZ, Basilio. TRAMO RUTA 19 - RUTA 6 (CERRO CHATO). DENOMINACION.",81565,0,0
1993-05-11,16364,https://parlamento.gub.uy/documentosyleyes/leyes/ley/16364,https://www.impo.com.uy/bases/leyes/16364-1993,"BENAVIDEZ TABAREZ, Lidia Melba (LAGRIMA RIOS). PENSION GRACIABLE.  OTORGAMIENTO.",88274,0,0
1993-05-11,16363,https://parlamento.gub.uy/documentosyleyes/leyes/ley/16363,https://www.impo.com.uy/bases/leyes/16363-1993,"GREZZI, Juan Rafael. PENSION GRACIABLE. OTORGAMIENTO.",88275,0,0
1993-05-11,16362,https://parlamento.gub.uy/documentosyleyes/leyes/ley/16362,https://www.impo.com.uy/bases/leyes/16362-1993,"OEA. ESCUELA MONTEVIDEO. DENOMINACION.",81720,0,0
1993-04-26,16361,https://parlamento.gub.uy/documentosyleyes/leyes/ley/16361,https://www.impo.com.uy/bases/leyes/16361-1993,"AGUA POTABLE Y SANEAMIENTO AL ESTE ARROYO MALDONADO. SUMINISTRO. CONCESION.  APROBACION.",88563,0,0
1993-04-20,16360,https://parlamento.gub.uy/documentosyleyes/leyes/ley/16360,https://www.impo.com.uy/bases/leyes/16360-1993,"GODAY, Ramón. LICEO VILLA CASUPA (FLORIDA). DENOMINACION.",81363,0,0
1993-04-20,16359,https://parlamento.gub.uy/documentosyleyes/leyes/ley/16359,https://www.impo.com.uy/bases/leyes/16359-1993,"FALTAS CONTRA ORDEN PUBLICO. PENALIZACION. MODIFICACION.",81738,0,1
1993-04-20,16358,https://parlamento.gub.uy/documentosyleyes/leyes/ley/16358,https://www.impo.com.uy/bases/leyes/16358-1993,"ITALIA. ESCUELA (TACUAREMBO). DENOMINACION.",81131,0,0
1993-04-20,16357,https://parlamento.gub.uy/documentosyleyes/leyes/ley/16357,https://www.impo.com.uy/bases/leyes/16357-1993,"FIRPO, José María. ESCUELA PIÑERA (PAYSANDU). DENOMINACION.",81246,0,0
1993-04-20,16356,https://parlamento.gub.uy/documentosyleyes/leyes/ley/16356,https://www.impo.com.uy/bases/leyes/16356-1993,"COMISION COMUNIDADES EUROPEAS. DELEGACION EN URUGUAY. CONVENIO. APROBACION.",81476,0,0
1993-04-20,16355,https://parlamento.gub.uy/documentosyleyes/leyes/ley/16355,https://www.impo.com.uy/bases/leyes/16355-1993,"PARAGUAY-URUGUAY. DROGAS Y PRODUCTOS QUIMICOS. CONSUMO INDEBIDO Y TRAFICO  ILICITO. PREVENCION Y REPRESION. CONVENIO. APROBACION.",81570,0,0
1993-04-20,16354,https://parlamento.gub.uy/documentosyleyes/leyes/ley/16354,https://www.impo.com.uy/bases/leyes/16354-1993,"ALEMANIA. ESCUELA NUEVO BERLIN (RIO NEGRO). DENOMINACION.",81224,0,0
1993-04-20,16353,https://parlamento.gub.uy/documentosyleyes/leyes/ley/16353,https://www.impo.com.uy/bases/leyes/16353-1993,"LITUANIA. ESCUELA (MONTEVIDEO). DENOMINACION.",81440,0,0
1993-04-20,16352,https://parlamento.gub.uy/documentosyleyes/leyes/ley/16352,https://www.impo.com.uy/bases/leyes/16352-1993,"INMUEBLE MINISTERIO INTERIOR ARTIGAS. DESAFECTACION.",81311,0,0
1993-04-12,16351,https://parlamento.gub.uy/documentosyleyes/leyes/ley/16351,https://www.impo.com.uy/bases/leyes/16351-1993,"POLONIA-URUGUAY. COMERCIO. CONVENIO. APROBACION.",80820,0,0
1993-04-12,16350,https://parlamento.gub.uy/documentosyleyes/leyes/ley/16350,https://www.impo.com.uy/bases/leyes/16350-1993,"BAFFICO, Rosa. PENSION GRACIABLE. OTORGAMIENTO.",88423,0,0
1993-04-10,16349,https://parlamento.gub.uy/documentosyleyes/leyes/ley/16349,https://www.impo.com.uy/bases/leyes/16349-1993,"CODIGOS PENAL Y PROCESO PENAL. MODIFICACION.",81558,1,1
1993-04-01,16348,https://parlamento.gub.uy/documentosyleyes/leyes/ley/16348,https://www.impo.com.uy/bases/leyes/16348-1993,"MERCOSUR. PROTOCOLO BRASILIA. APROBACION.",81622,0,0
1993-03-31,16347,https://parlamento.gub.uy/documentosyleyes/leyes/ley/16347,https://www.impo.com.uy/bases/leyes/16347-1993,"MOZAMBIQUE. ENVIO INTEGRANTES FUERZAS ARMADAS. AUTORIZACION.",88439,0,0
1993-03-19,16346,https://parlamento.gub.uy/documentosyleyes/leyes/ley/16346,https://www.impo.com.uy/bases/leyes/16346-1993,"BARCO ARMADA ROU ""CAPITAN MIRANDA"". SALIDA PAIS. AUTORIZACION.",88320,0,0
1993-03-19,16345,https://parlamento.gub.uy/documentosyleyes/leyes/ley/16345,https://www.impo.com.uy/bases/leyes/16345-1993,"TRIPULANTES BARCOS. FORMACION, TITULACION Y GUARDIA. CONVENIO. APROBACION.",81670,0,0
1993-03-19,16344,https://parlamento.gub.uy/documentosyleyes/leyes/ley/16344,https://www.impo.com.uy/bases/leyes/16344-1993,"MEREGALLI, Jaime (Cnel). MUSEO AERONAUTICO FUERZA AEREA URUGUAYA.  DENOMINACION.",95015,0,1
1992-12-24,16343,https://parlamento.gub.uy/documentosyleyes/leyes/ley/16343,https://www.impo.com.uy/bases/leyes/16343-1992,"COMISION FONDO RECURSOS MEDICINA ALTAMENTE ESPECIALIZADA (HONORARIA  ADMINISTRADORA). CREACION.",80738,3,8
1992-12-23,16342,https://parlamento.gub.uy/documentosyleyes/leyes/ley/16342,https://www.impo.com.uy/bases/leyes/16342-1992,"CASAS, Aurelia. PENSION GRACIABLE. OTORGAMIENTO.",81695,0,0
1992-12-23,16341,https://parlamento.gub.uy/documentosyleyes/leyes/ley/16341,https://www.impo.com.uy/bases/leyes/16341-1992,"CHEREZA MAROLDO, Eva Judith. PENSION GRACIABLE. OTORGAMIENTO.",81668,0,0
1992-12-23,16340,https://parlamento.gub.uy/documentosyleyes/leyes/ley/16340,https://www.impo.com.uy/bases/leyes/16340-1992,"EXTRANJERO ALTO PODER ADQUISITIVO. RADICACION. FRANQUICIAS.",81465,0,0
1992-12-22,16339,https://parlamento.gub.uy/documentosyleyes/leyes/ley/16339,https://www.impo.com.uy/bases/leyes/16339-1992,"SARNA OVINA. CONTROL Y ERRADICACION. REGIMEN.",88272,0,0
1992-12-17,16338,https://parlamento.gub.uy/documentosyleyes/leyes/ley/16338,https://www.impo.com.uy/bases/leyes/16338-1992,"INMUEBLE DIRECCION ADUANAS (CERRO LARGO). TRANSFERENCIA OSE.",81464,0,0
1992-12-13,16337,https://parlamento.gub.uy/documentosyleyes/leyes/ley/16337,https://www.impo.com.uy/bases/leyes/16337-1992,"DIRECTORIO BPS. ELECCIONES. EXONERACION SANCIONES CIUDADANOS OMISION VOTO.",81719,0,0
1992-12-09,16336,https://parlamento.gub.uy/documentosyleyes/leyes/ley/16336,https://www.impo.com.uy/bases/leyes/16336-1992,"MILITAR Y POLICIA. ASIGNACIONES RETIRO Y PENSION. AJUSTE. MODIFICACION.",81789,1,1
1992-12-05,16335,https://parlamento.gub.uy/documentosyleyes/leyes/ley/16335,https://www.impo.com.uy/bases/leyes/16335-1992,"VALIZAS Y AGUAS DULCES (ROCHA). INMUEBLES. TRANSFERENCIA INTENDENCIA ROCHA.",81561,0,0
1992-12-01,16334,https://parlamento.gub.uy/documentosyleyes/leyes/ley/16334,https://www.impo.com.uy/bases/leyes/16334-1992,"INMUEBLE MINISTERIO TRANSPORTE Y OBRAS PUBLICAS. DESAFECTACION. TRANSFERENCIA  A INTENDENCIA MONTEVIDEO.",81601,0,0
1992-12-01,16333,https://parlamento.gub.uy/documentosyleyes/leyes/ley/16333,https://www.impo.com.uy/bases/leyes/16333-1992,"MILITAR Y POLICIA. ASIGNACIONES RETIRO Y PENSION. AJUSTE.",81781,8,11
1992-11-26,16332,https://parlamento.gub.uy/documentosyleyes/leyes/ley/16332,https://www.impo.com.uy/bases/leyes/16332-1992,"FONDO APOYO CITRICULTURA. CREACION.",81667,3,3
1992-11-26,16331,https://parlamento.gub.uy/documentosyleyes/leyes/ley/16331,https://www.impo.com.uy/bases/leyes/16331-1992,"INMUEBLES ROCHA. EXPROPIACION. DECLARACION UTILIDAD PUBLICA. DEROGACION.",81633,0,0
1992-11-25,16330,https://parlamento.gub.uy/documentosyleyes/leyes/ley/16330,https://www.impo.com.uy/bases/leyes/16330-1992,"MAGISTRADOS PODER JUDICIAL, TRIBUNAL CONTENCIOSO Y MINISTERIO PUBLICO Y  FISCAL. TOPE JUBILATORIO. ELIMINACION.",81640,2,1
1992-11-25,16329,https://parlamento.gub.uy/documentosyleyes/leyes/ley/16329,https://www.impo.com.uy/bases/leyes/16329-1992,"INMUEBLE CHUY (ROCHA). EXPROPIACION. UTILIDAD PUBLICA. DECLARACION.",81603,0,0
1992-11-13,16328,https://parlamento.gub.uy/documentosyleyes/leyes/ley/16328,https://www.impo.com.uy/bases/leyes/16328-1992,"TORRES LEIVA, Felipe. CENTRO SALUD PUBLICA NUEVA PALMIRA. DENOMINACION.",81214,0,0
1992-11-11,16327,https://parlamento.gub.uy/documentosyleyes/leyes/ley/16327,https://www.impo.com.uy/bases/leyes/16327-1992,"INTERMEDIACION FINANCIERA. REGIMEN. MODIFICACION.",81484,4,17
1992-11-10,16326,https://parlamento.gub.uy/documentosyleyes/leyes/ley/16326,https://www.impo.com.uy/bases/leyes/16326-1992,"OUNANIAN, Nubar y Ohannes. PENSIONES GRACIABLES. OTORGAMIENTO.",81696,0,0
1992-11-09,16325,https://parlamento.gub.uy/documentosyleyes/leyes/ley/16325,https://www.impo.com.uy/bases/leyes/16325-1992,"MUNIZ, Margarita. ESCUELA AIGUA (MALDONADO). DENOMINACION.",81133,0,0
1992-11-09,16324,https://parlamento.gub.uy/documentosyleyes/leyes/ley/16324,https://www.impo.com.uy/bases/leyes/16324-1992,"JUNAGRA. REPRESENTANTES PRODUCTORES GRANJEROS. ELECCION. REGIMEN.  MODIFICACION.",81520,1,0
1992-11-09,16323,https://parlamento.gub.uy/documentosyleyes/leyes/ley/16323,https://www.impo.com.uy/bases/leyes/16323-1992,"INMUEBLES. PROMESAS VENTA A PLAZOS. REINSCRIPCION. REGIMEN.",81483,0,1
1992-11-08,16322,https://parlamento.gub.uy/documentosyleyes/leyes/ley/16322,https://www.impo.com.uy/bases/leyes/16322-1992,"COMERCIANTE,INDUSTRIAL Y PRODUCTOR RURAL. DEUDAS. CANCELACION. REGIMEN.  MODIFICACION.",81728,4,0
1992-11-06,16321,https://parlamento.gub.uy/documentosyleyes/leyes/ley/16321,https://www.impo.com.uy/bases/leyes/16321-1992,"DERECHO AUTOR. PROTECCION. CONVENIO UNIVERSAL. APROBACION.",81206,0,0
1992-11-03,16319,https://parlamento.gub.uy/documentosyleyes/leyes/ley/16319,https://www.impo.com.uy/bases/leyes/16319-1992,"FERREIRA, Delfa. PENSION GRACIABLE. OTORGAMIENTO.",81559,0,0
1992-11-01,16320,https://parlamento.gub.uy/documentosyleyes/leyes/ley/16320,https://www.impo.com.uy/bases/leyes/16320-1992,"RENDICION CUENTAS 1991. APROBACION.",81788,83,65
1992-10-27,16318,https://parlamento.gub.uy/documentosyleyes/leyes/ley/16318,https://www.impo.com.uy/bases/leyes/16318-1992,"CONVENIO MULTILATERAL DE GARANTIA DE INVERSIONES. CONVENIO CONSTITUTIVO.  APROBACION.",81623,0,0
1992-10-21,16317,https://parlamento.gub.uy/documentosyleyes/leyes/ley/16317,https://www.impo.com.uy/bases/leyes/16317-1992,"NOBLIA (CERRO LARGO). CINCUENTENARIO FUNDACION. CONMEMORACION.",81691,0,0
1992-10-20,16316,https://parlamento.gub.uy/documentosyleyes/leyes/ley/16316,https://www.impo.com.uy/bases/leyes/16316-1992,"DIA ALMACENERO MINORISTA Y BARISTA - 26 OCTUBRE. DECLARACION.",81694,0,0
1992-10-20,16315,https://parlamento.gub.uy/documentosyleyes/leyes/ley/16315,https://www.impo.com.uy/bases/leyes/16315-1992,"LANZA, Aquiles. ESCUELA DISCAPACITADOS INTELECTUALES (MONTEVIDEO).  DENOMINACION.",81232,0,0
1992-10-20,16314,https://parlamento.gub.uy/documentosyleyes/leyes/ley/16314,https://www.impo.com.uy/bases/leyes/16314-1992,"PONCE DE LEON TERRERO, Juana. PENSION GRACIABLE. OTORGAMIENTO.",81675,0,0
1992-10-20,16313,https://parlamento.gub.uy/documentosyleyes/leyes/ley/16313,https://www.impo.com.uy/bases/leyes/16313-1992,"PARAGUAY. ESCUELA (FLORIDA). DENOMINACION.",81402,0,0
1992-10-20,16312,https://parlamento.gub.uy/documentosyleyes/leyes/ley/16312,https://www.impo.com.uy/bases/leyes/16312-1992,"NOBLIA (CERRO LARGO). VILLA. DECLARACION.",81645,0,0
1992-10-15,16311,https://parlamento.gub.uy/documentosyleyes/leyes/ley/16311,https://www.impo.com.uy/bases/leyes/16311-1992,"FONDO PROTECCION INTEGRAL VIÑEDOS. CREACION.",81712,2,4
1992-10-09,16310,https://parlamento.gub.uy/documentosyleyes/leyes/ley/16310,https://www.impo.com.uy/bases/leyes/16310-1992,"BARBIERI, Armando I. LICEO NOCTURNO SALTO. DENOMINACION.",81560,0,0
1992-10-09,16309,https://parlamento.gub.uy/documentosyleyes/leyes/ley/16309,https://www.impo.com.uy/bases/leyes/16309-1992,"FERREIRA ALDUNATE, Wilson. ESCUELA NICO PEREZ (FLORIDA). DENOMINACION.",81651,0,0
1992-10-08,16308,https://parlamento.gub.uy/documentosyleyes/leyes/ley/16308,https://www.impo.com.uy/bases/leyes/16308-1992,"FUERZA AEREA EE.UU. AVIONES. INGRESO PAIS. AUTORIZACION.",81687,0,0
1992-10-08,16307,https://parlamento.gub.uy/documentosyleyes/leyes/ley/16307,https://www.impo.com.uy/bases/leyes/16307-1992,"FUERZAS ARMADAS EEUU. INTEGRANTES Y AVIONES. INGRESO PAIS. AUTORIZACION.",81708,0,0
1992-09-17,16306,https://parlamento.gub.uy/documentosyleyes/leyes/ley/16306,https://www.impo.com.uy/bases/leyes/16306-1992,"FMI. CUOTA URUGUAY. AUMENTO. AUTORIZACION.",81616,0,0
1992-09-14,16305,https://parlamento.gub.uy/documentosyleyes/leyes/ley/16305,https://www.impo.com.uy/bases/leyes/16305-1992,"SAN MARTIN, José de (GENERAL). ESCUELA CARMELO (COLONIA). DENOMINACION.",81589,0,0
1992-09-14,16304,https://parlamento.gub.uy/documentosyleyes/leyes/ley/16304,https://www.impo.com.uy/bases/leyes/16304-1992,"NOAIN, Héctor L. ESCUELA CARMELO (COLONIA). DENOMINACION.",81466,0,0
1992-09-14,16303,https://parlamento.gub.uy/documentosyleyes/leyes/ley/16303,https://www.impo.com.uy/bases/leyes/16303-1992,"UNION INTERNACIONAL TELECOMUNICACIONES (UIT). CONSTITUCION, CONVENIO Y  PROTOCOLO FACULTATIVO. APROBACION.",81448,0,0
1992-09-14,16302,https://parlamento.gub.uy/documentosyleyes/leyes/ley/16302,https://www.impo.com.uy/bases/leyes/16302-1992,"AYESTARAN, Lauro. ESCUELA INICIACION MUSICAL (ROCHA). DENOMINACION.",81462,0,0
1992-09-09,16301,https://parlamento.gub.uy/documentosyleyes/leyes/ley/16301,https://www.impo.com.uy/bases/leyes/16301-1992,"PENSIONES GRACIABLES. OTORGAMIENTO. REGIMEN.",81508,0,1
1992-08-28,16300,https://parlamento.gub.uy/documentosyleyes/leyes/ley/16300,https://www.impo.com.uy/bases/leyes/16300-1992,"CONDECORACION MEDALLA de la REPUBLICA. CREACION.",81496,0,0
1992-08-22,16299,https://parlamento.gub.uy/documentosyleyes/leyes/ley/16299,https://www.impo.com.uy/bases/leyes/16299-1992,"DEUDAS PASIVAS BANCO CENTRAL. CESION ESTADO.",81568,0,0
1992-08-18,16298,https://parlamento.gub.uy/documentosyleyes/leyes/ley/16298,https://www.impo.com.uy/bases/leyes/16298-1992,"CERTIFICADOS BPS. ESCRITURAS ENAJENACIONES POR EXPROPIACION O EJECUCION  FORZADA JUDICIAL. PRESCINDENCIA.",81597,1,6
1992-08-17,16297,https://parlamento.gub.uy/documentosyleyes/leyes/ley/16297,https://www.impo.com.uy/bases/leyes/16297-1992,"FONDO NACIONAL TEATRO. CREACION.",81424,1,4
1992-08-12,16296,https://parlamento.gub.uy/documentosyleyes/leyes/ley/16296,https://www.impo.com.uy/bases/leyes/16296-1992,"SOCIEDADES COMERCIALES, GRUPOS INTERES ECONOMICO Y CONSORCIOS. PUBLICACIONES.  REGIMEN. MODIFICACION.",81146,1,0
1992-08-11,16295,https://parlamento.gub.uy/documentosyleyes/leyes/ley/16295,https://www.impo.com.uy/bases/leyes/16295-1992,"ORIBE, Manuel. NATALICIO. CONMEMORACION.",81647,0,0
1992-08-11,16294,https://parlamento.gub.uy/documentosyleyes/leyes/ley/16294,https://www.impo.com.uy/bases/leyes/16294-1992,"TORTURA. PREVENCION Y SANCIONES. CONVENIO INTERAMERICANO. APROBACION.",81267,0,0
1992-08-11,16293,https://parlamento.gub.uy/documentosyleyes/leyes/ley/16293,https://www.impo.com.uy/bases/leyes/16293-1992,"BRASIL-URUGUAY. APROVECHAMIENTO RECURSOS NATURALES Y DESARROLLO CUENCA RIO  CUAREIM. CONVENIO. APROBACION.",81367,0,0
1992-08-11,16292,https://parlamento.gub.uy/documentosyleyes/leyes/ley/16292,https://www.impo.com.uy/bases/leyes/16292-1992,"ESPAÑA. ESCUELA (TACUAREMBO). DENOMINACION.",81380,0,0
1992-08-11,16291,https://parlamento.gub.uy/documentosyleyes/leyes/ley/16291,https://www.impo.com.uy/bases/leyes/16291-1992,"RONCHI, Apolo. ESCUELA (PAYSANDU). DENOMINACION.",81083,0,0
1992-08-11,16290,https://parlamento.gub.uy/documentosyleyes/leyes/ley/16290,https://www.impo.com.uy/bases/leyes/16290-1992,"CUBA-URUGUAY. COOPERACION ECONOMICO-INDUSTRIAL Y CIENTIFICO-TECNICO.  CONVENIO. APROBACION.",81413,0,0
1992-08-11,16289,https://parlamento.gub.uy/documentosyleyes/leyes/ley/16289,https://www.impo.com.uy/bases/leyes/16289-1992,"VENEZUELA-URUGUAY. TURISMO. CONVENIO. APROBACION.",81085,0,0
1992-08-10,16288,https://parlamento.gub.uy/documentosyleyes/leyes/ley/16288,https://www.impo.com.uy/bases/leyes/16288-1992,"EL SALVADOR-URUGUAY. COOPERACION COMERCIAL Y ECONOMICA. CONVENIO. APROBACION.",81452,0,0
1992-07-29,16287,https://parlamento.gub.uy/documentosyleyes/leyes/ley/16287,https://www.impo.com.uy/bases/leyes/16287-1992,"DERECHO DEL MAR. NACIONES UNIDAS. CONVENIO. APROBACION.",81061,0,0
1992-07-22,16286,https://parlamento.gub.uy/documentosyleyes/leyes/ley/16286,https://www.impo.com.uy/bases/leyes/16286-1992,"BARCOS PESCA ARTESANAL. EQUIPO DE SUPERVIVENCIA. USO. OBLIGATORIEDAD.",81497,0,0
1992-07-22,16285,https://parlamento.gub.uy/documentosyleyes/leyes/ley/16285,https://www.impo.com.uy/bases/leyes/16285-1992,"DIA INTEGRACION AMERICA LATINA. DECLARACION.",81660,0,0
1992-07-20,16284,https://parlamento.gub.uy/documentosyleyes/leyes/ley/16284,https://www.impo.com.uy/bases/leyes/16284-1992,"OPERACION UNITAS XXXIII (1992). REALIZACION. AUTORIZACION.",81664,0,0
1992-07-20,16283,https://parlamento.gub.uy/documentosyleyes/leyes/ley/16283,https://www.impo.com.uy/bases/leyes/16283-1992,"FUERZA AEREA EE.UU. INTEGRANTES Y AVION. INGRESO PAIS. AUTORIZACION.",81576,0,0
1992-07-20,16282,https://parlamento.gub.uy/documentosyleyes/leyes/ley/16282,https://www.impo.com.uy/bases/leyes/16282-1992,"DUBRA,Luciano A.. CENTRO INSTRUCCION BLINDADOS Y MECANIZADO DEL EJERCITO.  DENOMINACION.",81401,0,1
1992-07-20,16281,https://parlamento.gub.uy/documentosyleyes/leyes/ley/16281,https://www.impo.com.uy/bases/leyes/16281-1992,"RODO, José Enrique. ESCUELA (FLORIDA). DENOMINACION.",81544,0,0
1992-07-20,16280,https://parlamento.gub.uy/documentosyleyes/leyes/ley/16280,https://www.impo.com.uy/bases/leyes/16280-1992,"SOLAR DE ARTIGAS. ESCUELA CARMELO (COLONIA). DENOMINACION.",81644,0,0
1992-07-20,16279,https://parlamento.gub.uy/documentosyleyes/leyes/ley/16279,https://www.impo.com.uy/bases/leyes/16279-1992,"PENA MUERTE. ABOLICION. PROTOCOLO FACULTATIVO PACTO INTERNACIONAL DERECHOS  CIVILES Y POLITICOS (2º). APROBACION.",81251,0,0
1992-07-20,16278,https://parlamento.gub.uy/documentosyleyes/leyes/ley/16278,https://www.impo.com.uy/bases/leyes/16278-1992,"EGIPTO-URUGUAY. COOPERACION TECNICA, ECONOMICA Y FINANCIERA. CONVENIO.  APROBACION.",81422,0,0
1992-07-20,16277,https://parlamento.gub.uy/documentosyleyes/leyes/ley/16277,https://www.impo.com.uy/bases/leyes/16277-1992,"ECUADOR-URUGUAY. LIBRE TRANSITO TURISTAS Y EQUIPAJE. CONVENIO. APROBACION.",81391,0,0
1992-07-14,16276,https://parlamento.gub.uy/documentosyleyes/leyes/ley/16276,https://www.impo.com.uy/bases/leyes/16276-1992,"INMUEBLE MINISTERIO SALUD PUBLICA RIVERA (DPTO). ENAJENACION.",81505,0,0
1992-07-10,16275,https://parlamento.gub.uy/documentosyleyes/leyes/ley/16275,https://www.impo.com.uy/bases/leyes/16275-1992,"FONDO COMPLEMENTARIO JUBILATORIO INDUSTRIA PERIODISTICA MONTEVIDEO.  BENEFICIARIOS. AMPLIACION.",81566,2,0
1992-07-06,16274,https://parlamento.gub.uy/documentosyleyes/leyes/ley/16274,https://www.impo.com.uy/bases/leyes/16274-1992,"DUELOS. REALIZACION. DELITO. TIPIFICACION.",81000,1,0
1992-06-23,16273,https://parlamento.gub.uy/documentosyleyes/leyes/ley/16273,https://www.impo.com.uy/bases/leyes/16273-1992,"BORRAS. FILTRADO Y PRENSADO EN ESTABLECIMIENTOS VITIVINICOLAS. AUTORIZACION.",81591,1,0
1992-06-23,16272,https://parlamento.gub.uy/documentosyleyes/leyes/ley/16272,https://www.impo.com.uy/bases/leyes/16272-1992,"ARGENTINA-URUGUAY. CONTAMINACION MEDIO ACUATICO. PREVENCION. CONVENIO.  APROBACION.",81313,0,0
1992-06-23,16271,https://parlamento.gub.uy/documentosyleyes/leyes/ley/16271,https://www.impo.com.uy/bases/leyes/16271-1992,"EL SALVADOR-URUGUAY. SUPRESION VISAS PASAPORTES DIPLOMATICOS Y OFICIALES.  CONVENIO. APROBACION.",81509,0,0
1992-06-23,16270,https://parlamento.gub.uy/documentosyleyes/leyes/ley/16270,https://www.impo.com.uy/bases/leyes/16270-1992,"COMISION URUGUAY-MEXICO (BINACIONAL PERMANENTE). CREACION.",81351,0,0
1992-06-23,16269,https://parlamento.gub.uy/documentosyleyes/leyes/ley/16269,https://www.impo.com.uy/bases/leyes/16269-1992,"MEXICO-URUGUAY. COOPERACION AGROPECUARIA, FORESTAL E HIDRAULICA. CONVENIO.  APROBACION.",81357,0,0
1992-06-22,16268,https://parlamento.gub.uy/documentosyleyes/leyes/ley/16268,https://www.impo.com.uy/bases/leyes/16268-1992,"ADMINISTRATIVO DIRECCION CASINOS (GENERAL). BENEFICIO PARTICIPACION  UTILIDADES. EXTENSION.",81625,1,0
1992-06-16,16267,https://parlamento.gub.uy/documentosyleyes/leyes/ley/16267,https://www.impo.com.uy/bases/leyes/16267-1992,"CONSEJO CONSULTIVO COOPERACION AGRICOLA PAISES AREA SUR (CONASUR). CREACION.  CONVENIO. APROBACION.",81312,0,0
1992-06-15,16266,https://parlamento.gub.uy/documentosyleyes/leyes/ley/16266,https://www.impo.com.uy/bases/leyes/16266-1992,"ESCRITURAS PUBLICAS (SEGUNDAS COPIAS). EXPEDICION. TRAMITE JUDICIAL.  EXIGENCIA. ELIMINACION.",81188,2,0
1992-06-15,16265,https://parlamento.gub.uy/documentosyleyes/leyes/ley/16265,https://www.impo.com.uy/bases/leyes/16265-1992,"INMUEBLE FRENTE PLAZA CAGANCHA (MONTEVIDEO). TRANSFERENCIA A PODER JUDICIAL.  UTILIDAD PUBLICA. DECLARACION.",81596,0,0
1992-06-12,16264,https://parlamento.gub.uy/documentosyleyes/leyes/ley/16264,https://www.impo.com.uy/bases/leyes/16264-1992,"AVIACION CIVIL INTERNACIONAL. PROTOCOLO ENMIENDA. APROBACION.",81433,0,0
1992-06-12,16263,https://parlamento.gub.uy/documentosyleyes/leyes/ley/16263,https://www.impo.com.uy/bases/leyes/16263-1992,"BRASIL-URUGUAY. SANIDAD ANIMAL. CONVENIO. APROBACION.",81392,0,0
1992-06-12,16262,https://parlamento.gub.uy/documentosyleyes/leyes/ley/16262,https://www.impo.com.uy/bases/leyes/16262-1992,"PODESTA CARNELLI, Alberto. CENTRO SALUD  PUBLICA (AUXILIAR) JOSE PEDRO VARELA  (LAVALLEJA). DENOMINACION.",81398,0,0
1992-05-27,16261,https://parlamento.gub.uy/documentosyleyes/leyes/ley/16261,https://www.impo.com.uy/bases/leyes/16261-1992,"SARAVIA SARAVIA, Rosa. PENSION GRACIABLE. OTORGAMIENTO.",81488,0,0
1992-05-26,16260,https://parlamento.gub.uy/documentosyleyes/leyes/ley/16260,https://www.impo.com.uy/bases/leyes/16260-1992,"BANCO CENTRAL. ANIVERSARIO CREACION (25). MONEDAS CONMEMORATIVAS. ACUÑACION.  AUTORIZACION.",81575,0,0
1992-05-14,16259,https://parlamento.gub.uy/documentosyleyes/leyes/ley/16259,https://www.impo.com.uy/bases/leyes/16259-1992,"CAMBOYA. ENVIO INTEGRANTES EJERCITO Y FUERZA AEREA URUGUAY. AUTORIZACION.",81610,0,0
1992-05-12,16258,https://parlamento.gub.uy/documentosyleyes/leyes/ley/16258,https://www.impo.com.uy/bases/leyes/16258-1992,"RIO BRANCO (CERRO LARGO). BICENTENARIO FUNDACION. FERIADO. DECLARACION.",81598,0,0
1992-05-12,16257,https://parlamento.gub.uy/documentosyleyes/leyes/ley/16257,https://www.impo.com.uy/bases/leyes/16257-1992,"DIA TRABAJADOR BANCARIO. DECLARACION.",81604,0,0
1992-05-12,16256,https://parlamento.gub.uy/documentosyleyes/leyes/ley/16256,https://www.impo.com.uy/bases/leyes/16256-1992,"CAMBOYA. ENVIO INTEGRANTES ARMADA. AUTORIZACION.",81611,0,0
1992-04-24,16255,https://parlamento.gub.uy/documentosyleyes/leyes/ley/16255,https://www.impo.com.uy/bases/leyes/16255-1992,"MILIA, Alberto. PENSION GRACIABLE. OTORGAMIENTO.",81457,0,0
1992-04-24,16254,https://parlamento.gub.uy/documentosyleyes/leyes/ley/16254,https://www.impo.com.uy/bases/leyes/16254-1992,"PAULETTI DE MICHELINI, Ernestina. PENSION GRACIABLE. OTORGAMIENTO.",81467,0,0
1992-04-10,16253,https://parlamento.gub.uy/documentosyleyes/leyes/ley/16253,https://www.impo.com.uy/bases/leyes/16253-1992,"RIVERO, Ofelia. PENSION GRACIABLE. OTORGAMIENTO.",81409,0,0
1992-04-10,16252,https://parlamento.gub.uy/documentosyleyes/leyes/ley/16252,https://www.impo.com.uy/bases/leyes/16252-1992,"QUIROGA, Ercilia. PENSION GRACIABLE. OTORGAMIENTO.",81321,0,0
1992-04-10,16251,https://parlamento.gub.uy/documentosyleyes/leyes/ley/16251,https://www.impo.com.uy/bases/leyes/16251-1992,"RODRIGUEZ PEREYRA, Eusebia Delia. PENSION GRACIABLE. OTORGAMIENTO.",81521,0,0
1992-04-10,16250,https://parlamento.gub.uy/documentosyleyes/leyes/ley/16250,https://www.impo.com.uy/bases/leyes/16250-1992,"CASAL, Selva. PENSION GRACIABLE. OTORGAMIENTO.",81315,0,0
1992-04-10,16249,https://parlamento.gub.uy/documentosyleyes/leyes/ley/16249,https://www.impo.com.uy/bases/leyes/16249-1992,"REYES, Reina. PENSION GRACIABLE. OTORGAMIENTO.",81441,0,0
1992-04-10,16248,https://parlamento.gub.uy/documentosyleyes/leyes/ley/16248,https://www.impo.com.uy/bases/leyes/16248-1992,"BERNAL, Cesar e IROLDI, Nestor. PENSION GRACIABLE. OTORGAMIENTO",81252,0,0
1992-04-10,16247,https://parlamento.gub.uy/documentosyleyes/leyes/ley/16247,https://www.impo.com.uy/bases/leyes/16247-1992,"CONFORTE DE CABRERA, María Alicia. PENSION GRACIABLE. OTORGAMIENTO.",81262,0,0
1992-04-08,16246,https://parlamento.gub.uy/documentosyleyes/leyes/ley/16246,https://www.impo.com.uy/bases/leyes/16246-1992,"SERVICIOS PORTUARIOS. REGULACION.",81581,7,11
1992-04-08,16245,https://parlamento.gub.uy/documentosyleyes/leyes/ley/16245,https://www.impo.com.uy/bases/leyes/16245-1992,"FRIGORIFICO NACIONAL. VENTA. PRODUCIDO. DESTINO.",81238,1,1
1992-03-30,16244,https://parlamento.gub.uy/documentosyleyes/leyes/ley/16244,https://www.impo.com.uy/bases/leyes/16244-1992,"CONTRIBUYENTES MOROSOS APORTES BPS. PAGO. FACILIDADES.",81580,2,5
1992-03-05,16243,https://parlamento.gub.uy/documentosyleyes/leyes/ley/16243,https://www.impo.com.uy/bases/leyes/16243-1992,"COMERCIANTE, INDUSTRIAL Y PRODUCTOR RURAL. DEUDAS. CANCELACION.",81473,1,2
1992-02-19,16242,https://parlamento.gub.uy/documentosyleyes/leyes/ley/16242,https://www.impo.com.uy/bases/leyes/16242-1992,"COMERCIANTE, INDUSTRIAL Y PRODUCTOR RURAL. EJECUCIONES JUDICIALES.  SUSPENSION.",81563,0,0
1992-01-09,16241,https://parlamento.gub.uy/documentosyleyes/leyes/ley/16241,https://www.impo.com.uy/bases/leyes/16241-1992,"DIRECTORIO BANCO PREVISION SOCIAL. INTEGRANTES. DESIGNACION. REGIMEN.",81355,3,6
1992-01-07,16240,https://parlamento.gub.uy/documentosyleyes/leyes/ley/16240,https://www.impo.com.uy/bases/leyes/16240-1992,"BIENES MUEBLES E INMUEBLES BANCO REPUBLICA. ENAJENACION. REGIMEN.",81283,3,0
1992-01-07,16239,https://parlamento.gub.uy/documentosyleyes/leyes/ley/16239,https://www.impo.com.uy/bases/leyes/16239-1992,"BISIO, Agustín Ramón. ESCUELA (RIVERA). DENOMINACION.",81222,0,0
1992-01-03,16238,https://parlamento.gub.uy/documentosyleyes/leyes/ley/16238,https://www.impo.com.uy/bases/leyes/16238-1992,"REGISTRO INHABILITACIONES MIEMBROS SOCIEDADES INTERMEDIACION FINANCIERA.  APERTURA.",81259,1,0
1992-01-02,16237,https://parlamento.gub.uy/documentosyleyes/leyes/ley/16237,https://www.impo.com.uy/bases/leyes/16237-1992,"VIVIENDA. PLAN NACIONAL. REGIMEN. MODIFICACION.",81439,11,10
1991-12-19,16235,https://parlamento.gub.uy/documentosyleyes/leyes/ley/16235,https://www.impo.com.uy/bases/leyes/16235-1991,"REZZANO FERRIN, Juan Antonio (FOSFORITO). PENSION GRACIABLE. OTORGAMIENTO.",81415,0,0
1991-12-14,16236,https://parlamento.gub.uy/documentosyleyes/leyes/ley/16236,https://www.impo.com.uy/bases/leyes/16236-1991,"AVIONES FUERZA AEREA. SALIDA PAIS. AUTORIZACION.",81529,0,0
1991-12-13,16234,https://parlamento.gub.uy/documentosyleyes/leyes/ley/16234,https://www.impo.com.uy/bases/leyes/16234-1991,"BARCO ARMADA ROU ""CAPITAN MIRANDA"". SALIDA PAIS. AUTORIZACION.",81536,0,0
1991-11-29,16233,https://parlamento.gub.uy/documentosyleyes/leyes/ley/16233,https://www.impo.com.uy/bases/leyes/16233-1991,"FRANCIA-URUGUAY. PROTOCOLO FINANCIERO. APROBACION.",81390,0,0
1991-11-19,16232,https://parlamento.gub.uy/documentosyleyes/leyes/ley/16232,https://www.impo.com.uy/bases/leyes/16232-1991,"MERINOS (PAYSANDU). PUEBLO. DECLARATORIA.",81196,0,0
1991-11-14,16231,https://parlamento.gub.uy/documentosyleyes/leyes/ley/16231,https://www.impo.com.uy/bases/leyes/16231-1991,"GIBRAN KHALIL GIBRAN. ESCUELA MONTEVIDEO. DENOMINACION.",81429,0,0
1991-11-14,16230,https://parlamento.gub.uy/documentosyleyes/leyes/ley/16230,https://www.impo.com.uy/bases/leyes/16230-1991,"CAJAS PARAESTATALES. PASIVIDADES. TOPES. ACUMULACION. EXCLUSION.",81373,1,0
1991-11-11,16229,https://parlamento.gub.uy/documentosyleyes/leyes/ley/16229,https://www.impo.com.uy/bases/leyes/16229-1991,"ANEP Y SODRE. EQUIPAMIENTO. RECURSOS. OTORGAMIENTO.",81475,0,1
1991-11-04,16228,https://parlamento.gub.uy/documentosyleyes/leyes/ley/16228,https://www.impo.com.uy/bases/leyes/16228-1991,"MONTES (CANELONES). CENTENARIO FUNDACION. FERIADO. DECLARACION.",81377,0,0
1991-10-30,16227,https://parlamento.gub.uy/documentosyleyes/leyes/ley/16227,https://www.impo.com.uy/bases/leyes/16227-1991,"IVA. PORCENTAJE (22%). MANTENIMIENTO.",81495,1,0
1991-10-29,16226,https://parlamento.gub.uy/documentosyleyes/leyes/ley/16226,https://www.impo.com.uy/bases/leyes/16226-1991,"RENDICION CUENTAS 1990. APROBACION.",81679,76,53
1991-10-25,16225,https://parlamento.gub.uy/documentosyleyes/leyes/ley/16225,https://www.impo.com.uy/bases/leyes/16225-1991,"BONOS TESORO. EMISION. AMPLIACION.",81443,5,3
1991-10-22,16224,https://parlamento.gub.uy/documentosyleyes/leyes/ley/16224,https://www.impo.com.uy/bases/leyes/16224-1991,"PAU BRUM, Joaquin. LICEO SAN CARLOS (MALDONADO). DENOMINACION.",81350,0,0
1991-10-22,16223,https://parlamento.gub.uy/documentosyleyes/leyes/ley/16223,https://www.impo.com.uy/bases/leyes/16223-1991,"CONTRATO ARRENDAMIENTO RURAL Y APARCERIA. REGIMEN. MODIFICACION.",81139,5,2
1991-10-22,16222,https://parlamento.gub.uy/documentosyleyes/leyes/ley/16222,https://www.impo.com.uy/bases/leyes/16222-1991,"BERRETA, Tomás. ESCUELA VITIVINICULTURA LAS PIEDRAS (CANELONES).  DENOMINACION.",81325,0,0
1991-10-22,16221,https://parlamento.gub.uy/documentosyleyes/leyes/ley/16221,https://www.impo.com.uy/bases/leyes/16221-1991,"SUIZA-URUGUAY. CONTROL MOVIMIENTOS TRANSFRONTERIZOS DESECHOS PELIGROSOS Y  ELIMINACION. CONVENIO. APROBACION.",81358,0,2
1991-10-21,16220,https://parlamento.gub.uy/documentosyleyes/leyes/ley/16220,https://www.impo.com.uy/bases/leyes/16220-1991,"JEFES MISION SERVICIO EXTERIOR. NUMERO Y PERMANENCIA. DETERMINACION.",81285,2,1
1991-10-09,16219,https://parlamento.gub.uy/documentosyleyes/leyes/ley/16219,https://www.impo.com.uy/bases/leyes/16219-1991,"AVELLINO, Liz Grisel e hijos. PENSION GRACIABLE. OTORGAMIENTO.",81268,0,0
1991-10-08,16218,https://parlamento.gub.uy/documentosyleyes/leyes/ley/16218,https://www.impo.com.uy/bases/leyes/16218-1991,"NIGHTINGALE, Florence. ESCUELA (MONTEVIDEO). DENOMINACION.",81223,0,0
1991-10-08,16217,https://parlamento.gub.uy/documentosyleyes/leyes/ley/16217,https://www.impo.com.uy/bases/leyes/16217-1991,"TACCONI, Emilio Carlos. LICEO (MONTEVIDEO). DENOMINACION.",81240,0,0
1991-10-08,16216,https://parlamento.gub.uy/documentosyleyes/leyes/ley/16216,https://www.impo.com.uy/bases/leyes/16216-1991,"MIGUES, Eugenio M.. ESCUELA MIGUES (CANELONES). DENOMINACION.",81292,0,0
1991-10-08,16215,https://parlamento.gub.uy/documentosyleyes/leyes/ley/16215,https://www.impo.com.uy/bases/leyes/16215-1991,"HARRIS, Paul. ESCUELA 221 CANELONES (DPTO). DENOMINACION.",81168,0,0
1991-10-07,16214,https://parlamento.gub.uy/documentosyleyes/leyes/ley/16214,https://www.impo.com.uy/bases/leyes/16214-1991,"ESTOL, Julio César. SERVICIO NACIONAL SANGRE. DENOMINACION.",81001,0,0
1991-10-04,16213,https://parlamento.gub.uy/documentosyleyes/leyes/ley/16213,https://www.impo.com.uy/bases/leyes/16213-1991,"HIDROCARBUROS. EXPLORACION Y EXPLOTACION. REGIMEN TRIBUTARIO. MODIFICACION.",81387,2,0
1991-10-02,16212,https://parlamento.gub.uy/documentosyleyes/leyes/ley/16212,https://www.impo.com.uy/bases/leyes/16212-1991,"ESPAÑA. ESCUELA (SALTO). DENOMINACION.",81324,0,0
1991-10-01,16211,https://parlamento.gub.uy/documentosyleyes/leyes/ley/16211,https://www.impo.com.uy/bases/leyes/16211-1991,"EMPRESAS PUBLICAS (COMERCIALES E INDUSTRIALES). CONCESIONES.",81364,11,7
1991-09-30,16210,https://parlamento.gub.uy/documentosyleyes/leyes/ley/16210,https://www.impo.com.uy/bases/leyes/16210-1991,"FUERZA AEREA EE.UU. INTEGRANTES. INGRESO PAIS. AUTORIZACION.",81375,0,0
1991-09-30,16209,https://parlamento.gub.uy/documentosyleyes/leyes/ley/16209,https://www.impo.com.uy/bases/leyes/16209-1991,"OPERACION UNITAS XXXII (1991). AUTORIZACION. REALIZACION.",81381,0,0
1991-09-17,16208,https://parlamento.gub.uy/documentosyleyes/leyes/ley/16208,https://www.impo.com.uy/bases/leyes/16208-1991,"SARAVIA, Reimunda. PENSION GRACIABLE. OTORGAMIENTO.",81348,0,0
1991-09-16,16207,https://parlamento.gub.uy/documentosyleyes/leyes/ley/16207,https://www.impo.com.uy/bases/leyes/16207-1991,"CATALUÑA. ESCUELA (MONTEVIDEO). DENOMINACION.",80432,0,0
1991-09-09,16206,https://parlamento.gub.uy/documentosyleyes/leyes/ley/16206,https://www.impo.com.uy/bases/leyes/16206-1991,"COMERCIANTE, INDUSTRIAL Y PRODUCTOR RURAL. JUICIO EJECUTIVO. SUSPENSION.",81342,0,0
1991-09-06,16205,https://parlamento.gub.uy/documentosyleyes/leyes/ley/16205,https://www.impo.com.uy/bases/leyes/16205-1991,"CONTRATO CREDITO DE USO. REGLAMENTACION. MODIFICACION.",81155,1,3
1991-09-05,16204,https://parlamento.gub.uy/documentosyleyes/leyes/ley/16204,https://www.impo.com.uy/bases/leyes/16204-1991,"ZAPICAN (LAVALLEJA). CENTENARIO FUNDACION. FERIADO. DECLARACION.",81296,0,0
1991-08-19,16203,https://parlamento.gub.uy/documentosyleyes/leyes/ley/16203,https://www.impo.com.uy/bases/leyes/16203-1991,"INMUEBLES ARTIGAS (DPTO). EXPROPIACION.",81082,0,0
1991-08-15,16202,https://parlamento.gub.uy/documentosyleyes/leyes/ley/16202,https://www.impo.com.uy/bases/leyes/16202-1991,"EJERCITO EE.UU. INTEGRANTES. INGRESO PAIS. AUTORIZACION.",81374,0,0
1991-08-13,16201,https://parlamento.gub.uy/documentosyleyes/leyes/ley/16201,https://www.impo.com.uy/bases/leyes/16201-1991,"COMISION PEQUEÑA Y MEDIANA EMPRESA. CREACION.",80983,1,6
1991-08-13,16200,https://parlamento.gub.uy/documentosyleyes/leyes/ley/16200,https://www.impo.com.uy/bases/leyes/16200-1991,"MELO, Eudoro. ESCUELA LAS PIEDRAS (CANELONES). DENOMINACION",81018,0,0
1991-08-13,16199,https://parlamento.gub.uy/documentosyleyes/leyes/ley/16199,https://www.impo.com.uy/bases/leyes/16199-1991,"DIA NACIONAL DERECHOS DEL NIÑO - 20 NOVIEMBRE. DECLARACION.",81184,0,1
1991-08-13,16198,https://parlamento.gub.uy/documentosyleyes/leyes/ley/16198,https://www.impo.com.uy/bases/leyes/16198-1991,"ACADEMIA VETERINARIA. CREACION.",81145,0,0
1991-08-02,16197,https://parlamento.gub.uy/documentosyleyes/leyes/ley/16197,https://www.impo.com.uy/bases/leyes/16197-1991,"HUBER, Elías. ESCUELA NUEVA HELVECIA (COLONIA). DENOMINACION.",81322,0,0
1991-07-22,16196,https://parlamento.gub.uy/documentosyleyes/leyes/ley/16196,https://www.impo.com.uy/bases/leyes/16196-1991,"MERCOSUR. CREACION. CONVENIO. APROBACION.",81337,0,0
1991-07-16,16195,https://parlamento.gub.uy/documentosyleyes/leyes/ley/16195,https://www.impo.com.uy/bases/leyes/16195-1991,"TITULAR CARGO CONFIANZA O POLITICO. CESE. SUBSIDIO. PERCEPCION.",80997,1,7
1991-07-12,16194,https://parlamento.gub.uy/documentosyleyes/leyes/ley/16194,https://www.impo.com.uy/bases/leyes/16194-1991,"DESTITUIDO EX-FRIGORIFICO VICTORIA. REINCORPORACION. REGIMEN.",81099,1,3
1991-07-05,16193,https://parlamento.gub.uy/documentosyleyes/leyes/ley/16193,https://www.impo.com.uy/bases/leyes/16193-1991,"BARCO ROU URUGUAY. TRASLADO LACALLE, Luis Alberto (PRESIDENTE REPUBLICA) A  BUENOS AIRES. AUTORIZACION.",81382,0,0
1991-07-02,16192,https://parlamento.gub.uy/documentosyleyes/leyes/ley/16192,https://www.impo.com.uy/bases/leyes/16192-1991,"BELLAN, José Pedro, BIANCHI ARDOINO, Atilio Y DANERO,Elena. ESCUELAS  (MONTEVIDEO). DENOMINACION.",81323,1,0
1991-06-24,16191,https://parlamento.gub.uy/documentosyleyes/leyes/ley/16191,https://www.impo.com.uy/bases/leyes/16191-1991,"PUERTO MALDONADO. AREA. DELIMITACION.",81053,0,0
1991-06-20,16190,https://parlamento.gub.uy/documentosyleyes/leyes/ley/16190,https://www.impo.com.uy/bases/leyes/16190-1991,"EMPRESAS Y TRABAJADORES. INSCRIPCION Y AFILIACION BPS. REGIMEN",81036,0,3
1991-06-20,16189,https://parlamento.gub.uy/documentosyleyes/leyes/ley/16189,https://www.impo.com.uy/bases/leyes/16189-1991,"SARAVIA DE BARBAGELATA, Lila. PENSION GRACIABLE. OTORGAMIENTO.",81335,0,0
1991-06-20,16188,https://parlamento.gub.uy/documentosyleyes/leyes/ley/16188,https://www.impo.com.uy/bases/leyes/16188-1991,"ORTIZ, Dardo. ESCUELA PRACTICA (MONTEVIDEO). DENOMINACION.",81272,0,0
1991-06-18,16187,https://parlamento.gub.uy/documentosyleyes/leyes/ley/16187,https://www.impo.com.uy/bases/leyes/16187-1991,"ESPAÑA-URUGUAY. COOPERACION TECNICA. CONVENIO. APROBACION.",81144,0,0
1991-06-11,16186,https://parlamento.gub.uy/documentosyleyes/leyes/ley/16186,https://www.impo.com.uy/bases/leyes/16186-1991,"BALPARDA BLENGIO, Luis. ESCUELA MECANICA. DENOMINACION.",81067,0,0
1991-06-11,16185,https://parlamento.gub.uy/documentosyleyes/leyes/ley/16185,https://www.impo.com.uy/bases/leyes/16185-1991,"PAIVA OLIVERA, Mauricio. ESCUELA AGRARIA (RIVERA). DENOMINACION.",80994,0,0
1991-05-21,16184,https://parlamento.gub.uy/documentosyleyes/leyes/ley/16184,https://www.impo.com.uy/bases/leyes/16184-1991,"HUNGRIA-URUGUAY. PROTECCION INVERSIONES. CONVENIO. APROBACION.",81271,0,0
1991-05-21,16183,https://parlamento.gub.uy/documentosyleyes/leyes/ley/16183,https://www.impo.com.uy/bases/leyes/16183-1991,"PAISES BAJOS-URUGUAY. PROTECCION INVERSIONES. CONVENIO. APROBACION.",81173,0,0
1991-05-15,16182,https://parlamento.gub.uy/documentosyleyes/leyes/ley/16182,https://www.impo.com.uy/bases/leyes/16182-1991,"CADENAS DE CANDEAU, María Presentación. PENSION GRACIABLE. OTORGAMIENTO.",81276,0,0
1991-05-10,16181,https://parlamento.gub.uy/documentosyleyes/leyes/ley/16181,https://www.impo.com.uy/bases/leyes/16181-1991,"CABRERA, Francisco Javier. ESCUELA (CANELONES). DENOMINACION.",81049,0,0
1991-05-10,16180,https://parlamento.gub.uy/documentosyleyes/leyes/ley/16180,https://www.impo.com.uy/bases/leyes/16180-1991,"RIVAS RODRIGUEZ, Serafín. ESCUELA (MERCEDES). DENOMINACION.",81006,0,0
1991-04-30,16179,https://parlamento.gub.uy/documentosyleyes/leyes/ley/16179,https://www.impo.com.uy/bases/leyes/16179-1991,"BARCO ROU SALTO. VISITA OFICIAL PARAGUAY. AUTORIZACION.",81314,0,0
1991-04-12,16178,https://parlamento.gub.uy/documentosyleyes/leyes/ley/16178,https://www.impo.com.uy/bases/leyes/16178-1991,"CANADA-URUGUAY. COOPERACION DESARROLLO. CONVENIO. APROBACION",81068,0,0
1991-04-10,16177,https://parlamento.gub.uy/documentosyleyes/leyes/ley/16177,https://www.impo.com.uy/bases/leyes/16177-1991,"BARCO ARMADA ROU ""CAPITAN MIRANDA"". SALIDA PAIS. AUTORIZACION.",81282,0,0
1991-03-30,16176,https://parlamento.gub.uy/documentosyleyes/leyes/ley/16176,https://www.impo.com.uy/bases/leyes/16176-1991,"SUIZA-URUGUAY. PROTECCION INVERSIONES. CONVENIO. APROBACION.",81172,0,0
1991-03-30,16175,https://parlamento.gub.uy/documentosyleyes/leyes/ley/16175,https://www.impo.com.uy/bases/leyes/16175-1991,"CHECOSLOVAQUIA-URUGUAY. CIENCIA, CULTURA Y EDUCACION. CONVENIO. APROBACION.",81149,0,0
1991-03-30,16174,https://parlamento.gub.uy/documentosyleyes/leyes/ley/16174,https://www.impo.com.uy/bases/leyes/16174-1991,"JAPON-URUGUAY. COOPERACION TECNICA. CONVENIO. APROBACION.",81048,0,0
1991-03-30,16173,https://parlamento.gub.uy/documentosyleyes/leyes/ley/16173,https://www.impo.com.uy/bases/leyes/16173-1991,"CONVENIOS INTERNACIONALES. REGULACION. REGIMEN.",81103,0,0
1991-03-30,16172,https://parlamento.gub.uy/documentosyleyes/leyes/ley/16172,https://www.impo.com.uy/bases/leyes/16172-1991,"UNION POSTAL AMERICA Y ESPAÑA (UPAE). ACTAS. APROBACION.",81148,0,0
1991-02-24,16171,https://parlamento.gub.uy/documentosyleyes/leyes/ley/16171,https://www.impo.com.uy/bases/leyes/16171-1991,"BANCO HIPOTECARIO.CUOTAS PRESTAMOS.REAJUSTE CUATRIMESTRAL. APLICACION.  INTERPRETACION.",81277,1,0
1990-12-28,16170,https://parlamento.gub.uy/documentosyleyes/leyes/ley/16170,https://www.impo.com.uy/bases/leyes/16170-1990,"PRESUPUESTO NACIONAL 1990-1994. APROBACION.",89264,104,83
1990-12-24,16169,https://parlamento.gub.uy/documentosyleyes/leyes/ley/16169,https://www.impo.com.uy/bases/leyes/16169-1990,"COMISION DISCAPACITADO (HONORARIA). INTEGRACION. MODIFICACION.",81022,1,1
1990-12-24,16168,https://parlamento.gub.uy/documentosyleyes/leyes/ley/16168,https://www.impo.com.uy/bases/leyes/16168-1990,"DONANTE SANGRE. DERECHOS. REGLAMENTACION.",81309,0,0
1990-12-21,16167,https://parlamento.gub.uy/documentosyleyes/leyes/ley/16167,https://www.impo.com.uy/bases/leyes/16167-1990,"RODRIGUEZ DE AYESTARAN, Flor de María. PENSION GRACIABLE.  OTORGAMIENTO.",81127,0,0
1990-12-21,16166,https://parlamento.gub.uy/documentosyleyes/leyes/ley/16166,https://www.impo.com.uy/bases/leyes/16166-1990,"PUCCIANO, Agustín. PENSION GRACIABLE. OTORGAMIENTO.",81157,0,0
1990-12-21,16165,https://parlamento.gub.uy/documentosyleyes/leyes/ley/16165,https://www.impo.com.uy/bases/leyes/16165-1990,"CARMELO (COLONIA). 175º ANIVERSARIO FUNDACION. FERIADO.",81132,0,0
1990-12-21,16164,https://parlamento.gub.uy/documentosyleyes/leyes/ley/16164,https://www.impo.com.uy/bases/leyes/16164-1990,"ESPINOLA GOMEZ, Manuel. PENSION GRACIABLE. OTORGAMIENTO.",81215,0,0
1990-12-21,16163,https://parlamento.gub.uy/documentosyleyes/leyes/ley/16163,https://www.impo.com.uy/bases/leyes/16163-1990,"FRIGORIFICO NACIONAL. CESANTE. INDEMNIZACION. PAGO.",81237,2,3
1990-12-18,16162,https://parlamento.gub.uy/documentosyleyes/leyes/ley/16162,https://www.impo.com.uy/bases/leyes/16162-1990,"ACCION CIVIL EMERGENTE DE DELITO. INDEPENDIENTE CAUSA PENAL.",81065,0,1
1990-12-13,16161,https://parlamento.gub.uy/documentosyleyes/leyes/ley/16161,https://www.impo.com.uy/bases/leyes/16161-1990,"ARAUJO, Orestes. ESCUELA (SAN JOSE). DENOMINACION.",81050,0,0
1990-12-12,16160,https://parlamento.gub.uy/documentosyleyes/leyes/ley/16160,https://www.impo.com.uy/bases/leyes/16160-1990,"ARTIGAS, Ceibal. HOSPITAL CERRO CHATO (TREINTA Y TRES). DENOMINACION.",81207,0,0
1990-12-11,16159,https://parlamento.gub.uy/documentosyleyes/leyes/ley/16159,https://www.impo.com.uy/bases/leyes/16159-1990,"JUNTA GRANJA (NACIONAL). ELECCION REPRESENTANTES. PLAZO. MODIFICACION.",81194,1,0
1990-12-05,16158,https://parlamento.gub.uy/documentosyleyes/leyes/ley/16158,https://www.impo.com.uy/bases/leyes/16158-1990,"BARCO GENERAL ARTIGAS. SALIDA PAIS. AUTORIZACION.",81235,0,0
1990-11-12,16157,https://parlamento.gub.uy/documentosyleyes/leyes/ley/16157,https://www.impo.com.uy/bases/leyes/16157-1990,"CAPA OZONO. PROTOCOLO MONTREAL. APROBACION.",81045,0,2
1990-10-29,16156,https://parlamento.gub.uy/documentosyleyes/leyes/ley/16156,https://www.impo.com.uy/bases/leyes/16156-1990,"COOPERATIVAS. PERSONERIA JURIDICA. OTORGAMIENTO. REGIMEN.",81212,2,1
1990-10-25,16155,https://parlamento.gub.uy/documentosyleyes/leyes/ley/16155,https://www.impo.com.uy/bases/leyes/16155-1990,"BELLA UNION (ARTIGAS). 25° ANIVERSARIO FUNDACION. FERIADO. DECLARACION.",81195,0,0
1990-10-23,16154,https://parlamento.gub.uy/documentosyleyes/leyes/ley/16154,https://www.impo.com.uy/bases/leyes/16154-1990,"DIA PERIODISTA - 23 OCTUBRE. DECLARACION.",81019,0,2
1990-10-23,16153,https://parlamento.gub.uy/documentosyleyes/leyes/ley/16153,https://www.impo.com.uy/bases/leyes/16153-1990,"OCUPANTES INMUEBLES EXPROPIADOS. VIVIENDAS. CONSTRUCCION.",81197,0,0
1990-10-23,16152,https://parlamento.gub.uy/documentosyleyes/leyes/ley/16152,https://www.impo.com.uy/bases/leyes/16152-1990,"PIRIAPOLIS (MALDONADO). CENTENARIO FUNDACION. FERIADO. DECLARACION.",81014,0,1
1990-10-23,16151,https://parlamento.gub.uy/documentosyleyes/leyes/ley/16151,https://www.impo.com.uy/bases/leyes/16151-1990,"CHINA POPULAR-URUGUAY. CONTRATO PRESTAMO. CONVENIO. APROBACION.",81116,0,0
1990-10-17,16150,https://parlamento.gub.uy/documentosyleyes/leyes/ley/16150,https://www.impo.com.uy/bases/leyes/16150-1990,"BOVE ARTEAGA, José. HOSPITAL SAN RAMON (CANELONES). DENOMINACION.",81216,0,0
1990-10-11,16149,https://parlamento.gub.uy/documentosyleyes/leyes/ley/16149,https://www.impo.com.uy/bases/leyes/16149-1990,"OPERACION UNITAS XXXI (1990). REALIZACION. AUTORIZACION.",81073,0,0
1990-10-11,16148,https://parlamento.gub.uy/documentosyleyes/leyes/ley/16148,https://www.impo.com.uy/bases/leyes/16148-1990,"FUERZAS ARMADAS EE.UU. INTEGRANTES Y AVIONES. INGRESO PAIS. AUTORIZACION.",81077,0,0
1990-10-10,16147,https://parlamento.gub.uy/documentosyleyes/leyes/ley/16147,https://www.impo.com.uy/bases/leyes/16147-1990,"INFANTERIA MARINA EE.UU. INGRESO PAIS. AUTORIZACION.",81177,0,0
1990-10-09,16146,https://parlamento.gub.uy/documentosyleyes/leyes/ley/16146,https://www.impo.com.uy/bases/leyes/16146-1990,"ABIGEATO. DELITO. PENA. FIJACION.",88854,0,0
1990-10-09,16145,https://parlamento.gub.uy/documentosyleyes/leyes/ley/16145,https://www.impo.com.uy/bases/leyes/16145-1990,"ARMAS SERVICIO MATERIAL Y ARMAMENTO EJERCITO. DESTINO. REGIMEN.",80429,1,1
1990-10-08,16144,https://parlamento.gub.uy/documentosyleyes/leyes/ley/16144,https://www.impo.com.uy/bases/leyes/16144-1990,"LIBROS REGISTRO ESTADO CIVIL. APERTURA, CIERRE Y RUBRICA. REGIMEN.  MODIFICACION.",81016,1,0
1990-10-08,16143,https://parlamento.gub.uy/documentosyleyes/leyes/ley/16143,https://www.impo.com.uy/bases/leyes/16143-1990,"FERREIRO, Agustín. ESCUELA RURAL (SAN JOSE). DENOMINAICON.",81043,0,0
1990-10-08,16142,https://parlamento.gub.uy/documentosyleyes/leyes/ley/16142,https://www.impo.com.uy/bases/leyes/16142-1990,"SOSA, Jesualdo. ESCUELA CANTERAS RIACHUELO (COLONIA). DENOMINACION.",81003,0,0
1990-10-08,16141,https://parlamento.gub.uy/documentosyleyes/leyes/ley/16141,https://www.impo.com.uy/bases/leyes/16141-1990,"ASTIAZARAN, Pantaleón. ESCUELA TECNICA SARANDI DEL YI (DURAZNO).  DENOMINACION.",81002,0,0
1990-10-05,16140,https://parlamento.gub.uy/documentosyleyes/leyes/ley/16140,https://www.impo.com.uy/bases/leyes/16140-1990,"CIUDADANO CONFEDERACION HELVETICA. APORTES BPS*. DEVOLUCION.",80425,0,0
1990-10-05,16139,https://parlamento.gub.uy/documentosyleyes/leyes/ley/16139,https://www.impo.com.uy/bases/leyes/16139-1990,"OPERACION ANTARTIDA. BARCO COMANDANTE PEDRO CAMPBELL. SALIDA PAIS.  AUTORIZACION.",81128,0,0
1990-10-04,16138,https://parlamento.gub.uy/documentosyleyes/leyes/ley/16138,https://www.impo.com.uy/bases/leyes/16138-1990,"ZORRILLA DE HERRERA, Teresa. PENSION GRACIABLE. OTORGAMIENTO.",81051,0,0
1990-09-28,16137,https://parlamento.gub.uy/documentosyleyes/leyes/ley/16137,https://www.impo.com.uy/bases/leyes/16137-1990,"MENOR. DERECHOS. CONVENIO. APROBACION.",80992,0,3
1990-09-28,16136,https://parlamento.gub.uy/documentosyleyes/leyes/ley/16136,https://www.impo.com.uy/bases/leyes/16136-1990,"OEA (CARTA). PROTOCOLO CARTAGENA DE INDIAS. REFORMA. APROBACION.",81178,0,0
1990-09-26,16135,https://parlamento.gub.uy/documentosyleyes/leyes/ley/16135,https://www.impo.com.uy/bases/leyes/16135-1990,"EMPRESAS INTERVENIDAS. LIQUIDACION ADMINISTRATIVA. PRORROGA.",81125,1,0
1990-09-24,16134,https://parlamento.gub.uy/documentosyleyes/leyes/ley/16134,https://www.impo.com.uy/bases/leyes/16134-1990,"RENDICION CUENTAS 1989. APROBACION.",89095,21,26
1990-09-18,16133,https://parlamento.gub.uy/documentosyleyes/leyes/ley/16133,https://www.impo.com.uy/bases/leyes/16133-1990,"MEXICO-URUGUAY. SEGURIDAD SOCIAL. COOPERACION. CONVENIO. APROBACION.",81034,0,0
1990-09-17,16132,https://parlamento.gub.uy/documentosyleyes/leyes/ley/16132,https://www.impo.com.uy/bases/leyes/16132-1990,"COMISION ACTUALIZACION CODIGO CIVIL (NACIONAL). PLAZO. AMPLIACION.",81187,1,0
1990-09-12,16131,https://parlamento.gub.uy/documentosyleyes/leyes/ley/16131,https://www.impo.com.uy/bases/leyes/16131-1990,"BANCOS INVERSION. ACTIVIDAD. REGLAMENTACION.",81186,1,1
1990-08-22,16130,https://parlamento.gub.uy/documentosyleyes/leyes/ley/16130,https://www.impo.com.uy/bases/leyes/16130-1990,"MONUMENTOS Y EDIFICIOS PUBLICOS. PROHIBICION FIJAR CARTELES.",81122,0,1
1990-08-15,16129,https://parlamento.gub.uy/documentosyleyes/leyes/ley/16129,https://www.impo.com.uy/bases/leyes/16129-1990,"BID. RECURSOS. AUMENTO.",81035,1,0
1990-08-07,16128,https://parlamento.gub.uy/documentosyleyes/leyes/ley/16128,https://www.impo.com.uy/bases/leyes/16128-1990,"ASIGNACION FAMILIAR (EXTRAORDINARIA). OTORGAMIENTO.",81066,1,0
1990-08-07,16127,https://parlamento.gub.uy/documentosyleyes/leyes/ley/16127,https://www.impo.com.uy/bases/leyes/16127-1990,"FUNCIONARIO PUBLICO. CARRERA ADMINISTRATIVA. REGLAMENTACION.",81179,8,26
1990-08-07,16126,https://parlamento.gub.uy/documentosyleyes/leyes/ley/16126,https://www.impo.com.uy/bases/leyes/16126-1990,"BARCO GENERAL ARTIGAS. SALIDA PAIS. AUTORIZACION.",81088,0,0
1990-08-06,16125,https://parlamento.gub.uy/documentosyleyes/leyes/ley/16125,https://www.impo.com.uy/bases/leyes/16125-1990,"REGISTRO COMERCIO. INSCRIPCIONES. REGIMEN. EXCEPCION.",81180,0,0
1990-08-06,16124,https://parlamento.gub.uy/documentosyleyes/leyes/ley/16124,https://www.impo.com.uy/bases/leyes/16124-1990,"NAZZARI, Humberto. PENSION GRACIABLE. OTORGAMIENTO.",81070,0,0
1990-08-06,16123,https://parlamento.gub.uy/documentosyleyes/leyes/ley/16123,https://www.impo.com.uy/bases/leyes/16123-1990,"PIAGGIO, Edda. PENSION GRACIABLE. OTORGAMIENTO.",81069,0,0
1990-08-03,16122,https://parlamento.gub.uy/documentosyleyes/leyes/ley/16122,https://www.impo.com.uy/bases/leyes/16122-1990,"BEISSO, Américo J.. ESCUELA (TACUAREMBO). DENOMINACION.",81093,0,1
1990-08-03,16121,https://parlamento.gub.uy/documentosyleyes/leyes/ley/16121,https://www.impo.com.uy/bases/leyes/16121-1990,"FERREIRO, Agustín. ESCUELA (LAVALLEJA). DENOMINACION.",81094,0,0
1990-08-03,16120,https://parlamento.gub.uy/documentosyleyes/leyes/ley/16120,https://www.impo.com.uy/bases/leyes/16120-1990,"GARCIA, Serafín J. ESCUELA (MONTEVIDEO). DENOMINACION.",80988,0,0
1990-08-03,16119,https://parlamento.gub.uy/documentosyleyes/leyes/ley/16119,https://www.impo.com.uy/bases/leyes/16119-1990,"BRUM, Baltasar. ESCUELA (ARTIGAS). DENOMINACION.",81095,0,0
1990-07-17,16118,https://parlamento.gub.uy/documentosyleyes/leyes/ley/16118,https://www.impo.com.uy/bases/leyes/16118-1990,"OMBUES LAVALLE (COLONIA). CENTENARIO FUNDACION. FERIADO. DECLARACION.",80995,0,0
1990-07-06,16117,https://parlamento.gub.uy/documentosyleyes/leyes/ley/16117,https://www.impo.com.uy/bases/leyes/16117-1990,"ESCUELA MILITAR. DELEGACION. SALIDA PAIS. AUTORIZACION.",81060,0,0
1990-07-05,16116,https://parlamento.gub.uy/documentosyleyes/leyes/ley/16116,https://www.impo.com.uy/bases/leyes/16116-1990,"CLUZEAU MORTET, Luis. ESCUELA MELO (CERRO LARGO). DENOMINACION.",81202,0,0
1990-07-03,16115,https://parlamento.gub.uy/documentosyleyes/leyes/ley/16115,https://www.impo.com.uy/bases/leyes/16115-1990,"CODICEN (ANEP) Y CONSEJOS ENSEÑANZA (DESCONCENTRADOS). INTEGRACION Y  NOMBRAMIENTO MIEMBROS. REGIMEN. MODIFICACION.",81039,1,1
1990-06-18,16114,https://parlamento.gub.uy/documentosyleyes/leyes/ley/16114,https://www.impo.com.uy/bases/leyes/16114-1990,"ASOCIACIONES JUBILADOS Y PENSIONISTAS. CUOTA AFILIADOS. RETENCION.",80991,0,0
1990-05-30,16113,https://parlamento.gub.uy/documentosyleyes/leyes/ley/16113,https://www.impo.com.uy/bases/leyes/16113-1990,"BARCO ARMADA ROU ""CAPITAN MIRANDA"". SALIDA PAIS. AUTORIZACION.",81008,0,0
1990-05-30,16112,https://parlamento.gub.uy/documentosyleyes/leyes/ley/16112,https://www.impo.com.uy/bases/leyes/16112-1990,"MINISTERIO VIVIENDA, ORDENAMIENTO TERRITORIAL Y MEDIO AMBIENTE. CREACION.",81013,5,12
1990-05-17,16111,https://parlamento.gub.uy/documentosyleyes/leyes/ley/16111,https://www.impo.com.uy/bases/leyes/16111-1990,"JAPON-URUGUAY. CONTRATO PRESTAMO FONDO COOPERACION ECONOMICA ULTRAMAR (OECF).  APROBACION.",81012,0,0
1990-04-25,16110,https://parlamento.gub.uy/documentosyleyes/leyes/ley/16110,https://www.impo.com.uy/bases/leyes/16110-1990,"ALEMANIA FEDERAL-URUGUAY. CONVENIOS. APROBACION.",81017,0,0
1990-04-24,16109,https://parlamento.gub.uy/documentosyleyes/leyes/ley/16109,https://www.impo.com.uy/bases/leyes/16109-1990,"FUERZA AEREA EE.UU. AVIONES. INGRESO PAIS. AUTORIZACION.",81015,0,0
1990-04-04,16108,https://parlamento.gub.uy/documentosyleyes/leyes/ley/16108,https://www.impo.com.uy/bases/leyes/16108-1990,"MENOR ABANDONADO. LEGITIMACION ADOPTIVA. AUTORIZACION.",80989,1,0
1990-03-31,16107,https://parlamento.gub.uy/documentosyleyes/leyes/ley/16107,https://www.impo.com.uy/bases/leyes/16107-1990,"IMPUESTOS. REGIMEN. MODIFICACION (1990).",81011,6,14
1990-01-24,16106,https://parlamento.gub.uy/documentosyleyes/leyes/ley/16106,https://www.impo.com.uy/bases/leyes/16106-1990,"COMISION LUCHA HIDATIDOSIS. FUNCIONAMIENTO. REGIMEN. MODIFICACION.",80403,2,2
1990-01-23,16105,https://parlamento.gub.uy/documentosyleyes/leyes/ley/16105,https://www.impo.com.uy/bases/leyes/16105-1990,"RENDICION CUENTAS 1988. APROBACION.",80402,2,5
1990-01-23,16104,https://parlamento.gub.uy/documentosyleyes/leyes/ley/16104,https://www.impo.com.uy/bases/leyes/16104-1990,"FUNCIONARIO PUBLICO. LICENCIAS. REGLAMENTACION.",80401,3,8
1989-11-10,16103,https://parlamento.gub.uy/documentosyleyes/leyes/ley/16103,https://www.impo.com.uy/bases/leyes/16103-1989,"ELECCIONES 1989. PARTIDOS POLITICOS. GASTOS. RECURSOS.",80379,1,0
1989-11-10,16102,https://parlamento.gub.uy/documentosyleyes/leyes/ley/16102,https://www.impo.com.uy/bases/leyes/16102-1989,"FRIGORIFICO NACIONAL. CESANTE. INDEMNIZACION. PAGO.",80399,2,2
1989-11-10,16101,https://parlamento.gub.uy/documentosyleyes/leyes/ley/16101,https://www.impo.com.uy/bases/leyes/16101-1989,"BONOS TURISMO SOCIAL. CREACION.",80397,0,1
1989-11-06,16100,https://parlamento.gub.uy/documentosyleyes/leyes/ley/16100,https://www.impo.com.uy/bases/leyes/16100-1989,"PRESIDENTE Y VICEPRESIDENTE REPUBLICA. SUELDO. FIJACION.",80395,1,1
1989-11-03,16099,https://parlamento.gub.uy/documentosyleyes/leyes/ley/16099,https://www.impo.com.uy/bases/leyes/16099-1989,"PRENSA. ACTIVIDAD. REGIMEN. MODIFICACION.",80394,3,4
1989-10-31,16098,https://parlamento.gub.uy/documentosyleyes/leyes/ley/16098,https://www.impo.com.uy/bases/leyes/16098-1989,"INIA. INVESTIGACION VETERINARIA. INCORPORACION. COMETIDO.",80393,0,1
1989-10-29,16097,https://parlamento.gub.uy/documentosyleyes/leyes/ley/16097,https://www.impo.com.uy/bases/leyes/16097-1989,"COMISION LUCHA CANCER (HONORARIA). CREACION.",80392,0,3
1989-10-26,16096,https://parlamento.gub.uy/documentosyleyes/leyes/ley/16096,https://www.impo.com.uy/bases/leyes/16096-1989,"CELIACA (ENFERMEDAD).ESTUDIO E INVESTIGACION. INTERES NACIONAL. DECLARACION.",80391,0,0
1989-10-26,16095,https://parlamento.gub.uy/documentosyleyes/leyes/ley/16095,https://www.impo.com.uy/bases/leyes/16095-1989,"DISCAPACITADO. PROTECCION INTEGRAL. SISTEMA.",80390,2,14
1989-10-26,16094,https://parlamento.gub.uy/documentosyleyes/leyes/ley/16094,https://www.impo.com.uy/bases/leyes/16094-1989,"DIVORCIO MUTUO CONSENTIMIENTO. JUICIOS. ABREVIACION. REGIMEN",80389,0,0
1989-10-26,16093,https://parlamento.gub.uy/documentosyleyes/leyes/ley/16093,https://www.impo.com.uy/bases/leyes/16093-1989,"DEPORTISTA, ESCULTOR Y MUSICO. PENSION GRACIABLE. OTORGAMIENTO",80388,0,0
1989-10-26,16092,https://parlamento.gub.uy/documentosyleyes/leyes/ley/16092,https://www.impo.com.uy/bases/leyes/16092-1989,"CANTANTE, ESCRITOR, MUSICO, PINTORA Y VIUDAS DE DOCENTES. PENSIONES  GRACIABLES. OTORGAMIENTO.",80404,0,0
1989-10-26,16091,https://parlamento.gub.uy/documentosyleyes/leyes/ley/16091,https://www.impo.com.uy/bases/leyes/16091-1989,"ESCRITOR, ESCULTOR Y VIUDA PINTOR. PENSION GRACIABLE. OTORGAMIENTO.",80387,0,0
1989-10-26,16090,https://parlamento.gub.uy/documentosyleyes/leyes/ley/16090,https://www.impo.com.uy/bases/leyes/16090-1989,"EXPOSICION FILATELICA URUGUAY 92 (INTERNACIONAL). RECURSOS.",80386,3,1
1989-10-26,16089,https://parlamento.gub.uy/documentosyleyes/leyes/ley/16089,https://www.impo.com.uy/bases/leyes/16089-1989,"FRANCIA-URUGUAY. CONVENIO Y PROTOCOLO FINANCIERO. APROBACION.",80385,0,0
1989-10-25,16088,https://parlamento.gub.uy/documentosyleyes/leyes/ley/16088,https://www.impo.com.uy/bases/leyes/16088-1989,"ANIMALES FEROCES O SALVAJES. TENENCIA. REGIMEN.",80384,0,2
1989-10-24,16087,https://parlamento.gub.uy/documentosyleyes/leyes/ley/16087,https://www.impo.com.uy/bases/leyes/16087-1989,"RECIBOS. PRUEBA PAGO OBLIGACIONES CON ESTADO. EXIGENCIA.",80383,2,0
1989-10-18,16086,https://parlamento.gub.uy/documentosyleyes/leyes/ley/16086,https://www.impo.com.uy/bases/leyes/16086-1989,"LANGLADE, Alberto. ISEF. DENOMINACION.",80382,0,0
1989-10-18,16085,https://parlamento.gub.uy/documentosyleyes/leyes/ley/16085,https://www.impo.com.uy/bases/leyes/16085-1989,"CASINOS ESTADO. FUNCIONARIO ADMINISTRATIVO. COMPENSACION. EXTENSION.",80381,1,4
1989-10-18,16084,https://parlamento.gub.uy/documentosyleyes/leyes/ley/16084,https://www.impo.com.uy/bases/leyes/16084-1989,"PRODUCTOR RURAL. MULTAS POR MORA. IMPUESTOS. REDUCCION.",80380,1,0
1989-10-18,16083,https://parlamento.gub.uy/documentosyleyes/leyes/ley/16083,https://www.impo.com.uy/bases/leyes/16083-1989,"ELECCIONES (1989). ORGANIZACION Y REALIZACION.",80400,4,2
1989-10-18,16082,https://parlamento.gub.uy/documentosyleyes/leyes/ley/16082,https://www.impo.com.uy/bases/leyes/16082-1989,"AFTOSA. ERRADICACION Y CONTROL. INTERES NACIONAL. DECLARACION.",80378,2,11
1989-10-18,16081,https://parlamento.gub.uy/documentosyleyes/leyes/ley/16081,https://www.impo.com.uy/bases/leyes/16081-1989,"CONYUGE SOBREVIVIENTE. VIVIENDA. USUFRUCTO. DERECHO.",80377,0,0
1989-10-18,16080,https://parlamento.gub.uy/documentosyleyes/leyes/ley/16080,https://www.impo.com.uy/bases/leyes/16080-1989,"SILVA VALDES, Fernán. ESCUELA SARANDI DEL YI (DURAZNO). DENOMINACION.",80376,0,0
1989-10-18,16079,https://parlamento.gub.uy/documentosyleyes/leyes/ley/16079,https://www.impo.com.uy/bases/leyes/16079-1989,"ALEMANIA FEDERAL. ESCUELA COLONIA NICOLICH (CANELONES). DENOMINACION.",80375,0,0
1989-10-14,16078,https://parlamento.gub.uy/documentosyleyes/leyes/ley/16078,https://www.impo.com.uy/bases/leyes/16078-1989,"LEMAS PERMANENTES. OTORGAMIENTO.",80374,0,0
1989-10-11,16077,https://parlamento.gub.uy/documentosyleyes/leyes/ley/16077,https://www.impo.com.uy/bases/leyes/16077-1989,"FAMILIA (MATERIA). CONCILIACION. REQUISITO. EXCLUSION.",80373,1,0
1989-10-11,16076,https://parlamento.gub.uy/documentosyleyes/leyes/ley/16076,https://www.impo.com.uy/bases/leyes/16076-1989,"MARCAS FABRICA, COMERCIO Y AGRICULTURA. REGISTRO. SOLICITUD. REGIMEN.",80372,1,0
1989-10-11,16075,https://parlamento.gub.uy/documentosyleyes/leyes/ley/16075,https://www.impo.com.uy/bases/leyes/16075-1989,"ACCIDENTES NUCLEARES. PRONTA NOTIFICACION Y ASISTENCIA. CONVENIO. APROBACION.",80371,0,0
1989-10-10,16074,https://parlamento.gub.uy/documentosyleyes/leyes/ley/16074,https://www.impo.com.uy/bases/leyes/16074-1989,"SEGURO ACCIDENTES TRABAJO Y ENFERMEDADES PROFESIONALES. OBLIGATORIEDAD.",80370,2,20
1989-10-10,16073,https://parlamento.gub.uy/documentosyleyes/leyes/ley/16073,https://www.impo.com.uy/bases/leyes/16073-1989,"CHINA POPULAR-URUGUAY. COOPERACION ECONOMICA Y TECNICA. CONVENIO. APROBACION",80369,0,0
1989-10-09,16072,https://parlamento.gub.uy/documentosyleyes/leyes/ley/16072,https://www.impo.com.uy/bases/leyes/16072-1989,"CONTRATO CREDITO DE USO. REGLAMENTACION.",80368,5,8
1989-10-09,16071,https://parlamento.gub.uy/documentosyleyes/leyes/ley/16071,https://www.impo.com.uy/bases/leyes/16071-1989,"FRUGONI, Emilio. LICEO PUEBLO VICTORIA (MONTEVIDEO). DENOMINACION.",80367,0,0
1989-10-09,16070,https://parlamento.gub.uy/documentosyleyes/leyes/ley/16070,https://www.impo.com.uy/bases/leyes/16070-1989,"FRUGONI, Emilio. ESCUELA PARQUE POSADAS (MONTEVIDEO). DENOMINACION.",80366,0,0
1989-10-09,16069,https://parlamento.gub.uy/documentosyleyes/leyes/ley/16069,https://www.impo.com.uy/bases/leyes/16069-1989,"INSCRIPCIONES REGISTRO CIVIL (OMITIDAS). INCORPORACION. PRORROGA.",80365,1,0
1989-10-09,16068,https://parlamento.gub.uy/documentosyleyes/leyes/ley/16068,https://www.impo.com.uy/bases/leyes/16068-1989,"PISANI DE AMEN, Hilda. ESCUELA ESTACION SOLIS (LAVALLEJA). DENOMINACION.",80364,0,0
1989-10-09,16067,https://parlamento.gub.uy/documentosyleyes/leyes/ley/16067,https://www.impo.com.uy/bases/leyes/16067-1989,"DIAZ, Federico. ESCUELA (RIVERA). DENOMINACION.",80363,0,0
1989-10-06,16066,https://parlamento.gub.uy/documentosyleyes/leyes/ley/16066,https://www.impo.com.uy/bases/leyes/16066-1989,"VITALE, Ida. PENSION GRACIABLE. OTORGAMIENTO.",80362,0,0
1989-10-06,16065,https://parlamento.gub.uy/documentosyleyes/leyes/ley/16065,https://www.impo.com.uy/bases/leyes/16065-1989,"INIA. CREACION.",80361,1,2
1989-10-06,16064,https://parlamento.gub.uy/documentosyleyes/leyes/ley/16064,https://www.impo.com.uy/bases/leyes/16064-1989,"CONSIGNATARIO GANADO. PROFESION. EJERCICIO. REGLAMENTACION.",80360,1,0
1989-10-06,16063,https://parlamento.gub.uy/documentosyleyes/leyes/ley/16063,https://www.impo.com.uy/bases/leyes/16063-1989,"OIT-URUGUAY. CONVENIOS 100 IGUALDAD REMUNERACION MANO OBRA AMBOS SEXOS; 111  DISCRIMINACION EMPLEO; 156 TRABAJADORES CON RESPONSABILIDAD FAMILIAR.  APROBACION.",80358,0,0
1989-10-06,16062,https://parlamento.gub.uy/documentosyleyes/leyes/ley/16062,https://www.impo.com.uy/bases/leyes/16062-1989,"ALEMANIA-URUGUAY. ANIMALES SILVESTRES MIGRATORIOS. CONVENIO. APROBACION.",80357,0,0
1989-09-18,16061,https://parlamento.gub.uy/documentosyleyes/leyes/ley/16061,https://www.impo.com.uy/bases/leyes/16061-1989,"PASIVIDADES. AUMENTO. REGIMEN.",80356,2,0
1989-09-04,16060,https://parlamento.gub.uy/documentosyleyes/leyes/ley/16060,https://www.impo.com.uy/bases/leyes/16060-1989,"SOCIEDADES COMERCIALES, GRUPOS INTERES ECONOMICO Y CONSORCIOS. REGIMEN.",80355,6,54
1989-08-28,16059,https://parlamento.gub.uy/documentosyleyes/leyes/ley/16059,https://www.impo.com.uy/bases/leyes/16059-1989,"OPERACION UNITAS XXX (1989). REALIZACION. AUTORIZACION.",80354,0,0
1989-08-27,16058,https://parlamento.gub.uy/documentosyleyes/leyes/ley/16058,https://www.impo.com.uy/bases/leyes/16058-1989,"PROCESADO SIN PRISION. REQUISITOS. MODIFICACION.",80352,1,1
1989-08-08,16057,https://parlamento.gub.uy/documentosyleyes/leyes/ley/16057,https://www.impo.com.uy/bases/leyes/16057-1989,"MENDIZABAL, José Víctor. ESCUELA (FLORIDA). DENOMINACION.",80351,0,0
1989-08-07,16056,https://parlamento.gub.uy/documentosyleyes/leyes/ley/16056,https://www.impo.com.uy/bases/leyes/16056-1989,"ZARRILLI, Humberto. ESCUELA (MONTEVIDEO). DENOMINACION.",80350,0,0
1989-08-07,16055,https://parlamento.gub.uy/documentosyleyes/leyes/ley/16055,https://www.impo.com.uy/bases/leyes/16055-1989,"ESTEVEZ, Ildefonso P.. LICEO (TACUAREMBO). DENOMINACION.",80349,0,1
1989-08-07,16054,https://parlamento.gub.uy/documentosyleyes/leyes/ley/16054,https://www.impo.com.uy/bases/leyes/16054-1989,"CUNEO, José. ESCUELA (FLORIDA). DENOMINACION.",80348,0,0
1989-07-20,16053,https://parlamento.gub.uy/documentosyleyes/leyes/ley/16053,https://www.impo.com.uy/bases/leyes/16053-1989,"CODIGO DEL PROCESO (GENERAL). APLICACION. VIGENCIA. PRORROGA",80347,2,1
1989-07-17,16052,https://parlamento.gub.uy/documentosyleyes/leyes/ley/16052,https://www.impo.com.uy/bases/leyes/16052-1989,"TRANQUERAS (RIVERA). ANIVERSARIO FUNDACION (75º). FERIADO. DECLARACION.",80346,0,0
1989-07-10,16051,https://parlamento.gub.uy/documentosyleyes/leyes/ley/16051,https://www.impo.com.uy/bases/leyes/16051-1989,"MENOR. BIENES. ADMINISTRACION. REGIMEN. MODIFICACION.",80345,1,0
1989-06-22,16050,https://parlamento.gub.uy/documentosyleyes/leyes/ley/16050,https://www.impo.com.uy/bases/leyes/16050-1989,"MIEMBROS CONSEJOS ENSEÑANZA (DESCONCENTRADOS). JUBILACION ANTICIPADA.  REGIMEN.",80344,1,0
1989-06-22,16049,https://parlamento.gub.uy/documentosyleyes/leyes/ley/16049,https://www.impo.com.uy/bases/leyes/16049-1989,"TRIBUNAL CONTENCIOSO ADMINISTRATIVO. FERIA. FIJACION.",80343,1,0
1989-06-16,16048,https://parlamento.gub.uy/documentosyleyes/leyes/ley/16048,https://www.impo.com.uy/bases/leyes/16048-1989,"DISCRIMINACION. REPRESION Y CASTIGO. REGIMEN.",80342,0,1
1989-06-16,16047,https://parlamento.gub.uy/documentosyleyes/leyes/ley/16047,https://www.impo.com.uy/bases/leyes/16047-1989,"CIEGO. ENCOMIENDAS POSTALES. GRATUIDAD.",80341,0,0
1989-06-09,16046,https://parlamento.gub.uy/documentosyleyes/leyes/ley/16046,https://www.impo.com.uy/bases/leyes/16046-1989,"OFICINA TEXTILES Y PRENDAS VESTIR (INTERNACIONAL). CONVENIO. APROBACION.",80340,0,0
1989-06-02,16045,https://parlamento.gub.uy/documentosyleyes/leyes/ley/16045,https://www.impo.com.uy/bases/leyes/16045-1989,"MUJER. TRABAJO Y CONDICION SOCIAL. IGUALDAD TRATO.",80339,2,2
1989-05-23,16044,https://parlamento.gub.uy/documentosyleyes/leyes/ley/16044,https://www.impo.com.uy/bases/leyes/16044-1989,"DIARIO OFICIAL. PUBLICACIONES. REGIMEN. MODIFICACION.",80338,2,0
1989-05-17,16043,https://parlamento.gub.uy/documentosyleyes/leyes/ley/16043,https://www.impo.com.uy/bases/leyes/16043-1989,"FUNDACION BIANCHI ARDOINO DANERO. ESCUELA (MONTEVIDEO). DENOMINACION.",80337,0,1
1989-05-17,16042,https://parlamento.gub.uy/documentosyleyes/leyes/ley/16042,https://www.impo.com.uy/bases/leyes/16042-1989,"REPUBLICA ITALIANA. ESCUELA PASO CASTRO (RIVERA). DENOMINACION.",80336,0,0
1989-05-17,16041,https://parlamento.gub.uy/documentosyleyes/leyes/ley/16041,https://www.impo.com.uy/bases/leyes/16041-1989,"DETOMASI, Ricardo. ESCUELA (SAN JOSE). DENOMINACION.",80335,0,0
1989-05-17,16040,https://parlamento.gub.uy/documentosyleyes/leyes/ley/16040,https://www.impo.com.uy/bases/leyes/16040-1989,"ELIZAINCIN, Martin J.. ESCUELA CONSTITUCION (SALTO). DENOMINACION.",80334,0,0
1989-05-08,16039,https://parlamento.gub.uy/documentosyleyes/leyes/ley/16039,https://www.impo.com.uy/bases/leyes/16039-1989,"OIT-URUGUAY. CONVENIOS 141, 150, 151, 153 Y 154. APROBACION",80333,0,1
1989-05-08,16038,https://parlamento.gub.uy/documentosyleyes/leyes/ley/16038,https://www.impo.com.uy/bases/leyes/16038-1989,"ESCUELA LACAZE (COLONIA) INMUEBLE ESTADO. ENAJENACION",80332,0,0
1989-05-08,16037,https://parlamento.gub.uy/documentosyleyes/leyes/ley/16037,https://www.impo.com.uy/bases/leyes/16037-1989,"BARCO ARMADA ROU ""CAPITAN MIRANDA"". SALIDA PAIS. AUTORIZACION.",80331,0,0
1989-04-27,16036,https://parlamento.gub.uy/documentosyleyes/leyes/ley/16036,https://www.impo.com.uy/bases/leyes/16036-1989,"RIVERA, Fructuoso. REGIMIENTO CABALLERIA Nº 3. DENOMINACION.",80330,0,1
1989-04-24,16035,https://parlamento.gub.uy/documentosyleyes/leyes/ley/16035,https://www.impo.com.uy/bases/leyes/16035-1989,"ASAMBLEAS DOCENTES ANEP. ELECCIONES. COMPETENCIA CORTE ELECTORAL.",80328,2,0
1989-04-24,16034,https://parlamento.gub.uy/documentosyleyes/leyes/ley/16034,https://www.impo.com.uy/bases/leyes/16034-1989,"PEGAMENTOS TOXICOS. COMERCIALIZACION. REGIMEN.",80327,1,0
1989-04-17,16033,https://parlamento.gub.uy/documentosyleyes/leyes/ley/16033,https://www.impo.com.uy/bases/leyes/16033-1989,"IBARBOUROU, Juana DE. ESCUELA (RIVERA). DEMOMINACION.",80326,0,0
1989-04-17,16032,https://parlamento.gub.uy/documentosyleyes/leyes/ley/16032,https://www.impo.com.uy/bases/leyes/16032-1989,"RODRIGUEZ, Justo P.. LICEO CARDONA (SORIANO). DENOMINACION.",80325,0,0
1989-04-17,16031,https://parlamento.gub.uy/documentosyleyes/leyes/ley/16031,https://www.impo.com.uy/bases/leyes/16031-1989,"CHIPRE-URUGUAY. COOPERACION CULTURAL. CONVENIO. APROBACION.",80324,0,0
1989-04-17,16030,https://parlamento.gub.uy/documentosyleyes/leyes/ley/16030,https://www.impo.com.uy/bases/leyes/16030-1989,"ALEMANIA-URUGUAY. CULTURA. CONVENIO. APROBACION.",80323,0,0
1989-04-17,16029,https://parlamento.gub.uy/documentosyleyes/leyes/ley/16029,https://www.impo.com.uy/bases/leyes/16029-1989,"CHINA POPULAR-URUGUAY. CULTURA Y EDUCACION. COLABORACION. CONVENIO.  APROBACION.",80322,0,0
1989-04-17,16028,https://parlamento.gub.uy/documentosyleyes/leyes/ley/16028,https://www.impo.com.uy/bases/leyes/16028-1989,"INMUEBLE INTENDENCIA FLORES (DPTO). AFECTACION.",80321,0,0
1989-04-14,16027,https://parlamento.gub.uy/documentosyleyes/leyes/ley/16027,https://www.impo.com.uy/bases/leyes/16027-1989,"ABORDAJES. PREVENCION. ENMIENDAS CONVENIO. APROBACION.",80320,0,0
1989-04-13,16026,https://parlamento.gub.uy/documentosyleyes/leyes/ley/16026,https://www.impo.com.uy/bases/leyes/16026-1989,"CHINA POPULAR-URUGUAY. COMERCIO. CONVENIO. APROBACION.",80319,0,0
1989-04-13,16025,https://parlamento.gub.uy/documentosyleyes/leyes/ley/16025,https://www.impo.com.uy/bases/leyes/16025-1989,"SUECIA-URUGUAY. COOPERACION CIENTIFICA. CONVENIO. APROBACION.",80318,0,0
1989-04-13,16024,https://parlamento.gub.uy/documentosyleyes/leyes/ley/16024,https://www.impo.com.uy/bases/leyes/16024-1989,"GUATEMALA-URUGUAY. COOPERACION ECONOMICA Y COMERCIAL. CONVENIO. APROBACION.",80317,0,0
1989-04-13,16023,https://parlamento.gub.uy/documentosyleyes/leyes/ley/16023,https://www.impo.com.uy/bases/leyes/16023-1989,"GUATEMALA-URUGUAY. COOPERACION TECNICA. CONVENIO. APROBACION.",80316,0,0
1989-04-13,16022,https://parlamento.gub.uy/documentosyleyes/leyes/ley/16022,https://www.impo.com.uy/bases/leyes/16022-1989,"GUATEMALA-URUGUAY. CULTURA. CONVENIO. APROBACION.",80315,0,0
1989-04-13,16021,https://parlamento.gub.uy/documentosyleyes/leyes/ley/16021,https://www.impo.com.uy/bases/leyes/16021-1989,"NACIONALIDAD. DETERMINACION.",80314,0,2
1989-04-12,16020,https://parlamento.gub.uy/documentosyleyes/leyes/ley/16020,https://www.impo.com.uy/bases/leyes/16020-1989,"MACHIÑENA, Martín Oscar. CENTRO EDUCATIVO RAIGON (SAN JOSE). DENOMINACION.",80313,0,0
1989-04-11,16019,https://parlamento.gub.uy/documentosyleyes/leyes/ley/16019,https://www.impo.com.uy/bases/leyes/16019-1989,"ELECCIONES, PLEBISCITO Y REFERENDUM (ACTOS). PROPAGANDA. PROHIBICION.",80312,0,0
1989-03-27,16018,https://parlamento.gub.uy/documentosyleyes/leyes/ley/16018,https://www.impo.com.uy/bases/leyes/16018-1989,"PRODUCTOR RURAL. APORTE PATRONAL ADEUDADO. PAGO. REGIMEN. PRORROGA.",80311,1,0
1989-01-20,16017,https://parlamento.gub.uy/documentosyleyes/leyes/ley/16017,https://www.impo.com.uy/bases/leyes/16017-1989,"REFERENDUM. REGLAMENTACION.",80062,4,10
1988-12-29,16016,https://parlamento.gub.uy/documentosyleyes/leyes/ley/16016,https://www.impo.com.uy/bases/leyes/16016-1988,"CASINOS ESTADO. FUNCIONARIO ADMINISTRATIVO. COMPENSACION.",80310,2,3
1988-12-20,16015,https://parlamento.gub.uy/documentosyleyes/leyes/ley/16015,https://www.impo.com.uy/bases/leyes/16015-1988,"UNESCO. ESCUELA (MONTEVIDEO). DENOMINACION.",80309,0,0
1988-12-20,16014,https://parlamento.gub.uy/documentosyleyes/leyes/ley/16014,https://www.impo.com.uy/bases/leyes/16014-1988,"REGISTROS PUBLICOS. FUNCIONAMIENTO. REGIMEN. VIGENCIA. PRORROGA.",80308,1,0
1988-12-20,16013,https://parlamento.gub.uy/documentosyleyes/leyes/ley/16013,https://www.impo.com.uy/bases/leyes/16013-1988,"QUIROGA, Horacio. LICEO (SALTO). DENOMINACION.",80307,0,0
1988-12-20,16012,https://parlamento.gub.uy/documentosyleyes/leyes/ley/16012,https://www.impo.com.uy/bases/leyes/16012-1988,"GALLEGOS, Rómulo. ESCUELA VERGARA (TREINTA Y TRES). DENOMINACION.",80306,0,0
1988-12-19,16011,https://parlamento.gub.uy/documentosyleyes/leyes/ley/16011,https://www.impo.com.uy/bases/leyes/16011-1988,"ACCION AMPARO. NORMAS. REGULACION.",80304,3,8
1988-12-19,16010,https://parlamento.gub.uy/documentosyleyes/leyes/ley/16010,https://www.impo.com.uy/bases/leyes/16010-1988,"MOZOS CORDEL PUERTOS MONTEVIDEO Y COLONIA. SALARIO. AUMENTO.",80303,3,1
1988-12-12,16009,https://parlamento.gub.uy/documentosyleyes/leyes/ley/16009,https://www.impo.com.uy/bases/leyes/16009-1988,"CAORSI, Antonio J.. ESCUELA BARRIO HIPODROMO (FLORES). DENOMINACION.",80302,0,0
1988-12-12,16008,https://parlamento.gub.uy/documentosyleyes/leyes/ley/16008,https://www.impo.com.uy/bases/leyes/16008-1988,"RIVERO MORENO, Elbio. CENTRO SALUD PUBLICA (MALDONADO). DENOMINACION.",80301,0,0
1988-11-29,16007,https://parlamento.gub.uy/documentosyleyes/leyes/ley/16007,https://www.impo.com.uy/bases/leyes/16007-1988,"PENSIONES GRACIABLES. MONTO MINIMO. FIJACION.",80300,0,0
1988-11-28,16006,https://parlamento.gub.uy/documentosyleyes/leyes/ley/16006,https://www.impo.com.uy/bases/leyes/16006-1988,"FRAY MARCOS (FLORIDA). CENTERARIO FUNDACION. FERIADO. DECLARACION.",80299,0,0
1988-11-28,16005,https://parlamento.gub.uy/documentosyleyes/leyes/ley/16005,https://www.impo.com.uy/bases/leyes/16005-1988,"BELTRAN, Washington. COMISION MONUMENTO (NACIONAL). CREACION.",80298,0,1
1988-11-28,16004,https://parlamento.gub.uy/documentosyleyes/leyes/ley/16004,https://www.impo.com.uy/bases/leyes/16004-1988,"IRIC. PAGO. EXONERACIONES. INTERPRETACION a. 653 L.15.809. INTERPRETACION",80295,1,0
1988-11-28,16003,https://parlamento.gub.uy/documentosyleyes/leyes/ley/16003,https://www.impo.com.uy/bases/leyes/16003-1988,"ORGANIZACION MIGRACIONES (INTERNACIONAL) (OIM). DENOMINACION Y ENMIENDAS  CONSTITUCION ORGANISMO. APROBACION",80294,0,0
1988-11-25,16002,https://parlamento.gub.uy/documentosyleyes/leyes/ley/16002,https://www.impo.com.uy/bases/leyes/16002-1988,"RENDICION CUENTAS 1987. APROBACION.",80293,29,29
1988-11-24,16001,https://parlamento.gub.uy/documentosyleyes/leyes/ley/16001,https://www.impo.com.uy/bases/leyes/16001-1988,"INMUEBLE ESTADO (MONTEVIDEO). PERMUTA INTENDENCIA. AUTORIZACION.",80292,0,0
1988-11-24,16000,https://parlamento.gub.uy/documentosyleyes/leyes/ley/16000,https://www.impo.com.uy/bases/leyes/16000-1988,"GOICOECHEA, Julian R.. ESCUELA PAN DE AZUCAR (MALDONADO). DENOMINACION.",80291,0,0
1988-11-24,15999,https://parlamento.gub.uy/documentosyleyes/leyes/ley/15999,https://www.impo.com.uy/bases/leyes/15999-1988,"AGUSTINI, Delmira. TRASLADO RESTOS PANTEON NACIONAL.",80290,0,0
1988-11-23,15998,https://parlamento.gub.uy/documentosyleyes/leyes/ley/15998,https://www.impo.com.uy/bases/leyes/15998-1988,"BARRAGUE, Alberto. CENTRO SALUD PUBLICA (TACUAREMBO). DENOMINACION.",80289,0,0
1988-11-23,15997,https://parlamento.gub.uy/documentosyleyes/leyes/ley/15997,https://www.impo.com.uy/bases/leyes/15997-1988,"LOMBARDINI, Lorenzo. CENTRO SALUD PUBLICA (PAYSANDU). DENOMINACION.",80288,0,0
1988-11-17,15996,https://parlamento.gub.uy/documentosyleyes/leyes/ley/15996,https://www.impo.com.uy/bases/leyes/15996-1988,"TRABAJADOR. HORAS EXTRAS Y SUPLEMENTARIAS. COMPUTO. REGIMEN.",80287,1,2
1988-11-17,15995,https://parlamento.gub.uy/documentosyleyes/leyes/ley/15995,https://www.impo.com.uy/bases/leyes/15995-1988,"COLON, Cristobal. ESCUELA (MONTEVIDEO). DENOMINACION.",80285,0,0
1988-11-17,15994,https://parlamento.gub.uy/documentosyleyes/leyes/ley/15994,https://www.impo.com.uy/bases/leyes/15994-1988,"GARCIA LORCA, Federico. ESCUELA CURVA MAROÑAS (MONTEVIDEO). DENOMINACION.",80284,0,0
1988-11-17,15993,https://parlamento.gub.uy/documentosyleyes/leyes/ley/15993,https://www.impo.com.uy/bases/leyes/15993-1988,"BULANTI RIOS, Leonardo. ESCUELA TECNICA (PAYSANDU). DENOMINACION.",80283,0,0
1988-11-17,15992,https://parlamento.gub.uy/documentosyleyes/leyes/ley/15992,https://www.impo.com.uy/bases/leyes/15992-1988,"VERDESIO, Emilio. ESCUELA HOGAR (MONTEVIDEO). DENOMINACION.",80282,0,0
1988-11-17,15991,https://parlamento.gub.uy/documentosyleyes/leyes/ley/15991,https://www.impo.com.uy/bases/leyes/15991-1988,"PURRIEL, Pablo. ESCUELA SANTA CATALINA (SORIANO). DENOMINACION.",80281,0,0
1988-11-17,15990,https://parlamento.gub.uy/documentosyleyes/leyes/ley/15990,https://www.impo.com.uy/bases/leyes/15990-1988,"BONJOUR, David. LICEO CARMELO (COLONIA). DENOMINACION.",80280,0,0
1988-11-17,15989,https://parlamento.gub.uy/documentosyleyes/leyes/ley/15989,https://www.impo.com.uy/bases/leyes/15989-1988,"CAUSAHABIENTE POLICIA FALLECIDO ACTO SERVICIO. PENSION. MODIFICACION.",80279,2,0
1988-11-17,15988,https://parlamento.gub.uy/documentosyleyes/leyes/ley/15988,https://www.impo.com.uy/bases/leyes/15988-1988,"OPERACION CIMARRON X. BARCOS Y AVIONES ARMADA ARGENTINA. ESCALA.  AUTORIZACION.",80278,0,0
1988-11-16,15987,https://parlamento.gub.uy/documentosyleyes/leyes/ley/15987,https://www.impo.com.uy/bases/leyes/15987-1988,"ESPAÑA-URUGUAY. CONFLICTO LEYES ALIMENTOS MENORES. CONVENIO. APROBACION.",80277,0,0
1988-11-16,15986,https://parlamento.gub.uy/documentosyleyes/leyes/ley/15986,https://www.impo.com.uy/bases/leyes/15986-1988,"CAPA OZONO. PROTECCION. CONVENIO. APROBACION.",80276,0,1
1988-11-16,15985,https://parlamento.gub.uy/documentosyleyes/leyes/ley/15985,https://www.impo.com.uy/bases/leyes/15985-1988,"COMISION CALIFICADORA OFICIAL ARMADA. INTEGRACION. MODIFICACION.",80275,2,0
1988-10-27,15984,https://parlamento.gub.uy/documentosyleyes/leyes/ley/15984,https://www.impo.com.uy/bases/leyes/15984-1988,"OPERACION UNITAS XXIX (1988). REALIZACION. AUTORIZACION.",80274,0,0
1988-10-26,15983,https://parlamento.gub.uy/documentosyleyes/leyes/ley/15983,https://www.impo.com.uy/bases/leyes/15983-1988,"REUNION PRESIDENTES AMERICA LATINA. MONEDAS CONMEMORATIVAS. ACUÑACION BANCO  CENTRAL. AUTORIZACION.",80273,0,0
1988-10-18,15982,https://parlamento.gub.uy/documentosyleyes/leyes/ley/15982,https://www.impo.com.uy/bases/leyes/15982-1988,"CODIGO DEL PROCESO (GENERAL). APROBACION.",80272,6,27
1988-10-17,15981,https://parlamento.gub.uy/documentosyleyes/leyes/ley/15981,https://www.impo.com.uy/bases/leyes/15981-1988,"INSCRIPCIONES REGISTRO CIVIL (OMITIDAS). INCORPORACION. REGIMEN PLAZO",80271,1,0
1988-09-19,15980,https://parlamento.gub.uy/documentosyleyes/leyes/ley/15980,https://www.impo.com.uy/bases/leyes/15980-1988,"INMUEBLE ESTADO (MONTEVIDEO). PERMUTA ANEP. AUTORIZACION.",80270,1,0
1988-09-19,15979,https://parlamento.gub.uy/documentosyleyes/leyes/ley/15979,https://www.impo.com.uy/bases/leyes/15979-1988,"INMUEBLE ESTADO (MONTEVIDEO). PERMUTA INTENDENCIA RIO NEGRO.",80269,0,0
1988-09-19,15978,https://parlamento.gub.uy/documentosyleyes/leyes/ley/15978,https://www.impo.com.uy/bases/leyes/15978-1988,"INMUEBLE ESTADO (ROCHA). DESTINO ANEP. AUTORIZACION.",80268,0,0
1988-09-14,15977,https://parlamento.gub.uy/documentosyleyes/leyes/ley/15977,https://www.impo.com.uy/bases/leyes/15977-1988,"INAME. CREACION.",80267,0,5
1988-09-07,15976,https://parlamento.gub.uy/documentosyleyes/leyes/ley/15976,https://www.impo.com.uy/bases/leyes/15976-1988,"INMUEBLES TACUAREMBO. UTE-INTENDENCIA. DESAFECTACION. PERMUTA",80266,0,0
1988-09-07,15975,https://parlamento.gub.uy/documentosyleyes/leyes/ley/15975,https://www.impo.com.uy/bases/leyes/15975-1988,"MINISTERIO INTERIOR. INMUEBLE. AFECTACION.",80265,0,0
1988-08-31,15974,https://parlamento.gub.uy/documentosyleyes/leyes/ley/15974,https://www.impo.com.uy/bases/leyes/15974-1988,"MERCEDES (SORIANO) BICENTENARIO FUNDACION. FERIADO. DECLARACION",80264,0,0
1988-08-18,15973,https://parlamento.gub.uy/documentosyleyes/leyes/ley/15973,https://www.impo.com.uy/bases/leyes/15973-1988,"ESCUELA (MONTEVIDEO). CONSTRUCCION. INMUEBLE. AFECTACION.",80263,0,0
1988-08-12,15972,https://parlamento.gub.uy/documentosyleyes/leyes/ley/15972,https://www.impo.com.uy/bases/leyes/15972-1988,"REYLES, Carlos. PUEBLO (DURAZNO). DECLARATORIA. RATIFICACION.",80262,1,0
1988-08-10,15971,https://parlamento.gub.uy/documentosyleyes/leyes/ley/15971,https://www.impo.com.uy/bases/leyes/15971-1988,"MONEDAS. ACUÑACION. BANCO CENTRAL. AUTORIZACION.",80261,2,0
1988-07-21,15970,https://parlamento.gub.uy/documentosyleyes/leyes/ley/15970,https://www.impo.com.uy/bases/leyes/15970-1988,"COMISION REFORMA CODIGO PROCESO PENAL. PLAZO. PRORROGA.",80260,1,0
1988-07-14,15969,https://parlamento.gub.uy/documentosyleyes/leyes/ley/15969,https://www.impo.com.uy/bases/leyes/15969-1988,"PASAPORTES. EXPEDICION. TRAMITE URGENTE. CREACION.",80259,0,1
1988-07-14,15968,https://parlamento.gub.uy/documentosyleyes/leyes/ley/15968,https://www.impo.com.uy/bases/leyes/15968-1988,"CENTRO REGISTRO PUBLICACIONES SERIADAS. ESTATUTOS. ADHESION",80258,0,0
1988-07-12,15967,https://parlamento.gub.uy/documentosyleyes/leyes/ley/15967,https://www.impo.com.uy/bases/leyes/15967-1988,"GARCIA, Serafín J.. ESCUELA VERGARA (TREINTA Y TRES). DENOMINACION.",80257,0,0
1988-07-12,15966,https://parlamento.gub.uy/documentosyleyes/leyes/ley/15966,https://www.impo.com.uy/bases/leyes/15966-1988,"PERROU, Juan Luis. LICEO COLONIA (COLONIA). DENOMINACION.",80256,0,0
1988-06-28,15965,https://parlamento.gub.uy/documentosyleyes/leyes/ley/15965,https://www.impo.com.uy/bases/leyes/15965-1988,"OIT-URUGUAY. CONVENIOS 148 MEDIO AMBIENTE TRABAJO; 155 SEGURIDAD Y SALUD  TRABAJADORES; 161 SERVICIOS SALUD TRABAJO. APROBACION.",80254,0,0
1988-06-28,15964,https://parlamento.gub.uy/documentosyleyes/leyes/ley/15964,https://www.impo.com.uy/bases/leyes/15964-1988,"BIENES CULTURALES Y NATURALES (MUNDIALES). PROTECCION. CONVENIO. APROBACION.",80253,0,0
1988-06-28,15963,https://parlamento.gub.uy/documentosyleyes/leyes/ley/15963,https://www.impo.com.uy/bases/leyes/15963-1988,"FERREIRA CORREA, Isaac. BUSTO HOSPITAL CASTILLOS (ROCHA). COLOCACION.",80252,0,0
1988-06-28,15962,https://parlamento.gub.uy/documentosyleyes/leyes/ley/15962,https://www.impo.com.uy/bases/leyes/15962-1988,"GUACARARI, Andrés. ESCUELA RURAL RANCHERIOS PONCE (CANELONES). DENOMINACION.",80250,0,0
1988-06-28,15961,https://parlamento.gub.uy/documentosyleyes/leyes/ley/15961,https://www.impo.com.uy/bases/leyes/15961-1988,"BLANES, Juan Manuel. ESCUELA PUNTAS BURICAYUPI (PAYSANDU). DENOMINACION.",80249,0,0
1988-06-27,15960,https://parlamento.gub.uy/documentosyleyes/leyes/ley/15960,https://www.impo.com.uy/bases/leyes/15960-1988,"MARISCALA (LAVALLEJA). VILLA. DECLARATORIA.",80248,0,0
1988-06-22,15959,https://parlamento.gub.uy/documentosyleyes/leyes/ley/15959,https://www.impo.com.uy/bases/leyes/15959-1988,"CEVI S.A, INHOSA, FONDO PARTICIPACIONES Y VIDAL. LIQUIDACION ADMINISTRTIVA.  PLAZO. PRORROGA.",80247,1,0
1988-06-20,15958,https://parlamento.gub.uy/documentosyleyes/leyes/ley/15958,https://www.impo.com.uy/bases/leyes/15958-1988,"CUBA-URUGUAY. COMERCIO. FOMENTO. CONVENIO. APROBACION",80246,0,0
1988-06-20,15957,https://parlamento.gub.uy/documentosyleyes/leyes/ley/15957,https://www.impo.com.uy/bases/leyes/15957-1988,"PROGRAMA NACIONES UNIDAS PARA DESARROLLO (PNUD)-URUGUAY. CONVENIO.  APROBACION.",80245,0,0
1988-06-20,15956,https://parlamento.gub.uy/documentosyleyes/leyes/ley/15956,https://www.impo.com.uy/bases/leyes/15956-1988,"ARQUEO BARCOS (VIAJES INTERNACIONALES). CONVENIO. APROBACION",80244,0,0
1988-06-20,15955,https://parlamento.gub.uy/documentosyleyes/leyes/ley/15955,https://www.impo.com.uy/bases/leyes/15955-1988,"BARCOS. CONTAMINACION MAR. PREVENCION. CONVENIO. APROBACION.",80243,1,0
1988-06-20,15954,https://parlamento.gub.uy/documentosyleyes/leyes/ley/15954,https://www.impo.com.uy/bases/leyes/15954-1988,"COLOMBIA-URUGUAY. CULTURA. INTERCAMBIO. CONVENIO. APROBACION",80242,0,0
1988-06-06,15953,https://parlamento.gub.uy/documentosyleyes/leyes/ley/15953,https://www.impo.com.uy/bases/leyes/15953-1988,"PATRONO Y TRABAJADOR EMPRESA UNIPERSONAL. SEGURO ENFERMEDAD. DERECHO.",80241,3,5
1988-05-30,15952,https://parlamento.gub.uy/documentosyleyes/leyes/ley/15952,https://www.impo.com.uy/bases/leyes/15952-1988,"APARICIO, Timoteo. ESCUELA CANELON GRANDE (CANELONES). DENOMINACION.",80240,0,0
1988-05-30,15951,https://parlamento.gub.uy/documentosyleyes/leyes/ley/15951,https://www.impo.com.uy/bases/leyes/15951-1988,"REGULES, Dardo. ESCUELA (MONTEVIDEO). DENOMINACION.",80239,0,0
1988-05-30,15950,https://parlamento.gub.uy/documentosyleyes/leyes/ley/15950,https://www.impo.com.uy/bases/leyes/15950-1988,"RIVOIR BONJOUR, José Aurelio. PLAZA DEPORTES (ROCHA). DENOMINACION.",80238,0,0
1988-05-30,15949,https://parlamento.gub.uy/documentosyleyes/leyes/ley/15949,https://www.impo.com.uy/bases/leyes/15949-1988,"FANETTI, Magdalena. ESCUELA COLONIA MIGUELETE (COLONIA). DENOMINACION.",80237,0,0
1988-05-30,15948,https://parlamento.gub.uy/documentosyleyes/leyes/ley/15948,https://www.impo.com.uy/bases/leyes/15948-1988,"GIAVI DE ADAMI, Mercedes. LICEO VILLA ISMAEL CORTINAS (FLORES). DENOMINACION.",80236,0,0
1988-05-30,15947,https://parlamento.gub.uy/documentosyleyes/leyes/ley/15947,https://www.impo.com.uy/bases/leyes/15947-1988,"BIANCHI, Dante. ESCUELA AGRARIA SAN CARLOS (MALDONADO). DENOMINACION.",80235,0,0
1988-05-30,15946,https://parlamento.gub.uy/documentosyleyes/leyes/ley/15946,https://www.impo.com.uy/bases/leyes/15946-1988,"QUIROGA, Horacio. ESCUELA (SALTO). DENOMINACION.",80234,0,0
1988-05-30,15945,https://parlamento.gub.uy/documentosyleyes/leyes/ley/15945,https://www.impo.com.uy/bases/leyes/15945-1988,"ESPAÑA. ESCUELA (RIVERA). DENOMINACION.",80233,0,0
1988-05-30,15944,https://parlamento.gub.uy/documentosyleyes/leyes/ley/15944,https://www.impo.com.uy/bases/leyes/15944-1988,"VIGIL,Constancio C.. ESCUELA DOLORES (SORIANO). DENOMINACION",80232,0,0
1988-05-30,15943,https://parlamento.gub.uy/documentosyleyes/leyes/ley/15943,https://www.impo.com.uy/bases/leyes/15943-1988,"MOLINO VIEJO (MINAS). MONUMENTO HISTORICO. DECLARACION.",80231,0,0
1988-05-06,15942,https://parlamento.gub.uy/documentosyleyes/leyes/ley/15942,https://www.impo.com.uy/bases/leyes/15942-1988,"PAPA JUAN PABLO II. VISITA URUGUAY. FERIADO. DECLARACION.",80230,1,0
1988-04-11,15941,https://parlamento.gub.uy/documentosyleyes/leyes/ley/15941,https://www.impo.com.uy/bases/leyes/15941-1988,"PANDO (CANELONES). ANIVERSARIO FUNDACION (200). FERIADO. DECLARACION.",80228,0,0
1988-03-04,15940,https://parlamento.gub.uy/documentosyleyes/leyes/ley/15940,https://www.impo.com.uy/bases/leyes/15940-1988,"COMERCIANTE, INDUSTRIAL, PRESTADOR SERVICIOS Y PRODUCTOR RURAL. DEUDAS.  REFINANCIACION. PAGO. REGIMEN",80227,1,0
1987-12-28,15939,https://parlamento.gub.uy/documentosyleyes/leyes/ley/15939,https://www.impo.com.uy/bases/leyes/15939-1987,"FORESTACION. PROTECCION Y DESARROLLO. REGIMEN.",80226,4,21
1987-12-23,15938,https://parlamento.gub.uy/documentosyleyes/leyes/ley/15938,https://www.impo.com.uy/bases/leyes/15938-1987,"ESCRITURA PUBLICA COMPRA BARCOS E INMUEBLES POR ESTADO. REGLAMENTACION.",80225,1,0
1987-12-23,15937,https://parlamento.gub.uy/documentosyleyes/leyes/ley/15937,https://www.impo.com.uy/bases/leyes/15937-1987,"ASTILLEROS, DIQUES Y VARADEROS. MATERIALES. ADQUISICION.",80224,1,0
1987-12-23,15936,https://parlamento.gub.uy/documentosyleyes/leyes/ley/15936,https://www.impo.com.uy/bases/leyes/15936-1987,"PARTIDAS ESTADO CIVIL. LEGALIZACION. DERECHOS CONSULARES. PAGO. EXONERACION.",80223,2,0
1987-12-23,15935,https://parlamento.gub.uy/documentosyleyes/leyes/ley/15935,https://www.impo.com.uy/bases/leyes/15935-1987,"HOSPITAL ZOILO CHELLE (SORIANO). OBRAS REMODELACION. RECURSOS",80222,1,0
1987-12-22,15934,https://parlamento.gub.uy/documentosyleyes/leyes/ley/15934,https://www.impo.com.uy/bases/leyes/15934-1987,"OFICIAL SANIDAD FF.AA.(SERVICIO). ASCENSOS. CONCURSO. MODIFICACION.",80221,2,0
1987-12-22,15933,https://parlamento.gub.uy/documentosyleyes/leyes/ley/15933,https://www.impo.com.uy/bases/leyes/15933-1987,"CARITAT, Ricardo. ESCUELA DISCAPACITADOS MOTRICES. DENOMINACION.",80220,0,0
1987-12-22,15932,https://parlamento.gub.uy/documentosyleyes/leyes/ley/15932,https://www.impo.com.uy/bases/leyes/15932-1987,"PARLAMENTO LATINOAMERICANO. INSTITUCIONALIZACION. CONVENIO. APROBACION.",80219,0,0
1987-12-22,15931,https://parlamento.gub.uy/documentosyleyes/leyes/ley/15931,https://www.impo.com.uy/bases/leyes/15931-1987,"PATRONO RURAL O PROPIETARIO INMUEBLES RURALES. MULTAS. EXONERACION.",80218,0,0
1987-12-22,15930,https://parlamento.gub.uy/documentosyleyes/leyes/ley/15930,https://www.impo.com.uy/bases/leyes/15930-1987,"IRIC. PAGO. EXONERACIONES.",80217,0,0
1987-12-22,15929,https://parlamento.gub.uy/documentosyleyes/leyes/ley/15929,https://www.impo.com.uy/bases/leyes/15929-1987,"BEBIDAS SIN ALCOHOL. IMESI. TASA. MODIFICACION.",80213,0,0
1987-12-22,15928,https://parlamento.gub.uy/documentosyleyes/leyes/ley/15928,https://www.impo.com.uy/bases/leyes/15928-1987,"CORPORACION DESARROLLO. IRIC. PAGO. EXONERACION.",80212,0,1
1987-12-22,15927,https://parlamento.gub.uy/documentosyleyes/leyes/ley/15927,https://www.impo.com.uy/bases/leyes/15927-1987,"IVA. PAGO. EXONERACIONES. INCLUSIONES.",80211,1,1
1987-12-18,15926,https://parlamento.gub.uy/documentosyleyes/leyes/ley/15926,https://www.impo.com.uy/bases/leyes/15926-1987,"RIVERA. BARCO TANQUE VIKING HARRIER. DENOMINACION.",80210,0,0
1987-12-18,15925,https://parlamento.gub.uy/documentosyleyes/leyes/ley/15925,https://www.impo.com.uy/bases/leyes/15925-1987,"PROFESOR ADSCRIPTO Y AYUDANTE PREPARADOR. CARGOS. PROVISION.",80209,1,0
1987-12-18,15924,https://parlamento.gub.uy/documentosyleyes/leyes/ley/15924,https://www.impo.com.uy/bases/leyes/15924-1987,"PROFESOR. CARGOS. PROVISION. REGIMEN.",80208,1,0
1987-12-18,15923,https://parlamento.gub.uy/documentosyleyes/leyes/ley/15923,https://www.impo.com.uy/bases/leyes/15923-1987,"TECNICO Y FUNCIONARIO PODER JUDICIAL. INCOMPATIBILIDAD CARGO DOCENTE.  EXCEPCION.",80207,1,0
1987-12-17,15922,https://parlamento.gub.uy/documentosyleyes/leyes/ley/15922,https://www.impo.com.uy/bases/leyes/15922-1987,"INMUEBLES INTERIOR PAIS. INSCRIPCION. REGIMEN. PRORROGA.",80206,1,0
1987-12-17,15921,https://parlamento.gub.uy/documentosyleyes/leyes/ley/15921,https://www.impo.com.uy/bases/leyes/15921-1987,"ZONAS FRANCAS. REGIMEN.",80205,5,11
1987-12-17,15920,https://parlamento.gub.uy/documentosyleyes/leyes/ley/15920,https://www.impo.com.uy/bases/leyes/15920-1987,"ACTRIZ, CANTANTE, MUSICO, PLASTICA, POETISA. PENSION GRACIABLE. OTORGAMIENTO.",80204,0,0
1987-12-17,15919,https://parlamento.gub.uy/documentosyleyes/leyes/ley/15919,https://www.impo.com.uy/bases/leyes/15919-1987,"HERRERA, Magali Y CABRERA, Raul Javiel. PENSION GRACIABLE. OTORGAMIENTO.",80203,0,0
1987-12-10,15918,https://parlamento.gub.uy/documentosyleyes/leyes/ley/15918,https://www.impo.com.uy/bases/leyes/15918-1987,"DIA ANTARTIDA URUGUAYA - 7 OCTUBRE. DECLARACION.",80202,0,1
1987-12-09,15917,https://parlamento.gub.uy/documentosyleyes/leyes/ley/15917,https://www.impo.com.uy/bases/leyes/15917-1987,"BARRIOS AMORIN, Javier. LICEO (MONTEVIDEO). DENOMINACION.",80201,0,0
1987-12-09,15916,https://parlamento.gub.uy/documentosyleyes/leyes/ley/15916,https://www.impo.com.uy/bases/leyes/15916-1987,"TRONCOSO FRIONI, Alejandro H.. ASCENSO A CORONEL.",89007,0,0
1987-12-09,15915,https://parlamento.gub.uy/documentosyleyes/leyes/ley/15915,https://www.impo.com.uy/bases/leyes/15915-1987,"PIRIA, Francisco. ESCUELA GRANJA (MALDONADO). DENOMINACION.",80199,0,0
1987-11-27,15914,https://parlamento.gub.uy/documentosyleyes/leyes/ley/15914,https://www.impo.com.uy/bases/leyes/15914-1987,"INSTITUTO LIBRO. VENTAS. REGIMEN.",80198,1,0
1987-11-27,15913,https://parlamento.gub.uy/documentosyleyes/leyes/ley/15913,https://www.impo.com.uy/bases/leyes/15913-1987,"LIBRO. PRODUCCION, EDICION, COMERCIO Y DIFUSION. INTERES NACIONAL.  DECLARACION.",80197,5,1
1987-11-19,15912,https://parlamento.gub.uy/documentosyleyes/leyes/ley/15912,https://www.impo.com.uy/bases/leyes/15912-1987,"CASTRO, Julio Cesar. ESCUELA (MONTEVIDEO). DENOMINACION.",80196,0,0
1987-11-19,15911,https://parlamento.gub.uy/documentosyleyes/leyes/ley/15911,https://www.impo.com.uy/bases/leyes/15911-1987,"HUNGRIA-URUGUAY. CIENCIA, CULTURA Y EDUCACION. CONVENIO. APROBACION.",80195,0,0
1987-11-17,15910,https://parlamento.gub.uy/documentosyleyes/leyes/ley/15910,https://www.impo.com.uy/bases/leyes/15910-1987,"ANEP. INMUEBLE (SALTO). AFECTACION.",80194,0,0
1987-11-17,15909,https://parlamento.gub.uy/documentosyleyes/leyes/ley/15909,https://www.impo.com.uy/bases/leyes/15909-1987,"8ARENA, Domingo. ESCUELA (MONTEVIDEO). DENOMINACION.",80193,0,0
1987-11-17,15908,https://parlamento.gub.uy/documentosyleyes/leyes/ley/15908,https://www.impo.com.uy/bases/leyes/15908-1987,"CASA VIRREY. INMUEBLE. AFECTACION BANCO HIPOTECARIO.",80191,0,0
1987-11-13,15907,https://parlamento.gub.uy/documentosyleyes/leyes/ley/15907,https://www.impo.com.uy/bases/leyes/15907-1987,"CASTERAN, Luisa. ESCUELA (MONTEVIDEO). DENOMINACION.",80190,0,0
1987-11-13,15906,https://parlamento.gub.uy/documentosyleyes/leyes/ley/15906,https://www.impo.com.uy/bases/leyes/15906-1987,"CASTELLINI DE FERRERE, Graciela. JARDIN INFANTES (SALTO). DENOMINACION.",80189,0,0
1987-11-13,15905,https://parlamento.gub.uy/documentosyleyes/leyes/ley/15905,https://www.impo.com.uy/bases/leyes/15905-1987,"MARTINEZ TRUEBA, Andrés. LICEO (FLORIDA). DENOMINACION.",80188,0,0
1987-11-13,15904,https://parlamento.gub.uy/documentosyleyes/leyes/ley/15904,https://www.impo.com.uy/bases/leyes/15904-1987,"ITALIA-URUGUAY. COOPERACION TECNICA. CONVENIO. APROBACION.",80187,0,0
1987-11-10,15903,https://parlamento.gub.uy/documentosyleyes/leyes/ley/15903,https://www.impo.com.uy/bases/leyes/15903-1987,"RENDICION CUENTAS 1986. APROBACION.",80186,87,91
1987-11-03,15902,https://parlamento.gub.uy/documentosyleyes/leyes/ley/15902,https://www.impo.com.uy/bases/leyes/15902-1987,"OPERACION CIMARRON IX. BARCOS Y AVIONES ARMADA ARGENTINA. ESCALAS",80185,0,0
1987-10-22,15901,https://parlamento.gub.uy/documentosyleyes/leyes/ley/15901,https://www.impo.com.uy/bases/leyes/15901-1987,"CONCHILLAS (COLONIA). CENTENARIO FUNDACION. FERIADO. DECLARACION.",80184,0,0
1987-10-21,15900,https://parlamento.gub.uy/documentosyleyes/leyes/ley/15900,https://www.impo.com.uy/bases/leyes/15900-1987,"PASIVIDADES. REGIMEN. MODIFICACION.",80183,6,15
1987-10-16,15899,https://parlamento.gub.uy/documentosyleyes/leyes/ley/15899,https://www.impo.com.uy/bases/leyes/15899-1987,"YUGOSLAVIA-URUGUAY.COOPERACION CIENTIFICO-TECNICA. CONVENIO. APROBACION.",80182,0,0
1987-09-18,15898,https://parlamento.gub.uy/documentosyleyes/leyes/ley/15898,https://www.impo.com.uy/bases/leyes/15898-1987,"MERCADERIAS CONTRABANDO (PERECEDERAS). VENTA. REGIMEN.",80181,3,1
1987-09-15,15897,https://parlamento.gub.uy/documentosyleyes/leyes/ley/15897,https://www.impo.com.uy/bases/leyes/15897-1987,"UNIVERSIDAD REPUBLICA. ELECCIONES. VOTO. OBLIGATORIEDAD. MODIFICACIONES.",80180,1,1
1987-09-15,15896,https://parlamento.gub.uy/documentosyleyes/leyes/ley/15896,https://www.impo.com.uy/bases/leyes/15896-1987,"SINIESTROS. PREVENCION Y DEFENSA. REGIMEN.",80179,0,3
1987-09-11,15895,https://parlamento.gub.uy/documentosyleyes/leyes/ley/15895,https://www.impo.com.uy/bases/leyes/15895-1987,"PROGRAMA CIENCIA Y TECNOLOGIA PARA DESARROLLO (CYTED-D). CONVENIO.  APROBACION.",80178,0,0
1987-09-11,15894,https://parlamento.gub.uy/documentosyleyes/leyes/ley/15894,https://www.impo.com.uy/bases/leyes/15894-1987,"VIDA HUMANA MAR. SALVAMENTO. CONVENIO. APROBACION.",80177,0,0
1987-09-11,15893,https://parlamento.gub.uy/documentosyleyes/leyes/ley/15893,https://www.impo.com.uy/bases/leyes/15893-1987,"EL SALVADOR-URUGUAY. COOPERACION TECNICA. CONVENIO. APROBACION.",80176,0,0
1987-09-11,15892,https://parlamento.gub.uy/documentosyleyes/leyes/ley/15892,https://www.impo.com.uy/bases/leyes/15892-1987,"DEPORTE. PROHIBICION RACISMO. CONVENIO. APROBACION.",80175,0,0
1987-09-01,15891,https://parlamento.gub.uy/documentosyleyes/leyes/ley/15891,https://www.impo.com.uy/bases/leyes/15891-1987,"OPERACION UNITAS XXVIII (1987). REALIZACION. AUTORIZACION.",80174,0,0
1987-08-27,15890,https://parlamento.gub.uy/documentosyleyes/leyes/ley/15890,https://www.impo.com.uy/bases/leyes/15890-1987,"COOPERATIVAS. RETENCION AFILIADO. REGIMEN. PLAZO. FIJACION.",80173,1,3
1987-08-27,15889,https://parlamento.gub.uy/documentosyleyes/leyes/ley/15889,https://www.impo.com.uy/bases/leyes/15889-1987,"INSTITUTO INTERAMERICANO COOPERACION AGRICULTURA (IICA)-URUGUAY. PAISES CONO  SUR. CONVENIO. APROBACION.",80172,0,0
1987-08-27,15888,https://parlamento.gub.uy/documentosyleyes/leyes/ley/15888,https://www.impo.com.uy/bases/leyes/15888-1987,"VENEZUELA-URUGUAY. COOPERACION TECNICA. CONVENIO. APROBACION",80171,0,0
1987-08-27,15887,https://parlamento.gub.uy/documentosyleyes/leyes/ley/15887,https://www.impo.com.uy/bases/leyes/15887-1987,"COREA DEL SUR-URUGUAY . CIENCIA, TECNICA Y ECONOMIA. CONVENIO. APROBACION.",80170,0,0
1987-08-27,15886,https://parlamento.gub.uy/documentosyleyes/leyes/ley/15886,https://www.impo.com.uy/bases/leyes/15886-1987,"PUNTA DEL ESTE ""COLECTOR COSTERO OESTE, EMISARIO ESTE Y OBRAS ACCESORIAS"".  CONSTRUCCION. FINANCIACION. IMPUESTO ESPECIAL. CREACION.",80169,4,0
1987-08-26,15885,https://parlamento.gub.uy/documentosyleyes/leyes/ley/15885,https://www.impo.com.uy/bases/leyes/15885-1987,"ARENA, Domingo. ESCUELA TECNICA (MONTEVIDEO). DENOMINACION.",80168,0,0
1987-08-26,15884,https://parlamento.gub.uy/documentosyleyes/leyes/ley/15884,https://www.impo.com.uy/bases/leyes/15884-1987,"BERRETA, Tomas. ESCUELA (MONTEVIDEO). DENOMINACION.",80167,0,0
1987-08-26,15883,https://parlamento.gub.uy/documentosyleyes/leyes/ley/15883,https://www.impo.com.uy/bases/leyes/15883-1987,"INSCRIPCIONES REGISTRO CIVIL (OMITIDAS). INCORPORACION. REGIMEN",80166,0,3
1987-08-26,15882,https://parlamento.gub.uy/documentosyleyes/leyes/ley/15882,https://www.impo.com.uy/bases/leyes/15882-1987,"AUSENTE. DECLARACION JUDICIAL. PLAZOS. REDUCCION.",80165,0,0
1987-08-26,15881,https://parlamento.gub.uy/documentosyleyes/leyes/ley/15881,https://www.impo.com.uy/bases/leyes/15881-1987,"JUZGADO LETRADO PRIMERA INSTANCIA CONTENCIOSO ADMINISTRATIVO. REPARACION  PATRIMONIAL. COMPETENCIA.",80164,3,2
1987-08-12,15880,https://parlamento.gub.uy/documentosyleyes/leyes/ley/15880,https://www.impo.com.uy/bases/leyes/15880-1987,"BULGARIA-URUGUAY. COOPERACION ECONOMICA Y TECNICA. CONVENIO. APROBACION.",80163,0,0
1987-08-12,15879,https://parlamento.gub.uy/documentosyleyes/leyes/ley/15879,https://www.impo.com.uy/bases/leyes/15879-1987,"VENEZUELA-URUGUAY. CULTURA. CONVENIO. APROBACION.",80162,0,0
1987-08-12,15878,https://parlamento.gub.uy/documentosyleyes/leyes/ley/15878,https://www.impo.com.uy/bases/leyes/15878-1987,"OIT-URUGUAY.CONVENIO Nº 159 READAPTACION PROFESIONAL Y TRABAJO DISCAPACITADO.  APROBACION.",80161,0,1
1987-07-20,15877,https://parlamento.gub.uy/documentosyleyes/leyes/ley/15877,https://www.impo.com.uy/bases/leyes/15877-1987,"BORRAS, Ramiro Julio. JARDIN INFANTES ROSARIO (COLONIA). DENOMINACION.",80160,0,0
1987-07-20,15876,https://parlamento.gub.uy/documentosyleyes/leyes/ley/15876,https://www.impo.com.uy/bases/leyes/15876-1987,"ALEMANIA-URUGUAY. COMERCIO. FOMENTO. CONVENIO. APROBACION.",80159,0,0
1987-07-17,15875,https://parlamento.gub.uy/documentosyleyes/leyes/ley/15875,https://www.impo.com.uy/bases/leyes/15875-1987,"URSS-URUGUAY. CULTURA Y CIENCIA. CONVENIO. APROBACION.",80158,0,0
1987-07-10,15874,https://parlamento.gub.uy/documentosyleyes/leyes/ley/15874,https://www.impo.com.uy/bases/leyes/15874-1987,"BARCO ARMADA ROU ""CAPITAN MIRANDA"". SALIDA PAIS. AUTORIZACION.",80157,0,0
1987-06-29,15873,https://parlamento.gub.uy/documentosyleyes/leyes/ley/15873,https://www.impo.com.uy/bases/leyes/15873-1987,"PRODUCTOR RURAL. CERTIFICADO PAGO APORTES BPS. PRESENTACION.",80156,1,0
1987-06-23,15872,https://parlamento.gub.uy/documentosyleyes/leyes/ley/15872,https://www.impo.com.uy/bases/leyes/15872-1987,"ZAVALA MUNIZ, Justino. LICEO MELO (CERRO LARGO). DENOMINACION",80155,0,0
1987-06-22,15871,https://parlamento.gub.uy/documentosyleyes/leyes/ley/15871,https://www.impo.com.uy/bases/leyes/15871-1987,"COMERCIO LATINOAMERICANO ADMINISTRACION Y DESARROLLO (CLAD). CONVENIO.  APROBACION.",80154,0,0
1987-06-22,15870,https://parlamento.gub.uy/documentosyleyes/leyes/ley/15870,https://www.impo.com.uy/bases/leyes/15870-1987,"CRUZ CONMEMORATIVA VISITA PAPA JUAN PABLO II. MANTENIMIENTO. MONUMENTO.",80152,0,0
1987-06-22,15869,https://parlamento.gub.uy/documentosyleyes/leyes/ley/15869,https://www.impo.com.uy/bases/leyes/15869-1987,"RECURSOS ADMINISTRATIVOS. REGULACION.",80151,3,12
1987-06-17,15868,https://parlamento.gub.uy/documentosyleyes/leyes/ley/15868,https://www.impo.com.uy/bases/leyes/15868-1987,"DE HERRERA, Luis Alberto. LICEO (MONTEVIDEO). DENOMINACION",80150,0,0
1987-06-17,15867,https://parlamento.gub.uy/documentosyleyes/leyes/ley/15867,https://www.impo.com.uy/bases/leyes/15867-1987,"GRITO DE ASENCIO. ESCUELA (SORIANO). DENOMINACION.",80149,0,0
1987-06-15,15866,https://parlamento.gub.uy/documentosyleyes/leyes/ley/15866,https://www.impo.com.uy/bases/leyes/15866-1987,"SALTO (DEPARTAMENTO). SESQUICENTENARIO CREACION. FERIADO. DECLARACION.",80148,0,0
1987-06-11,15865,https://parlamento.gub.uy/documentosyleyes/leyes/ley/15865,https://www.impo.com.uy/bases/leyes/15865-1987,"TACUAREMBO (DEPARTAMENTO). SESQUICENTENARIO CREACION. FERIADO. DECLARACION.",80146,0,0
1987-05-25,15864,https://parlamento.gub.uy/documentosyleyes/leyes/ley/15864,https://www.impo.com.uy/bases/leyes/15864-1987,"MINISTERIO INTERIOR E INTENDENCIA COLONIA. INMUEBLE. AFECTACION.",80145,0,0
1987-05-22,15863,https://parlamento.gub.uy/documentosyleyes/leyes/ley/15863,https://www.impo.com.uy/bases/leyes/15863-1987,"SUELDO Y JUBILACION. PERCEPCION. INCOMPATIBILIDAD. REGIMEN.",80144,1,0
1987-05-15,15862,https://parlamento.gub.uy/documentosyleyes/leyes/ley/15862,https://www.impo.com.uy/bases/leyes/15862-1987,"TAILANDIA-URUGUAY. COMERCIO. FOMENTO. CONVENIO. APROBACION.",80143,0,0
1987-05-15,15861,https://parlamento.gub.uy/documentosyleyes/leyes/ley/15861,https://www.impo.com.uy/bases/leyes/15861-1987,"BULGARIA-URUGUAY. CIENCIA, CULTURA Y EDUCACION. CONVENIO. APROBACION.",80142,0,0
1987-04-10,15860,https://parlamento.gub.uy/documentosyleyes/leyes/ley/15860,https://www.impo.com.uy/bases/leyes/15860-1987,"JUZGADOS LETRADOS (INTERIOR) Y FAMILIA (CAPITAL). COMPETENCIAS.",80141,1,0
1987-03-31,15859,https://parlamento.gub.uy/documentosyleyes/leyes/ley/15859,https://www.impo.com.uy/bases/leyes/15859-1987,"PROCESADO SIN PRISION. REQUISITOS.",80140,0,2
1987-03-27,15858,https://parlamento.gub.uy/documentosyleyes/leyes/ley/15858,https://www.impo.com.uy/bases/leyes/15858-1987,"ANCAP. PLANTA LA TEJA. ZONA SEGURIDAD. ACCESO. AUTORIZACION.",80139,1,0
1987-03-25,15857,https://parlamento.gub.uy/documentosyleyes/leyes/ley/15857,https://www.impo.com.uy/bases/leyes/15857-1987,"OIT-URUGUAY. CONVENIO 144. CONSULTA TRIPARTITA. CONVENIO. APROBACION.",80138,0,0
1987-03-25,15856,https://parlamento.gub.uy/documentosyleyes/leyes/ley/15856,https://www.impo.com.uy/bases/leyes/15856-1987,"LAVALLEJA, Juan Antonio. LICEO (RIVERA). DENOMINACION.",80137,0,0
1987-03-25,15855,https://parlamento.gub.uy/documentosyleyes/leyes/ley/15855,https://www.impo.com.uy/bases/leyes/15855-1987,"HIJO NATURAL. SUCESION TESTADA O INTESTADA. EQUIPARACION.",80136,0,1
1987-03-25,15854,https://parlamento.gub.uy/documentosyleyes/leyes/ley/15854,https://www.impo.com.uy/bases/leyes/15854-1987,"PAPA JUAN PABLO II. VISITA URUGUAY. FERIADO NACIONAL. DECLARACION.",80135,1,0
1986-12-24,15853,https://parlamento.gub.uy/documentosyleyes/leyes/ley/15853,https://www.impo.com.uy/bases/leyes/15853-1986,"UNIDADES COOPERATIVAS VIVIENDA (USUARIOS). FUNCIONAMIENTO. REGIMEN.",80134,3,2
1986-12-24,15852,https://parlamento.gub.uy/documentosyleyes/leyes/ley/15852,https://www.impo.com.uy/bases/leyes/15852-1986,"PATRONO Y TRABAJADOR RURAL. APORTES. REGIMEN. MODIFICACION.",80133,6,25
1986-12-24,15851,https://parlamento.gub.uy/documentosyleyes/leyes/ley/15851,https://www.impo.com.uy/bases/leyes/15851-1986,"RENDICION CUENTAS 1985 (SUSTITUTIVO). APROBACION.",80132,56,31
1986-12-22,15850,https://parlamento.gub.uy/documentosyleyes/leyes/ley/15850,https://www.impo.com.uy/bases/leyes/15850-1986,"PASIVIDADES. REGIMEN. MODIFICACION.",80131,1,1
1986-12-22,15849,https://parlamento.gub.uy/documentosyleyes/leyes/ley/15849,https://www.impo.com.uy/bases/leyes/15849-1986,"PORTA, Eliseo Salvador. LICEO TOMAS GOMENSORO (ARTIGAS). DENOMINACION.",80130,0,0
1986-12-22,15848,https://parlamento.gub.uy/documentosyleyes/leyes/ley/15848,https://www.impo.com.uy/bases/leyes/15848-1986,"FUERZAS ARMADAS Y POLICIA. INTEGRANTE. DELITOS. CADUCIDAD.",80129,2,5
1986-12-17,15847,https://parlamento.gub.uy/documentosyleyes/leyes/ley/15847,https://www.impo.com.uy/bases/leyes/15847-1986,"QUIJANO, Carlos. REPATRIACION RESTOS.",80128,0,0
1986-12-15,15846,https://parlamento.gub.uy/documentosyleyes/leyes/ley/15846,https://www.impo.com.uy/bases/leyes/15846-1986,"CALSAL. INMUEBLE. ADQUISICION.",80127,0,0
1986-12-15,15845,https://parlamento.gub.uy/documentosyleyes/leyes/ley/15845,https://www.impo.com.uy/bases/leyes/15845-1986,"INMUEBLES DAMNIFICADOS CRECIENTES RIO URUGUAY. SERVIDUMBRE. REGIMEN.",80126,1,4
1986-12-15,15844,https://parlamento.gub.uy/documentosyleyes/leyes/ley/15844,https://www.impo.com.uy/bases/leyes/15844-1986,"COMISION REFORMA CODIGO PROCESO PENAL. CREACION.",80125,1,1
1986-12-08,15843,https://parlamento.gub.uy/documentosyleyes/leyes/ley/15843,https://www.impo.com.uy/bases/leyes/15843-1986,"LITERATURA. PREMIOS ESCRITORES URUGUAYOS. ADJUDICACION. REGIMEN.",80124,1,1
1986-12-01,15842,https://parlamento.gub.uy/documentosyleyes/leyes/ley/15842,https://www.impo.com.uy/bases/leyes/15842-1986,"TRIPULANTES BARCOS ARMADA. SALIDA PAIS. AUTORIZACION.",80123,0,0
1986-11-28,15841,https://parlamento.gub.uy/documentosyleyes/leyes/ley/15841,https://www.impo.com.uy/bases/leyes/15841-1986,"PENSION VEJEZ E INVALIDEZ. DERECHO. REGIMEN. MODIFICACION.",80122,0,0
1986-11-26,15840,https://parlamento.gub.uy/documentosyleyes/leyes/ley/15840,https://www.impo.com.uy/bases/leyes/15840-1986,"TRABAJADOR INDEPENDIENTE. PASIVIDAD. REGIMEN.",80121,1,0
1986-11-18,15839,https://parlamento.gub.uy/documentosyleyes/leyes/ley/15839,https://www.impo.com.uy/bases/leyes/15839-1986,"BARUCH, Hanna; BELURA, Guilda Y CURT LANGE, Francisco. PENSION GRACIABLE.  OTORGAMIENTO.",80120,2,0
1986-11-14,15838,https://parlamento.gub.uy/documentosyleyes/leyes/ley/15838,https://www.impo.com.uy/bases/leyes/15838-1986,"CARNICERIAS. INSTALACION Y FUNCIONAMIENTO. FISCALIZACION",80119,1,0
1986-10-28,15837,https://parlamento.gub.uy/documentosyleyes/leyes/ley/15837,https://www.impo.com.uy/bases/leyes/15837-1986,"JUICIOS LABORALES. ACCIONES. PRESCRIPCION. MODIFICACION.",80118,2,1
1986-10-24,15836,https://parlamento.gub.uy/documentosyleyes/leyes/ley/15836,https://www.impo.com.uy/bases/leyes/15836-1986,"OPERACION UNITAS XXVII (1986). REALIZACION. AUTORIZACION.",80117,0,0
1986-10-22,15835,https://parlamento.gub.uy/documentosyleyes/leyes/ley/15835,https://www.impo.com.uy/bases/leyes/15835-1986,"INMUEBLES RURALES. ARRENDAMIENTO O APARCERIA. ELECTRICIDAD. SUMINISTRO.  OBLIGATORIEDAD PROPIETARIO.",80116,1,0
1986-10-16,15834,https://parlamento.gub.uy/documentosyleyes/leyes/ley/15834,https://www.impo.com.uy/bases/leyes/15834-1986,"DELITOS ELECTORALES. AMNISTIA.",80115,0,0
1986-10-06,15833,https://parlamento.gub.uy/documentosyleyes/leyes/ley/15833,https://www.impo.com.uy/bases/leyes/15833-1986,"CANAL PANAMA. NEUTRALIDAD PERMANENTE Y FUNCIONAMIENTO. PROTOCOLO. ADHESION",80114,0,0
1986-10-06,15832,https://parlamento.gub.uy/documentosyleyes/leyes/ley/15832,https://www.impo.com.uy/bases/leyes/15832-1986,"YUGOSLAVIA-URUGUAY. COOPERACION VETERINARIA. CONVENIO. APROBACION.",80113,0,0
1986-09-29,15831,https://parlamento.gub.uy/documentosyleyes/leyes/ley/15831,https://www.impo.com.uy/bases/leyes/15831-1986,"ITALIA-URUGUAY. INTERCAMBIO CULTURAL. CONVENIO. APROBACION.",80112,0,0
1986-09-29,15830,https://parlamento.gub.uy/documentosyleyes/leyes/ley/15830,https://www.impo.com.uy/bases/leyes/15830-1986,"COMITE INTERGUBERNAMENTAL MIGRACIONES (CIM)-URUGUAY. PRIVILEGIOS E  INMUNIDADES. CONVENIO. APROBACION",80111,0,0
1986-09-23,15829,https://parlamento.gub.uy/documentosyleyes/leyes/ley/15829,https://www.impo.com.uy/bases/leyes/15829-1986,"SILVA VALDEZ, Fernán. ESCUELA YOUNG (RIO NEGRO). DENOMINACION.",80110,0,0
1986-09-23,15828,https://parlamento.gub.uy/documentosyleyes/leyes/ley/15828,https://www.impo.com.uy/bases/leyes/15828-1986,"FERREIRO, Agustín. CENTRO NACIONAL ACTUALIZACION PERMANENTE. DENOMINACION.",80109,0,0
1986-09-23,15827,https://parlamento.gub.uy/documentosyleyes/leyes/ley/15827,https://www.impo.com.uy/bases/leyes/15827-1986,"FERREIRO, Agustín. ESCUELA RURAL (SORIANO). DENOMINACION.",80108,0,0
1986-09-23,15826,https://parlamento.gub.uy/documentosyleyes/leyes/ley/15826,https://www.impo.com.uy/bases/leyes/15826-1986,"FERREIRO, Agustín. ESCUELA (MONTEVIDEO). DENOMINACION.",80107,0,0
1986-09-23,15825,https://parlamento.gub.uy/documentosyleyes/leyes/ley/15825,https://www.impo.com.uy/bases/leyes/15825-1986,"PARTE POLICIAL ACCIDENTES TRANSITO. COPIA AUTENTICADA.",80106,1,0
1986-09-16,15824,https://parlamento.gub.uy/documentosyleyes/leyes/ley/15824,https://www.impo.com.uy/bases/leyes/15824-1986,"LUISI, Luisa. ESCUELA (PAYSANDU). DENOMINACION.",80105,0,0
1986-09-01,15823,https://parlamento.gub.uy/documentosyleyes/leyes/ley/15823,https://www.impo.com.uy/bases/leyes/15823-1986,"SANEAMIENTO MONTEVIDEO. OBRAS. IMPUESTOS. EXONERACION. APLICACION. REGIMEN.",80104,2,0
1986-08-29,15822,https://parlamento.gub.uy/documentosyleyes/leyes/ley/15822,https://www.impo.com.uy/bases/leyes/15822-1986,"ESCUELA INDUSTRIAL PANTANOSO (MONTEVIDEO). SEDE. AMPLIACION. INMUEBLE.  AFECTACION. MODIFICACION.",80103,1,0
1986-08-14,15821,https://parlamento.gub.uy/documentosyleyes/leyes/ley/15821,https://www.impo.com.uy/bases/leyes/15821-1986,"COMISION ACTUALIZACION CODIGO CIVIL (NACIONAL). CREACION.",80102,1,2
1986-08-06,15820,https://parlamento.gub.uy/documentosyleyes/leyes/ley/15820,https://www.impo.com.uy/bases/leyes/15820-1986,"SOCIEDADES ASISTENCIA MEDICA. IMPUESTOS. EXONERACION.",80101,1,0
1986-07-22,15819,https://parlamento.gub.uy/documentosyleyes/leyes/ley/15819,https://www.impo.com.uy/bases/leyes/15819-1986,"CONSEJO PRESERVACION Y RECONSTRUCCION COLONIA SACRAMENTO. (EJECUTIVO  HONORARIO). CREACION.",80100,1,0
1986-06-30,15818,https://parlamento.gub.uy/documentosyleyes/leyes/ley/15818,https://www.impo.com.uy/bases/leyes/15818-1986,"CANTEGRILES. LANZAMIENTOS. SUSPENSION. PLAZO. PRORROGA.",80099,1,0
1986-06-30,15817,https://parlamento.gub.uy/documentosyleyes/leyes/ley/15817,https://www.impo.com.uy/bases/leyes/15817-1986,"DELLEPIANE, Elisa y RODRIGUEZ, Matilde. PENSION GRACIABLE. OTORGAMIENTO.",80097,0,0
1986-05-26,15816,https://parlamento.gub.uy/documentosyleyes/leyes/ley/15816,https://www.impo.com.uy/bases/leyes/15816-1986,"SERVICIO RETIROS Y PENSIONES MILITARES. INMUEBLE. AFECTACION",80096,1,0
1986-05-21,15815,https://parlamento.gub.uy/documentosyleyes/leyes/ley/15815,https://www.impo.com.uy/bases/leyes/15815-1986,"18 DE MAYO. LICEO EL DORADO (CANELONES). DENOMINACION.",80095,0,0
1986-05-21,15814,https://parlamento.gub.uy/documentosyleyes/leyes/ley/15814,https://www.impo.com.uy/bases/leyes/15814-1986,"DA SILVA XAVIER, Joaquin José (TIRADENTES) ESCUELA (CANELONES). DENOMINACION.",80094,0,0
1986-05-21,15813,https://parlamento.gub.uy/documentosyleyes/leyes/ley/15813,https://www.impo.com.uy/bases/leyes/15813-1986,"FRANK, Ana. ESCUELA (MONTEVIDEO). DENOMINACION.",80093,1,0
1986-04-28,15812,https://parlamento.gub.uy/documentosyleyes/leyes/ley/15812,https://www.impo.com.uy/bases/leyes/15812-1986,"UTE PROYECTO INGENIERIA. PRESTAMO BIRF. CONVENIO. APROBACION.",80092,0,0
1986-04-22,15811,https://parlamento.gub.uy/documentosyleyes/leyes/ley/15811,https://www.impo.com.uy/bases/leyes/15811-1986,"MEXICO-URUGUAY. INTERCAMBIO CULTURAL. CONVENIO. APROBACION.",80091,0,0
1986-04-14,15810,https://parlamento.gub.uy/documentosyleyes/leyes/ley/15810,https://www.impo.com.uy/bases/leyes/15810-1986,"ACEGUA. VILLA. DECLARACION.",80090,0,1
1986-04-08,15809,https://parlamento.gub.uy/documentosyleyes/leyes/ley/15809,https://www.impo.com.uy/bases/leyes/15809-1986,"PRESUPUESTO NACIONAL 1985-1990. APROBACION.",80089,64,56
1986-04-07,15808,https://parlamento.gub.uy/documentosyleyes/leyes/ley/15808,https://www.impo.com.uy/bases/leyes/15808-1986,"FUERZAS ARMADAS. ORGANIZACION. REGIMEN. MODIFICACION.",80088,7,3
1986-03-31,15807,https://parlamento.gub.uy/documentosyleyes/leyes/ley/15807,https://www.impo.com.uy/bases/leyes/15807-1986,"DOCENTES. JUBILACION Y SUELDO PUBLICO. COMPATIBILIDAD.",80087,0,1
1986-03-21,15806,https://parlamento.gub.uy/documentosyleyes/leyes/ley/15806,https://www.impo.com.uy/bases/leyes/15806-1986,"CONTRIBUYENTES MOROSOS APORTES BPS E IMPUESTOS. PAGO. PLAZO. PRORROGA.",80086,1,0
1986-03-21,15805,https://parlamento.gub.uy/documentosyleyes/leyes/ley/15805,https://www.impo.com.uy/bases/leyes/15805-1986,"COMERCIANTE, INDUSTRIAL, PRESTADOR SERVICIOS Y PRODUCTOR RURAL. DEUDAS.  REFINANCIACION. PAZO. PRORROGA.",80085,1,0
1986-01-29,15804,https://parlamento.gub.uy/documentosyleyes/leyes/ley/15804,https://www.impo.com.uy/bases/leyes/15804-1986,"JUZGADOS, FISCALIAS Y DEFENSORIAS MILITARES. NUMERO. REDUCCION",80084,2,0
1986-01-29,15803,https://parlamento.gub.uy/documentosyleyes/leyes/ley/15803,https://www.impo.com.uy/bases/leyes/15803-1986,"DESTITUIDO ADMINISTRACION PUBLICA. REINCORPORACION. PLAZO.",80083,1,0
1986-01-28,15802,https://parlamento.gub.uy/documentosyleyes/leyes/ley/15802,https://www.impo.com.uy/bases/leyes/15802-1986,"PENSIONES GRACIABLES. OTORGAMIENTO (VARIOS)",80082,0,0
1986-01-17,15801,https://parlamento.gub.uy/documentosyleyes/leyes/ley/15801,https://www.impo.com.uy/bases/leyes/15801-1986,"BOLIVAR, Simón. ESCUELA (CANELONES). DENOMINACION.",80081,0,0
1986-01-17,15800,https://parlamento.gub.uy/documentosyleyes/leyes/ley/15800,https://www.impo.com.uy/bases/leyes/15800-1986,"BPS. REINSTITUCIONALIZACION.",80080,2,7
1985-12-30,15799,https://parlamento.gub.uy/documentosyleyes/leyes/ley/15799,https://www.impo.com.uy/bases/leyes/15799-1985,"ALQUILERES. REGIMEN EMERGENCIA. APROBACION.",80079,4,3
1985-12-27,15798,https://parlamento.gub.uy/documentosyleyes/leyes/ley/15798,https://www.impo.com.uy/bases/leyes/15798-1985,"TORTURA Y TRATOS INHUMANOS. PROHIBICION. CONVENIO. APROBACION.",80078,0,0
1985-12-27,15797,https://parlamento.gub.uy/documentosyleyes/leyes/ley/15797,https://www.impo.com.uy/bases/leyes/15797-1985,"TACCONI, Emilio Carlos. PENSION GRACIABLE. OTORGAMIENTO.",80077,0,0
1985-12-27,15796,https://parlamento.gub.uy/documentosyleyes/leyes/ley/15796,https://www.impo.com.uy/bases/leyes/15796-1985,"ACTOR, CANTANTE, ESCRITOR, MUSICO, PINTOR Y POETAS. PENSIONES GRACIABLES.  OTORGAMIENTO.",80076,0,1
1985-12-27,15795,https://parlamento.gub.uy/documentosyleyes/leyes/ley/15795,https://www.impo.com.uy/bases/leyes/15795-1985,"PENSIONES GRACIABLES. REAJUSTE. REGIMEN.",80075,1,0
1985-12-26,15794,https://parlamento.gub.uy/documentosyleyes/leyes/ley/15794,https://www.impo.com.uy/bases/leyes/15794-1985,"COOPERATIVAS AGRARIAS. ESTATUTOS. AJUSTE. PLAZO. PRORROGA.",80074,2,0
1985-12-20,15793,https://parlamento.gub.uy/documentosyleyes/leyes/ley/15793,https://www.impo.com.uy/bases/leyes/15793-1985,"COMISION CUENCA RIO SANTA LUCIA (HONORARIA). CREACION",80073,0,2
1985-12-17,15792,https://parlamento.gub.uy/documentosyleyes/leyes/ley/15792,https://www.impo.com.uy/bases/leyes/15792-1985,"RESIDENCIAS MEDICAS HOSPITALARIAS. REGIMEN. MODIFICACION",80072,1,2
1985-12-13,15791,https://parlamento.gub.uy/documentosyleyes/leyes/ley/15791,https://www.impo.com.uy/bases/leyes/15791-1985,"SOCIEDADES ANONIMAS Y RESPONSABILIDAD LIMITADA. CAPITAL.",80061,3,0
1985-12-09,15790,https://parlamento.gub.uy/documentosyleyes/leyes/ley/15790,https://www.impo.com.uy/bases/leyes/15790-1985,"RIVERA, Fructuoso. ESCUELA MINAS (LAVALLEJA). DENOMINACION.",80060,0,0
1985-12-09,15789,https://parlamento.gub.uy/documentosyleyes/leyes/ley/15789,https://www.impo.com.uy/bases/leyes/15789-1985,"TREINTA Y TRES ORIENTALES. ESCUELA SAN RAMON (CANELONES). DENOMINACION.",80071,0,0
1985-12-09,15788,https://parlamento.gub.uy/documentosyleyes/leyes/ley/15788,https://www.impo.com.uy/bases/leyes/15788-1985,"RINCON (TREINTA Y TRES). PUEBLO. DECLARATORIA.",80070,0,0
1985-12-06,15787,https://parlamento.gub.uy/documentosyleyes/leyes/ley/15787,https://www.impo.com.uy/bases/leyes/15787-1985,"CORPORACION INTERAMERICANA INVERSIONES. CONVENIO. APROBACION.",80069,2,3
1985-12-04,15786,https://parlamento.gub.uy/documentosyleyes/leyes/ley/15786,https://www.impo.com.uy/bases/leyes/15786-1985,"COMERCIANTE, INDUSTRIAL, PRESTADOR SERVICIOS Y PRODUCTOR RURAL DEUDAS.  REFINANCIACION.",80063,3,8
1985-12-04,15785,https://parlamento.gub.uy/documentosyleyes/leyes/ley/15785,https://www.impo.com.uy/bases/leyes/15785-1985,"CORPORACION DESARROLLO (NACIONAL). CREACION.",80058,3,14
1985-11-29,15784,https://parlamento.gub.uy/documentosyleyes/leyes/ley/15784,https://www.impo.com.uy/bases/leyes/15784-1985,"TRIPULANTES BARCOS ARMADA. SALIDA PAIS. AUTORIZACION.",80057,0,0
1985-11-28,15783,https://parlamento.gub.uy/documentosyleyes/leyes/ley/15783,https://www.impo.com.uy/bases/leyes/15783-1985,"DESTITUIDO ADMINISTRACION PUBLICA. REINCORPORACION. REGIMEN.",80428,6,19
1985-11-28,15782,https://parlamento.gub.uy/documentosyleyes/leyes/ley/15782,https://www.impo.com.uy/bases/leyes/15782-1985,"CAJA JOCKEY CLUB. ABSORCION POR CAJA INDUSTRIA Y COMERCIO.",80056,0,1
1985-11-28,15781,https://parlamento.gub.uy/documentosyleyes/leyes/ley/15781,https://www.impo.com.uy/bases/leyes/15781-1985,"CONTRIBUYENTES MOROSOS APORTES BPS E IMPUESTOS. FACILIDADES.",80055,0,5
1985-11-28,15780,https://parlamento.gub.uy/documentosyleyes/leyes/ley/15780,https://www.impo.com.uy/bases/leyes/15780-1985,"FLORES (DPTO). CENTENARIO CREACION. FERIADO. DECLARACION.",80054,0,0
1985-11-28,15779,https://parlamento.gub.uy/documentosyleyes/leyes/ley/15779,https://www.impo.com.uy/bases/leyes/15779-1985,"GRANJERO DAMNIFICADO FENOMENOS CLIMATICOS. INEMBARGABILIDAD.",80053,1,0
1985-11-26,15778,https://parlamento.gub.uy/documentosyleyes/leyes/ley/15778,https://www.impo.com.uy/bases/leyes/15778-1985,"AMORIN, Enrique. ESCUELA (SALTO). DENOMINACION.",80052,0,0
1985-11-18,15777,https://parlamento.gub.uy/documentosyleyes/leyes/ley/15777,https://www.impo.com.uy/bases/leyes/15777-1985,"ILPE. PRIVATIZACION. AUTORIZACION. DEROGACION.",80051,3,1
1985-11-11,15776,https://parlamento.gub.uy/documentosyleyes/leyes/ley/15776,https://www.impo.com.uy/bases/leyes/15776-1985,"PRODUCTOR RURAL. PRENDA. CONTRATOS. VIOLACION. AMNISTIA.",80050,0,1
1985-10-11,15775,https://parlamento.gub.uy/documentosyleyes/leyes/ley/15775,https://www.impo.com.uy/bases/leyes/15775-1985,"EDIL. FUNCIONARIO INTENDENCIA. CARGO. INCOMPATIBILIDAD.",80049,0,0
1985-09-26,15774,https://parlamento.gub.uy/documentosyleyes/leyes/ley/15774,https://www.impo.com.uy/bases/leyes/15774-1985,"UNIVERSIDAD PARA LA PAZ. CREACION. CONVENIO. APROBACION.",80048,0,0
1985-09-23,15773,https://parlamento.gub.uy/documentosyleyes/leyes/ley/15773,https://www.impo.com.uy/bases/leyes/15773-1985,"BONOS TESORO. EMISION. MONTO. AMPLIACION.",80047,2,2
1985-09-23,15772,https://parlamento.gub.uy/documentosyleyes/leyes/ley/15772,https://www.impo.com.uy/bases/leyes/15772-1985,"FRANK, Ana. ESCUELA (MONTEVIDEO). DENOMINACION.",80046,0,1
1985-09-23,15771,https://parlamento.gub.uy/documentosyleyes/leyes/ley/15771,https://www.impo.com.uy/bases/leyes/15771-1985,"COMERCIANTE, INDUSTRIAL Y PRODUCTOR RURAL. DEUDAS. EJECUCION JUDICIAL.  SUSPENSION.",80043,3,0
1985-09-16,15770,https://parlamento.gub.uy/documentosyleyes/leyes/ley/15770,https://www.impo.com.uy/bases/leyes/15770-1985,"JUZGADOS LETRADOS FAMILIA. CAUSAS PENDIENTES. CONCLUSION.",80042,1,0
1985-09-16,15769,https://parlamento.gub.uy/documentosyleyes/leyes/ley/15769,https://www.impo.com.uy/bases/leyes/15769-1985,"REPRESA CONSTITUCION. DENOMINACION.",80041,0,0
1985-09-13,15768,https://parlamento.gub.uy/documentosyleyes/leyes/ley/15768,https://www.impo.com.uy/bases/leyes/15768-1985,"AGROPECUARIA. IMPUESTOS. REGIMEN. MODIFICACION.",80040,4,2
1985-09-13,15767,https://parlamento.gub.uy/documentosyleyes/leyes/ley/15767,https://www.impo.com.uy/bases/leyes/15767-1985,"RENDICION DE CUENTAS 1984. APROBACION.",80039,19,10
1985-09-13,15766,https://parlamento.gub.uy/documentosyleyes/leyes/ley/15766,https://www.impo.com.uy/bases/leyes/15766-1985,"CENTRO FOMENTO LIBRO AMERICA LATINA Y CARIBE (CERLALC). ADHESION. CONVENIO.  APROBACION.",80038,0,0
1985-09-13,15765,https://parlamento.gub.uy/documentosyleyes/leyes/ley/15765,https://www.impo.com.uy/bases/leyes/15765-1985,"CAMPUS VETERINARIO MIGUEL RUBINO. OBRAS. TERMINACION. FUNCIONAMIENTO.",80037,0,0
1985-09-13,15764,https://parlamento.gub.uy/documentosyleyes/leyes/ley/15764,https://www.impo.com.uy/bases/leyes/15764-1985,"DERECHO INTERNACIONAL HUMANITARIO. CONVENIOS. PROTOCOLOS ADICIONALES I Y II.  APROBACION.",80036,0,0
1985-09-13,15763,https://parlamento.gub.uy/documentosyleyes/leyes/ley/15763,https://www.impo.com.uy/bases/leyes/15763-1985,"COMERCIO LATINOAMERICANO AVIACION CIVIL (CLAC). ESTATUTO. ENMIENDAS.  APROBACION.",80035,0,0
1985-09-13,15762,https://parlamento.gub.uy/documentosyleyes/leyes/ley/15762,https://www.impo.com.uy/bases/leyes/15762-1985,"AVIACION CIVIL INTERNACIONAL. CONVENIO. PROTOCOLO. ENMIENDA. APROBACION.",80034,0,0
1985-09-12,15761,https://parlamento.gub.uy/documentosyleyes/leyes/ley/15761,https://www.impo.com.uy/bases/leyes/15761-1985,"UNION POSTAL AMERICA Y ESPAÑA (UPAE). ACTAS. APROBACION.",80033,0,0
1985-09-12,15760,https://parlamento.gub.uy/documentosyleyes/leyes/ley/15760,https://www.impo.com.uy/bases/leyes/15760-1985,"OFICINA EDUCACION IBEROAMERICANA. CREACION.",80032,0,0
1985-07-22,15759,https://parlamento.gub.uy/documentosyleyes/leyes/ley/15759,https://www.impo.com.uy/bases/leyes/15759-1985,"COMERCIANTE, INDUSTRIAL Y PRODUCTOR RURAL. DEUDAS. EJECUCION JUDICIAL.  SUSPENSION.",80031,2,1
1985-07-15,15758,https://parlamento.gub.uy/documentosyleyes/leyes/ley/15758,https://www.impo.com.uy/bases/leyes/15758-1985,"PARTIDOS POLITICOS. ORGANIZACION. REGIMEN. DEROGACION.",80030,0,0
1985-07-15,15757,https://parlamento.gub.uy/documentosyleyes/leyes/ley/15757,https://www.impo.com.uy/bases/leyes/15757-1985,"SERVICIO CIVIL (OFICINA). CREACION.",80029,2,9
1985-07-12,15756,https://parlamento.gub.uy/documentosyleyes/leyes/ley/15756,https://www.impo.com.uy/bases/leyes/15756-1985,"REGISTROS PUBLICOS. FUNCIONAMIENTO. REGIMEN. VIGENCIA. PRORROGA.",80028,1,0
1985-07-11,15755,https://parlamento.gub.uy/documentosyleyes/leyes/ley/15755,https://www.impo.com.uy/bases/leyes/15755-1985,"INMUEBLES MDN E INTENDENCIA TACUAREMBO. PERMUTA.",80027,1,0
1985-07-04,15754,https://parlamento.gub.uy/documentosyleyes/leyes/ley/15754,https://www.impo.com.uy/bases/leyes/15754-1985,"UNIVERSIDAD REPUBLICA. ELECCIONES. REALIZACION. FECHA.FIJACION.",80026,1,0
1985-06-24,15753,https://parlamento.gub.uy/documentosyleyes/leyes/ley/15753,https://www.impo.com.uy/bases/leyes/15753-1985,"GRANJERO DAMNIFICADO FENOMENOS CLIMATICOS. INDEMNIZACION.",80021,2,1
1985-06-24,15752,https://parlamento.gub.uy/documentosyleyes/leyes/ley/15752,https://www.impo.com.uy/bases/leyes/15752-1985,"PLAZOS PROCESALES Y REGISTRALES. SUSPENSION.",80020,0,0
1985-06-24,15751,https://parlamento.gub.uy/documentosyleyes/leyes/ley/15751,https://www.impo.com.uy/bases/leyes/15751-1985,"MINISTERIO DE JUSTICIA. SUPRESION.",80019,0,1
1985-06-24,15750,https://parlamento.gub.uy/documentosyleyes/leyes/ley/15750,https://www.impo.com.uy/bases/leyes/15750-1985,"JUDICATURA Y ORGANIZACION TRIBUNALES. LEY ORGANICA. MODIFICACION.",80018,9,39
1985-06-17,15749,https://parlamento.gub.uy/documentosyleyes/leyes/ley/15749,https://www.impo.com.uy/bases/leyes/15749-1985,"POLICIA. LEY ORGANICA. MODIFICACION.",80017,2,1
1985-06-14,15748,https://parlamento.gub.uy/documentosyleyes/leyes/ley/15748,https://www.impo.com.uy/bases/leyes/15748-1985,"HOGAR CONSTITUIDO. PRIMA. REGIMEN. MODIFICACION.",80016,1,2
1985-06-14,15747,https://parlamento.gub.uy/documentosyleyes/leyes/ley/15747,https://www.impo.com.uy/bases/leyes/15747-1985,"EMBAJADORES O MINISTROS SERVICIO EXTERIOR. LIMITE EDAD. MODIFICACION.",80015,1,2
1985-06-10,15746,https://parlamento.gub.uy/documentosyleyes/leyes/ley/15746,https://www.impo.com.uy/bases/leyes/15746-1985,"UNIVERSIDAD REPUBLICA. ELECCIONES. REGIMEN. MODIFICACION.",80014,1,0
1985-05-29,15745,https://parlamento.gub.uy/documentosyleyes/leyes/ley/15745,https://www.impo.com.uy/bases/leyes/15745-1985,"COMERCIANTE, INDUSTRIAL Y PRODUCTOR RURAL. DEUDAS. EJECUCION JUDICIAL.  SUSPENSION.",80013,2,2
1985-05-20,15744,https://parlamento.gub.uy/documentosyleyes/leyes/ley/15744,https://www.impo.com.uy/bases/leyes/15744-1985,"COOPERATIVAS AGRARIAS. ESTATUTOS. AJUSTE. PLAZO. PRORROGA.",80012,1,1
1985-05-14,15743,https://parlamento.gub.uy/documentosyleyes/leyes/ley/15743,https://www.impo.com.uy/bases/leyes/15743-1985,"PRESOS COMUNES. LIBERTAD ANTICIPADA Y PROVISIONAL. REGIMEN.",80059,0,0
1985-05-06,15742,https://parlamento.gub.uy/documentosyleyes/leyes/ley/15742,https://www.impo.com.uy/bases/leyes/15742-1985,"HEBER, Mario Y LATORRE, Andrés. RUTAS 27 y 28. DENOMINACION.",80007,1,1
1985-04-10,15741,https://parlamento.gub.uy/documentosyleyes/leyes/ley/15741,https://www.impo.com.uy/bases/leyes/15741-1985,"COMERCIANTE, INDUSTRIAL Y PRODUCTOR RURAL. DEUDAS. EJECUCION JUDICIAL.  SUSPENSION.",80006,0,4
1985-04-08,15740,https://parlamento.gub.uy/documentosyleyes/leyes/ley/15740,https://www.impo.com.uy/bases/leyes/15740-1985,"ENTES AUTONOMOS Y SERVICIOS DESCENTRALIZADOS. DIRECTORIO.INTEGRACION",80005,0,0
1985-03-28,15739,https://parlamento.gub.uy/documentosyleyes/leyes/ley/15739,https://www.impo.com.uy/bases/leyes/15739-1985,"ANEP. CREACION.",80004,4,14
1985-03-13,15738,https://parlamento.gub.uy/documentosyleyes/leyes/ley/15738,https://www.impo.com.uy/bases/leyes/15738-1985,"DECRETOS LEYES ,LEYES ESPECIALES Y FUNDAMENTALES.ANULACION, DEROGACION Y  CONVALIDACION.",80003,2,547
1985-03-08,15737,https://parlamento.gub.uy/documentosyleyes/leyes/ley/15737,https://www.impo.com.uy/bases/leyes/15737-1985,"AMNISTIA DELITOS. REGIMEN.",80002,6,9
1985-03-02,15736,https://parlamento.gub.uy/documentosyleyes/leyes/ley/15736,https://www.impo.com.uy/bases/leyes/15736-1985,"UNIVERSIDAD REPUBLICA. AUTORIDADES LEGALES. DECLARACION.",80001,2,2